product_index,product_id,role,image_index,local_path,source_url,width,height,bytes,title
1,DMJHW83BM,main_gallery,1,products/01_DMJHW83BM_Consola-jocuri-tip-stick-Excitat-PRO-4K-2-jucatori-2-controlere-wireless-2.4G-128GB-31.9/main_gallery/01_643780ad.jpg,https://s13emagst.akamaized.net/products/104431/104430094/images/res_4aeddeddb7a669300ead7fa02b3c35ec.jpg,80,80,318926,"Consola jocuri tip stick, Excitat®, PRO 4K, 2 jucatori, 2 controlere wireless 2.4G, 128GB, 31.999 jocuri integrate, HDMI HD, Plug & Play, Compatibil TV/Monitor/Proiector, Alb"
1,DMJHW83BM,main_gallery,2,products/01_DMJHW83BM_Consola-jocuri-tip-stick-Excitat-PRO-4K-2-jucatori-2-controlere-wireless-2.4G-128GB-31.9/main_gallery/02_423805b8.jpg,https://s13emagst.akamaized.net/products/104431/104430094/images/res_0a42a89e586e7bfa580e6a3ef006b749.jpg,80,80,452483,"Consola jocuri tip stick, Excitat®, PRO 4K, 2 jucatori, 2 controlere wireless 2.4G, 128GB, 31.999 jocuri integrate, HDMI HD, Plug & Play, Compatibil TV/Monitor/Proiector, Alb"
1,DMJHW83BM,main_gallery,3,products/01_DMJHW83BM_Consola-jocuri-tip-stick-Excitat-PRO-4K-2-jucatori-2-controlere-wireless-2.4G-128GB-31.9/main_gallery/03_eb60c71f.jpg,https://s13emagst.akamaized.net/products/104431/104430094/images/res_2e0b49b398160ed7ffe65f39db3cf668.jpg,80,80,379646,"Consola jocuri tip stick, Excitat®, PRO 4K, 2 jucatori, 2 controlere wireless 2.4G, 128GB, 31.999 jocuri integrate, HDMI HD, Plug & Play, Compatibil TV/Monitor/Proiector, Alb"
1,DMJHW83BM,main_gallery,4,products/01_DMJHW83BM_Consola-jocuri-tip-stick-Excitat-PRO-4K-2-jucatori-2-controlere-wireless-2.4G-128GB-31.9/main_gallery/04_74b2a55b.jpg,https://s13emagst.akamaized.net/products/104431/104430094/images/res_c8b05e4a1a6f246d09e899bd35421143.jpg,80,80,405326,"Consola jocuri tip stick, Excitat®, PRO 4K, 2 jucatori, 2 controlere wireless 2.4G, 128GB, 31.999 jocuri integrate, HDMI HD, Plug & Play, Compatibil TV/Monitor/Proiector, Alb"
1,DMJHW83BM,main_gallery,5,products/01_DMJHW83BM_Consola-jocuri-tip-stick-Excitat-PRO-4K-2-jucatori-2-controlere-wireless-2.4G-128GB-31.9/main_gallery/05_bf170da4.jpg,https://s13emagst.akamaized.net/products/104431/104430094/images/res_ee0f823712cea371bcae315a8bc0a636.jpg,80,80,267614,"Consola jocuri tip stick, Excitat®, PRO 4K, 2 jucatori, 2 controlere wireless 2.4G, 128GB, 31.999 jocuri integrate, HDMI HD, Plug & Play, Compatibil TV/Monitor/Proiector, Alb"
1,DMJHW83BM,main_gallery,6,products/01_DMJHW83BM_Consola-jocuri-tip-stick-Excitat-PRO-4K-2-jucatori-2-controlere-wireless-2.4G-128GB-31.9/main_gallery/06_286c5b61.jpg,https://s13emagst.akamaized.net/products/104431/104430094/images/res_e558c7a514036199c475e104005513e7.jpg,80,80,382537,"Consola jocuri tip stick, Excitat®, PRO 4K, 2 jucatori, 2 controlere wireless 2.4G, 128GB, 31.999 jocuri integrate, HDMI HD, Plug & Play, Compatibil TV/Monitor/Proiector, Alb"
1,DMJHW83BM,main_gallery,7,products/01_DMJHW83BM_Consola-jocuri-tip-stick-Excitat-PRO-4K-2-jucatori-2-controlere-wireless-2.4G-128GB-31.9/main_gallery/07_cea4abd1.jpg,https://s13emagst.akamaized.net/products/104431/104430094/images/res_fe5c342fd439ecb043522c6e23f4467e.jpg,80,80,281246,"Consola jocuri tip stick, Excitat®, PRO 4K, 2 jucatori, 2 controlere wireless 2.4G, 128GB, 31.999 jocuri integrate, HDMI HD, Plug & Play, Compatibil TV/Monitor/Proiector, Alb"
1,DMJHW83BM,main_gallery,8,products/01_DMJHW83BM_Consola-jocuri-tip-stick-Excitat-PRO-4K-2-jucatori-2-controlere-wireless-2.4G-128GB-31.9/main_gallery/08_d8407b64.jpg,https://s13emagst.akamaized.net/products/104431/104430094/images/res_263bd891c9b6ece742d2aec379bb8075.jpg,80,80,200149,"Consola jocuri tip stick, Excitat®, PRO 4K, 2 jucatori, 2 controlere wireless 2.4G, 128GB, 31.999 jocuri integrate, HDMI HD, Plug & Play, Compatibil TV/Monitor/Proiector, Alb"
1,DMJHW83BM,main_gallery,9,products/01_DMJHW83BM_Consola-jocuri-tip-stick-Excitat-PRO-4K-2-jucatori-2-controlere-wireless-2.4G-128GB-31.9/main_gallery/09_ec4596d4.jpg,https://s13emagst.akamaized.net/products/104431/104430094/images/res_8947001a7dcc8169be9057100353ab34.jpg,80,80,369924,"Consola jocuri tip stick, Excitat®, PRO 4K, 2 jucatori, 2 controlere wireless 2.4G, 128GB, 31.999 jocuri integrate, HDMI HD, Plug & Play, Compatibil TV/Monitor/Proiector, Alb"
1,DMJHW83BM,main_gallery,10,products/01_DMJHW83BM_Consola-jocuri-tip-stick-Excitat-PRO-4K-2-jucatori-2-controlere-wireless-2.4G-128GB-31.9/main_gallery/10_518bc915.jpg,https://s13emagst.akamaized.net/products/104431/104430094/images/res_cce29855cda80adee04a6d6e23c8446b.jpg,80,80,275101,"Consola jocuri tip stick, Excitat®, PRO 4K, 2 jucatori, 2 controlere wireless 2.4G, 128GB, 31.999 jocuri integrate, HDMI HD, Plug & Play, Compatibil TV/Monitor/Proiector, Alb"
1,DMJHW83BM,main_gallery,11,products/01_DMJHW83BM_Consola-jocuri-tip-stick-Excitat-PRO-4K-2-jucatori-2-controlere-wireless-2.4G-128GB-31.9/main_gallery/11_2eb2414a.jpg,https://s13emagst.akamaized.net/products/104431/104430094/images/res_d8468c90f4cf63b1dc0d8af0ceabe23b.jpg,80,80,333563,"Consola jocuri tip stick, Excitat®, PRO 4K, 2 jucatori, 2 controlere wireless 2.4G, 128GB, 31.999 jocuri integrate, HDMI HD, Plug & Play, Compatibil TV/Monitor/Proiector, Alb"
1,DMJHW83BM,main_gallery,12,products/01_DMJHW83BM_Consola-jocuri-tip-stick-Excitat-PRO-4K-2-jucatori-2-controlere-wireless-2.4G-128GB-31.9/main_gallery/12_2731e0fe.jpg,https://s13emagst.akamaized.net/products/112651/112650839/images/res_61d82db37217599ca5fbc286a7ca04ba.jpg,80,80,560052,"Consola jocuri tip stick, Excitat®, PRO 4K, 2 jucatori, 2 controlere wireless 2.4G, 128GB, 31.999 jocuri integrate, HDMI HD, Plug & Play, Compatibil TV/Monitor/Proiector, Alb"
1,DMJHW83BM,main_gallery,13,products/01_DMJHW83BM_Consola-jocuri-tip-stick-Excitat-PRO-4K-2-jucatori-2-controlere-wireless-2.4G-128GB-31.9/main_gallery/13_e36f8be5.jpg,https://s13emagst.akamaized.net/products/112651/112650839/images/res_022484cce069538aa0ea3ba71fe7cd1f.jpg,80,80,332408,"Consola jocuri tip stick, Excitat®, PRO 4K, 2 jucatori, 2 controlere wireless 2.4G, 128GB, 31.999 jocuri integrate, HDMI HD, Plug & Play, Compatibil TV/Monitor/Proiector, Alb"
1,DMJHW83BM,detail_image,1,products/01_DMJHW83BM_Consola-jocuri-tip-stick-Excitat-PRO-4K-2-jucatori-2-controlere-wireless-2.4G-128GB-31.9/detail_images/01_f39d9c8c.gif,https://i.postimg.cc/KYWKBdPq/9-24.gif,1138,592,12846446,"Consola jocuri tip stick, Excitat®, PRO 4K, 2 jucatori, 2 controlere wireless 2.4G, 128GB, 31.999 jocuri integrate, HDMI HD, Plug & Play, Compatibil TV/Monitor/Proiector, Alb"
1,DMJHW83BM,detail_image,2,products/01_DMJHW83BM_Consola-jocuri-tip-stick-Excitat-PRO-4K-2-jucatori-2-controlere-wireless-2.4G-128GB-31.9/detail_images/02_db7b7d63.jpg,https://i.postimg.cc/KmY2CFm8/E.jpg,2730,1300,1963476,"Consola jocuri tip stick, Excitat®, PRO 4K, 2 jucatori, 2 controlere wireless 2.4G, 128GB, 31.999 jocuri integrate, HDMI HD, Plug & Play, Compatibil TV/Monitor/Proiector, Alb"
1,DMJHW83BM,detail_image,3,products/01_DMJHW83BM_Consola-jocuri-tip-stick-Excitat-PRO-4K-2-jucatori-2-controlere-wireless-2.4G-128GB-31.9/detail_images/03_906017b1.jpg,https://i.postimg.cc/y8HRm3xK/bu-chong4.jpg,1280,525,214640,"Consola jocuri tip stick, Excitat®, PRO 4K, 2 jucatori, 2 controlere wireless 2.4G, 128GB, 31.999 jocuri integrate, HDMI HD, Plug & Play, Compatibil TV/Monitor/Proiector, Alb"
1,DMJHW83BM,detail_image,4,products/01_DMJHW83BM_Consola-jocuri-tip-stick-Excitat-PRO-4K-2-jucatori-2-controlere-wireless-2.4G-128GB-31.9/detail_images/04_73c02b45.jpg,https://i.postimg.cc/LmspGRmg/E1.jpg,1536,1920,1484327,"Consola jocuri tip stick, Excitat®, PRO 4K, 2 jucatori, 2 controlere wireless 2.4G, 128GB, 31.999 jocuri integrate, HDMI HD, Plug & Play, Compatibil TV/Monitor/Proiector, Alb"
1,DMJHW83BM,detail_image,5,products/01_DMJHW83BM_Consola-jocuri-tip-stick-Excitat-PRO-4K-2-jucatori-2-controlere-wireless-2.4G-128GB-31.9/detail_images/05_8a788016.jpg,https://i.postimg.cc/1R8DsZbR/bu-chong1.jpg,1280,525,207337,"Consola jocuri tip stick, Excitat®, PRO 4K, 2 jucatori, 2 controlere wireless 2.4G, 128GB, 31.999 jocuri integrate, HDMI HD, Plug & Play, Compatibil TV/Monitor/Proiector, Alb"
1,DMJHW83BM,detail_image,6,products/01_DMJHW83BM_Consola-jocuri-tip-stick-Excitat-PRO-4K-2-jucatori-2-controlere-wireless-2.4G-128GB-31.9/detail_images/06_d6592b7a.jpg,https://i.postimg.cc/6BQXFwBv/E2.jpg,1536,1920,1325891,"Consola jocuri tip stick, Excitat®, PRO 4K, 2 jucatori, 2 controlere wireless 2.4G, 128GB, 31.999 jocuri integrate, HDMI HD, Plug & Play, Compatibil TV/Monitor/Proiector, Alb"
1,DMJHW83BM,detail_image,7,products/01_DMJHW83BM_Consola-jocuri-tip-stick-Excitat-PRO-4K-2-jucatori-2-controlere-wireless-2.4G-128GB-31.9/detail_images/07_7ef023e0.jpg,https://i.postimg.cc/LmspGRmf/E3.jpg,1536,1920,1647117,"Consola jocuri tip stick, Excitat®, PRO 4K, 2 jucatori, 2 controlere wireless 2.4G, 128GB, 31.999 jocuri integrate, HDMI HD, Plug & Play, Compatibil TV/Monitor/Proiector, Alb"
1,DMJHW83BM,detail_image,8,products/01_DMJHW83BM_Consola-jocuri-tip-stick-Excitat-PRO-4K-2-jucatori-2-controlere-wireless-2.4G-128GB-31.9/detail_images/08_3706d311.jpg,https://i.postimg.cc/KZkyvNkG/E4.jpg,1536,1920,1376258,"Consola jocuri tip stick, Excitat®, PRO 4K, 2 jucatori, 2 controlere wireless 2.4G, 128GB, 31.999 jocuri integrate, HDMI HD, Plug & Play, Compatibil TV/Monitor/Proiector, Alb"
1,DMJHW83BM,detail_image,9,products/01_DMJHW83BM_Consola-jocuri-tip-stick-Excitat-PRO-4K-2-jucatori-2-controlere-wireless-2.4G-128GB-31.9/detail_images/09_ad65e00d.jpg,https://i.postimg.cc/2jgh5Kf1/bu-chong2.jpg,1280,525,206571,"Consola jocuri tip stick, Excitat®, PRO 4K, 2 jucatori, 2 controlere wireless 2.4G, 128GB, 31.999 jocuri integrate, HDMI HD, Plug & Play, Compatibil TV/Monitor/Proiector, Alb"
1,DMJHW83BM,detail_image,10,products/01_DMJHW83BM_Consola-jocuri-tip-stick-Excitat-PRO-4K-2-jucatori-2-controlere-wireless-2.4G-128GB-31.9/detail_images/10_b75e6045.jpg,https://i.postimg.cc/RvbBB80j/E5.jpg,1500,1500,703946,"Consola jocuri tip stick, Excitat®, PRO 4K, 2 jucatori, 2 controlere wireless 2.4G, 128GB, 31.999 jocuri integrate, HDMI HD, Plug & Play, Compatibil TV/Monitor/Proiector, Alb"
1,DMJHW83BM,detail_image,11,products/01_DMJHW83BM_Consola-jocuri-tip-stick-Excitat-PRO-4K-2-jucatori-2-controlere-wireless-2.4G-128GB-31.9/detail_images/11_43d10789.jpg,https://i.postimg.cc/HTPggKxC/E6.jpg,1500,1500,474183,"Consola jocuri tip stick, Excitat®, PRO 4K, 2 jucatori, 2 controlere wireless 2.4G, 128GB, 31.999 jocuri integrate, HDMI HD, Plug & Play, Compatibil TV/Monitor/Proiector, Alb"
1,DMJHW83BM,detail_image,12,products/01_DMJHW83BM_Consola-jocuri-tip-stick-Excitat-PRO-4K-2-jucatori-2-controlere-wireless-2.4G-128GB-31.9/detail_images/12_663114ad.jpg,https://i.postimg.cc/TTH66Sw-v/E7.jpg,1500,1500,651261,"Consola jocuri tip stick, Excitat®, PRO 4K, 2 jucatori, 2 controlere wireless 2.4G, 128GB, 31.999 jocuri integrate, HDMI HD, Plug & Play, Compatibil TV/Monitor/Proiector, Alb"
1,DMJHW83BM,detail_image,13,products/01_DMJHW83BM_Consola-jocuri-tip-stick-Excitat-PRO-4K-2-jucatori-2-controlere-wireless-2.4G-128GB-31.9/detail_images/13_cdd7147e.jpg,https://i.postimg.cc/0N94rCwb/10.jpg,800,800,150848,"Consola jocuri tip stick, Excitat®, PRO 4K, 2 jucatori, 2 controlere wireless 2.4G, 128GB, 31.999 jocuri integrate, HDMI HD, Plug & Play, Compatibil TV/Monitor/Proiector, Alb"
1,DMJHW83BM,detail_image,14,products/01_DMJHW83BM_Consola-jocuri-tip-stick-Excitat-PRO-4K-2-jucatori-2-controlere-wireless-2.4G-128GB-31.9/detail_images/14_ac463eeb.jpg,https://i.postimg.cc/Hpq1JyXQ/E9.jpg,3000,3000,879945,"Consola jocuri tip stick, Excitat®, PRO 4K, 2 jucatori, 2 controlere wireless 2.4G, 128GB, 31.999 jocuri integrate, HDMI HD, Plug & Play, Compatibil TV/Monitor/Proiector, Alb"
1,DMJHW83BM,detail_image,15,products/01_DMJHW83BM_Consola-jocuri-tip-stick-Excitat-PRO-4K-2-jucatori-2-controlere-wireless-2.4G-128GB-31.9/detail_images/15_8019da40.jpg,https://i.postimg.cc/RZBt7JFD/bu-chong3.jpg,1280,525,171979,"Consola jocuri tip stick, Excitat®, PRO 4K, 2 jucatori, 2 controlere wireless 2.4G, 128GB, 31.999 jocuri integrate, HDMI HD, Plug & Play, Compatibil TV/Monitor/Proiector, Alb"
1,DMJHW83BM,detail_image,16,products/01_DMJHW83BM_Consola-jocuri-tip-stick-Excitat-PRO-4K-2-jucatori-2-controlere-wireless-2.4G-128GB-31.9/detail_images/16_099bef29.jpg,https://i.postimg.cc/kn0PVbKS/E10.jpg,864,1080,546648,"Consola jocuri tip stick, Excitat®, PRO 4K, 2 jucatori, 2 controlere wireless 2.4G, 128GB, 31.999 jocuri integrate, HDMI HD, Plug & Play, Compatibil TV/Monitor/Proiector, Alb"
2,D5YN6S3BM,main_gallery,1,products/02_D5YN6S3BM_Aparat-de-gatit-cu-aburi-si-blender-pentru-bebelusi-Excitat-multifunctional-Alarma-LED-a/main_gallery/01_890ab6b4.jpg,https://s13emagst.akamaized.net/products/102173/102172593/images/res_dac3e93b6512e77e74f608476ad2b40b.jpg,80,80,330860,"Aparat de gatit cu aburi si blender pentru bebelusi, Excitat®, multifunctional, Alarma LED anti-fierbere uscata, Usor de folosit si de curatat, Incalzire si sterilizare biberonelor, operare flexibila, Mixare puternica, 220V, 31x13x20.3 cm, Alb"
2,D5YN6S3BM,main_gallery,2,products/02_D5YN6S3BM_Aparat-de-gatit-cu-aburi-si-blender-pentru-bebelusi-Excitat-multifunctional-Alarma-LED-a/main_gallery/02_09aa1391.jpg,https://s13emagst.akamaized.net/products/102173/102172593/images/res_7e569ef94474a34e049bd3cf7634fb9a.jpg,80,80,290138,"Aparat de gatit cu aburi si blender pentru bebelusi, Excitat®, multifunctional, Alarma LED anti-fierbere uscata, Usor de folosit si de curatat, Incalzire si sterilizare biberonelor, operare flexibila, Mixare puternica, 220V, 31x13x20.3 cm, Alb"
2,D5YN6S3BM,main_gallery,3,products/02_D5YN6S3BM_Aparat-de-gatit-cu-aburi-si-blender-pentru-bebelusi-Excitat-multifunctional-Alarma-LED-a/main_gallery/03_2a4b1da1.jpg,https://s13emagst.akamaized.net/products/102173/102172593/images/res_6f3bb9811b7f306a94e7cef8ebb53f2a.jpg,80,80,252530,"Aparat de gatit cu aburi si blender pentru bebelusi, Excitat®, multifunctional, Alarma LED anti-fierbere uscata, Usor de folosit si de curatat, Incalzire si sterilizare biberonelor, operare flexibila, Mixare puternica, 220V, 31x13x20.3 cm, Alb"
2,D5YN6S3BM,main_gallery,4,products/02_D5YN6S3BM_Aparat-de-gatit-cu-aburi-si-blender-pentru-bebelusi-Excitat-multifunctional-Alarma-LED-a/main_gallery/04_3514595b.jpg,https://s13emagst.akamaized.net/products/102173/102172593/images/res_2f7984e8fa4cf146abb238a232387303.jpg,80,80,366926,"Aparat de gatit cu aburi si blender pentru bebelusi, Excitat®, multifunctional, Alarma LED anti-fierbere uscata, Usor de folosit si de curatat, Incalzire si sterilizare biberonelor, operare flexibila, Mixare puternica, 220V, 31x13x20.3 cm, Alb"
2,D5YN6S3BM,main_gallery,5,products/02_D5YN6S3BM_Aparat-de-gatit-cu-aburi-si-blender-pentru-bebelusi-Excitat-multifunctional-Alarma-LED-a/main_gallery/05_452a7120.jpg,https://s13emagst.akamaized.net/products/102173/102172593/images/res_670a12d8fd1b6d6549fa7ef6145b9b0a.jpg,80,80,333689,"Aparat de gatit cu aburi si blender pentru bebelusi, Excitat®, multifunctional, Alarma LED anti-fierbere uscata, Usor de folosit si de curatat, Incalzire si sterilizare biberonelor, operare flexibila, Mixare puternica, 220V, 31x13x20.3 cm, Alb"
2,D5YN6S3BM,main_gallery,6,products/02_D5YN6S3BM_Aparat-de-gatit-cu-aburi-si-blender-pentru-bebelusi-Excitat-multifunctional-Alarma-LED-a/main_gallery/06_bd3a9f20.jpg,https://s13emagst.akamaized.net/products/102173/102172593/images/res_5a3175f4ba864ef06cfaf821fee22d0c.jpg,80,80,233946,"Aparat de gatit cu aburi si blender pentru bebelusi, Excitat®, multifunctional, Alarma LED anti-fierbere uscata, Usor de folosit si de curatat, Incalzire si sterilizare biberonelor, operare flexibila, Mixare puternica, 220V, 31x13x20.3 cm, Alb"
2,D5YN6S3BM,main_gallery,7,products/02_D5YN6S3BM_Aparat-de-gatit-cu-aburi-si-blender-pentru-bebelusi-Excitat-multifunctional-Alarma-LED-a/main_gallery/07_7956e485.jpg,https://s13emagst.akamaized.net/products/102173/102172593/images/res_f9720bea0cfdd9540a0185b4c3bfd925.jpg,80,80,288710,"Aparat de gatit cu aburi si blender pentru bebelusi, Excitat®, multifunctional, Alarma LED anti-fierbere uscata, Usor de folosit si de curatat, Incalzire si sterilizare biberonelor, operare flexibila, Mixare puternica, 220V, 31x13x20.3 cm, Alb"
2,D5YN6S3BM,main_gallery,8,products/02_D5YN6S3BM_Aparat-de-gatit-cu-aburi-si-blender-pentru-bebelusi-Excitat-multifunctional-Alarma-LED-a/main_gallery/08_c200eea3.jpg,https://s13emagst.akamaized.net/products/102173/102172593/images/res_4b99b383051f5d851d12d8d116582ea0.jpg,80,80,282610,"Aparat de gatit cu aburi si blender pentru bebelusi, Excitat®, multifunctional, Alarma LED anti-fierbere uscata, Usor de folosit si de curatat, Incalzire si sterilizare biberonelor, operare flexibila, Mixare puternica, 220V, 31x13x20.3 cm, Alb"
2,D5YN6S3BM,main_gallery,9,products/02_D5YN6S3BM_Aparat-de-gatit-cu-aburi-si-blender-pentru-bebelusi-Excitat-multifunctional-Alarma-LED-a/main_gallery/09_ba6b78f1.jpg,https://s13emagst.akamaized.net/products/102173/102172593/images/res_670326b73ee84875b3746bab1c9d623d.jpg,80,80,311359,"Aparat de gatit cu aburi si blender pentru bebelusi, Excitat®, multifunctional, Alarma LED anti-fierbere uscata, Usor de folosit si de curatat, Incalzire si sterilizare biberonelor, operare flexibila, Mixare puternica, 220V, 31x13x20.3 cm, Alb"
2,D5YN6S3BM,main_gallery,10,products/02_D5YN6S3BM_Aparat-de-gatit-cu-aburi-si-blender-pentru-bebelusi-Excitat-multifunctional-Alarma-LED-a/main_gallery/10_6642334c.jpg,https://s13emagst.akamaized.net/products/102173/102172593/images/res_f1abf394fef7416550ec2f77b1879fbe.jpg,80,80,253021,"Aparat de gatit cu aburi si blender pentru bebelusi, Excitat®, multifunctional, Alarma LED anti-fierbere uscata, Usor de folosit si de curatat, Incalzire si sterilizare biberonelor, operare flexibila, Mixare puternica, 220V, 31x13x20.3 cm, Alb"
2,D5YN6S3BM,detail_image,1,products/02_D5YN6S3BM_Aparat-de-gatit-cu-aburi-si-blender-pentru-bebelusi-Excitat-multifunctional-Alarma-LED-a/detail_images/01_1fc8d047.gif,https://i.postimg.cc/7PMq692F/9-26-1.gif,1280,640,6094346,"Aparat de gatit cu aburi si blender pentru bebelusi, Excitat®, multifunctional, Alarma LED anti-fierbere uscata, Usor de folosit si de curatat, Incalzire si sterilizare biberonelor, operare flexibila, Mixare puternica, 220V, 31x13x20.3 cm, Alb"
2,D5YN6S3BM,detail_image,2,products/02_D5YN6S3BM_Aparat-de-gatit-cu-aburi-si-blender-pentru-bebelusi-Excitat-multifunctional-Alarma-LED-a/detail_images/02_c8df2007.jpg,https://i.postimg.cc/brGHtpLD/detail-84dfd3d8-9ad3-11f0-aad8-23a3b6d8f861.jpg,800,800,176043,"Aparat de gatit cu aburi si blender pentru bebelusi, Excitat®, multifunctional, Alarma LED anti-fierbere uscata, Usor de folosit si de curatat, Incalzire si sterilizare biberonelor, operare flexibila, Mixare puternica, 220V, 31x13x20.3 cm, Alb"
2,D5YN6S3BM,detail_image,3,products/02_D5YN6S3BM_Aparat-de-gatit-cu-aburi-si-blender-pentru-bebelusi-Excitat-multifunctional-Alarma-LED-a/detail_images/03_fb669aee.jpg,https://i.postimg.cc/Bn55Dh5y/detail-84dfd3dc-9ad3-11f0-aad8-23a3b6d8f861.jpg,0,0,107205,"Aparat de gatit cu aburi si blender pentru bebelusi, Excitat®, multifunctional, Alarma LED anti-fierbere uscata, Usor de folosit si de curatat, Incalzire si sterilizare biberonelor, operare flexibila, Mixare puternica, 220V, 31x13x20.3 cm, Alb"
2,D5YN6S3BM,detail_image,4,products/02_D5YN6S3BM_Aparat-de-gatit-cu-aburi-si-blender-pentru-bebelusi-Excitat-multifunctional-Alarma-LED-a/detail_images/04_53ede266.jpg,https://i.postimg.cc/RC8TzJVk/detail-84dfd3da-9ad3-11f0-aad8-23a3b6d8f861.jpg,372,800,82599,"Aparat de gatit cu aburi si blender pentru bebelusi, Excitat®, multifunctional, Alarma LED anti-fierbere uscata, Usor de folosit si de curatat, Incalzire si sterilizare biberonelor, operare flexibila, Mixare puternica, 220V, 31x13x20.3 cm, Alb"
2,D5YN6S3BM,detail_image,5,products/02_D5YN6S3BM_Aparat-de-gatit-cu-aburi-si-blender-pentru-bebelusi-Excitat-multifunctional-Alarma-LED-a/detail_images/05_50beb1cb.jpg,https://i.postimg.cc/02TZ7MTs/detail-84dfd3d2-9ad3-11f0-aad8-23a3b6d8f861.jpg,970,600,280388,"Aparat de gatit cu aburi si blender pentru bebelusi, Excitat®, multifunctional, Alarma LED anti-fierbere uscata, Usor de folosit si de curatat, Incalzire si sterilizare biberonelor, operare flexibila, Mixare puternica, 220V, 31x13x20.3 cm, Alb"
2,D5YN6S3BM,detail_image,6,products/02_D5YN6S3BM_Aparat-de-gatit-cu-aburi-si-blender-pentru-bebelusi-Excitat-multifunctional-Alarma-LED-a/detail_images/06_74ba5cbc.jpg,https://i.postimg.cc/K8hr1XTT/detail-84dfd3db-9ad3-11f0-aad8-23a3b6d8f861.jpg,800,800,184770,"Aparat de gatit cu aburi si blender pentru bebelusi, Excitat®, multifunctional, Alarma LED anti-fierbere uscata, Usor de folosit si de curatat, Incalzire si sterilizare biberonelor, operare flexibila, Mixare puternica, 220V, 31x13x20.3 cm, Alb"
2,D5YN6S3BM,detail_image,7,products/02_D5YN6S3BM_Aparat-de-gatit-cu-aburi-si-blender-pentru-bebelusi-Excitat-multifunctional-Alarma-LED-a/detail_images/07_e7a1e36c.jpg,https://i.postimg.cc/Kjd77wsw/detail-84dfd3d9-9ad3-11f0-aad8-23a3b6d8f861.jpg,0,0,81715,"Aparat de gatit cu aburi si blender pentru bebelusi, Excitat®, multifunctional, Alarma LED anti-fierbere uscata, Usor de folosit si de curatat, Incalzire si sterilizare biberonelor, operare flexibila, Mixare puternica, 220V, 31x13x20.3 cm, Alb"
2,D5YN6S3BM,detail_image,8,products/02_D5YN6S3BM_Aparat-de-gatit-cu-aburi-si-blender-pentru-bebelusi-Excitat-multifunctional-Alarma-LED-a/detail_images/08_956be4f3.jpg,https://i.postimg.cc/tCZ21tmS/detail-84dfd3d1-9ad3-11f0-aad8-23a3b6d8f861.jpg,970,600,235926,"Aparat de gatit cu aburi si blender pentru bebelusi, Excitat®, multifunctional, Alarma LED anti-fierbere uscata, Usor de folosit si de curatat, Incalzire si sterilizare biberonelor, operare flexibila, Mixare puternica, 220V, 31x13x20.3 cm, Alb"
2,D5YN6S3BM,detail_image,9,products/02_D5YN6S3BM_Aparat-de-gatit-cu-aburi-si-blender-pentru-bebelusi-Excitat-multifunctional-Alarma-LED-a/detail_images/09_7a61d121.jpg,https://i.postimg.cc/Tw3cTrDZ/detail-84dfd3d6-9ad3-11f0-aad8-23a3b6d8f861.jpg,439,800,74576,"Aparat de gatit cu aburi si blender pentru bebelusi, Excitat®, multifunctional, Alarma LED anti-fierbere uscata, Usor de folosit si de curatat, Incalzire si sterilizare biberonelor, operare flexibila, Mixare puternica, 220V, 31x13x20.3 cm, Alb"
2,D5YN6S3BM,detail_image,10,products/02_D5YN6S3BM_Aparat-de-gatit-cu-aburi-si-blender-pentru-bebelusi-Excitat-multifunctional-Alarma-LED-a/detail_images/10_fc04e8a1.jpg,https://i.postimg.cc/mrwwxdtF/detail-84dfd3d5-9ad3-11f0-aad8-23a3b6d8f861.jpg,430,800,72901,"Aparat de gatit cu aburi si blender pentru bebelusi, Excitat®, multifunctional, Alarma LED anti-fierbere uscata, Usor de folosit si de curatat, Incalzire si sterilizare biberonelor, operare flexibila, Mixare puternica, 220V, 31x13x20.3 cm, Alb"
2,D5YN6S3BM,detail_image,11,products/02_D5YN6S3BM_Aparat-de-gatit-cu-aburi-si-blender-pentru-bebelusi-Excitat-multifunctional-Alarma-LED-a/detail_images/11_ea854d61.jpg,https://i.postimg.cc/vZ5hh8y3/detail-84dfd3d3-9ad3-11f0-aad8-23a3b6d8f861.jpg,800,800,169078,"Aparat de gatit cu aburi si blender pentru bebelusi, Excitat®, multifunctional, Alarma LED anti-fierbere uscata, Usor de folosit si de curatat, Incalzire si sterilizare biberonelor, operare flexibila, Mixare puternica, 220V, 31x13x20.3 cm, Alb"
2,D5YN6S3BM,detail_image,12,products/02_D5YN6S3BM_Aparat-de-gatit-cu-aburi-si-blender-pentru-bebelusi-Excitat-multifunctional-Alarma-LED-a/detail_images/12_466eaf00.jpg,https://i.postimg.cc/PxVQJPbX/detail-84dfd3d7-9ad3-11f0-aad8-23a3b6d8f861.jpg,800,800,148993,"Aparat de gatit cu aburi si blender pentru bebelusi, Excitat®, multifunctional, Alarma LED anti-fierbere uscata, Usor de folosit si de curatat, Incalzire si sterilizare biberonelor, operare flexibila, Mixare puternica, 220V, 31x13x20.3 cm, Alb"
2,D5YN6S3BM,detail_image,13,products/02_D5YN6S3BM_Aparat-de-gatit-cu-aburi-si-blender-pentru-bebelusi-Excitat-multifunctional-Alarma-LED-a/detail_images/13_d0f82a54.jpg,https://i.postimg.cc/SKDW1Jv1/detail-85afa4b7-9ad3-11f0-aad8-23a3b6d8f861.jpg,450,800,77159,"Aparat de gatit cu aburi si blender pentru bebelusi, Excitat®, multifunctional, Alarma LED anti-fierbere uscata, Usor de folosit si de curatat, Incalzire si sterilizare biberonelor, operare flexibila, Mixare puternica, 220V, 31x13x20.3 cm, Alb"
2,D5YN6S3BM,detail_image,14,products/02_D5YN6S3BM_Aparat-de-gatit-cu-aburi-si-blender-pentru-bebelusi-Excitat-multifunctional-Alarma-LED-a/detail_images/14_3204fe75.jpg,https://i.postimg.cc/fbwcvxBb/detail-85afa4b6-9ad3-11f0-aad8-23a3b6d8f861.jpg,571,800,86504,"Aparat de gatit cu aburi si blender pentru bebelusi, Excitat®, multifunctional, Alarma LED anti-fierbere uscata, Usor de folosit si de curatat, Incalzire si sterilizare biberonelor, operare flexibila, Mixare puternica, 220V, 31x13x20.3 cm, Alb"
2,D5YN6S3BM,detail_image,15,products/02_D5YN6S3BM_Aparat-de-gatit-cu-aburi-si-blender-pentru-bebelusi-Excitat-multifunctional-Alarma-LED-a/detail_images/15_3c146927.jpg,https://i.postimg.cc/tgy5M0CX/detail-84dfd3d4-9ad3-11f0-aad8-23a3b6d8f861.jpg,427,800,70621,"Aparat de gatit cu aburi si blender pentru bebelusi, Excitat®, multifunctional, Alarma LED anti-fierbere uscata, Usor de folosit si de curatat, Incalzire si sterilizare biberonelor, operare flexibila, Mixare puternica, 220V, 31x13x20.3 cm, Alb"
2,D5YN6S3BM,detail_image,16,products/02_D5YN6S3BM_Aparat-de-gatit-cu-aburi-si-blender-pentru-bebelusi-Excitat-multifunctional-Alarma-LED-a/detail_images/16_830a4ae2.jpg,https://i.postimg.cc/fWg8Tg5X/detail-84dfd3d0-9ad3-11f0-aad8-23a3b6d8f861.jpg,0,0,237421,"Aparat de gatit cu aburi si blender pentru bebelusi, Excitat®, multifunctional, Alarma LED anti-fierbere uscata, Usor de folosit si de curatat, Incalzire si sterilizare biberonelor, operare flexibila, Mixare puternica, 220V, 31x13x20.3 cm, Alb"
3,DV2XYC3BM,main_gallery,1,products/03_DV2XYC3BM_Set-Complet-Incepatori-Arduino-MEGA2560-Excitat-peste-180-componente-senzori-si-motor-se/main_gallery/01_96529049.jpg,https://s13emagst.akamaized.net/products/104431/104430090/images/res_e8586cc62f5a37300ca610281e9976bd.jpg,80,80,688399,"Set Complet Incepatori Arduino MEGA2560, Excitat®, peste 180 componente, senzori si motor servo"
3,DV2XYC3BM,main_gallery,2,products/03_DV2XYC3BM_Set-Complet-Incepatori-Arduino-MEGA2560-Excitat-peste-180-componente-senzori-si-motor-se/main_gallery/02_a53a2b81.jpg,https://s13emagst.akamaized.net/products/104431/104430090/images/res_1e857efce3b2acccfb799c984fbcb48c.jpg,80,80,684649,"Set Complet Incepatori Arduino MEGA2560, Excitat®, peste 180 componente, senzori si motor servo"
3,DV2XYC3BM,main_gallery,3,products/03_DV2XYC3BM_Set-Complet-Incepatori-Arduino-MEGA2560-Excitat-peste-180-componente-senzori-si-motor-se/main_gallery/03_247dd55c.jpg,https://s13emagst.akamaized.net/products/104431/104430090/images/res_8f044aa66f4c67d8f5e7eccfcfa41042.jpg,80,80,304866,"Set Complet Incepatori Arduino MEGA2560, Excitat®, peste 180 componente, senzori si motor servo"
3,DV2XYC3BM,main_gallery,4,products/03_DV2XYC3BM_Set-Complet-Incepatori-Arduino-MEGA2560-Excitat-peste-180-componente-senzori-si-motor-se/main_gallery/04_289afd54.jpg,https://s13emagst.akamaized.net/products/104431/104430090/images/res_aaa1d18f37c21ab339fe516e2dfab765.jpg,80,80,689079,"Set Complet Incepatori Arduino MEGA2560, Excitat®, peste 180 componente, senzori si motor servo"
3,DV2XYC3BM,main_gallery,5,products/03_DV2XYC3BM_Set-Complet-Incepatori-Arduino-MEGA2560-Excitat-peste-180-componente-senzori-si-motor-se/main_gallery/05_8f43ffc4.jpg,https://s13emagst.akamaized.net/products/104431/104430090/images/res_3ca97a1aa5803a4e1fe778ea62ef96b5.jpg,80,80,269011,"Set Complet Incepatori Arduino MEGA2560, Excitat®, peste 180 componente, senzori si motor servo"
3,DV2XYC3BM,main_gallery,6,products/03_DV2XYC3BM_Set-Complet-Incepatori-Arduino-MEGA2560-Excitat-peste-180-componente-senzori-si-motor-se/main_gallery/06_73308181.jpg,https://s13emagst.akamaized.net/products/104431/104430090/images/res_bf8727973e708aaa3081d1904d167938.jpg,80,80,147542,"Set Complet Incepatori Arduino MEGA2560, Excitat®, peste 180 componente, senzori si motor servo"
3,DV2XYC3BM,main_gallery,7,products/03_DV2XYC3BM_Set-Complet-Incepatori-Arduino-MEGA2560-Excitat-peste-180-componente-senzori-si-motor-se/main_gallery/07_696d9e4e.jpg,https://s13emagst.akamaized.net/products/104431/104430090/images/res_f31c170fa015fc98dc880f507a8f00b0.jpg,80,80,183602,"Set Complet Incepatori Arduino MEGA2560, Excitat®, peste 180 componente, senzori si motor servo"
3,DV2XYC3BM,main_gallery,8,products/03_DV2XYC3BM_Set-Complet-Incepatori-Arduino-MEGA2560-Excitat-peste-180-componente-senzori-si-motor-se/main_gallery/08_6732273b.jpg,https://s13emagst.akamaized.net/products/104431/104430090/images/res_b1a32a273d4f1c142468886280ff7b49.jpg,80,80,102925,"Set Complet Incepatori Arduino MEGA2560, Excitat®, peste 180 componente, senzori si motor servo"
3,DV2XYC3BM,main_gallery,9,products/03_DV2XYC3BM_Set-Complet-Incepatori-Arduino-MEGA2560-Excitat-peste-180-componente-senzori-si-motor-se/main_gallery/09_e373d83c.jpg,https://s13emagst.akamaized.net/products/104431/104430090/images/res_ce07d40a7ff6c5acc818ff753058cfe3.jpg,80,80,131633,"Set Complet Incepatori Arduino MEGA2560, Excitat®, peste 180 componente, senzori si motor servo"
3,DV2XYC3BM,main_gallery,10,products/03_DV2XYC3BM_Set-Complet-Incepatori-Arduino-MEGA2560-Excitat-peste-180-componente-senzori-si-motor-se/main_gallery/10_f290c60d.jpg,https://s13emagst.akamaized.net/products/104431/104430090/images/res_ad678cdc53271578aa814563afe26c4f.jpg,80,80,148769,"Set Complet Incepatori Arduino MEGA2560, Excitat®, peste 180 componente, senzori si motor servo"
3,DV2XYC3BM,main_gallery,11,products/03_DV2XYC3BM_Set-Complet-Incepatori-Arduino-MEGA2560-Excitat-peste-180-componente-senzori-si-motor-se/main_gallery/11_e6f51359.jpg,https://s13emagst.akamaized.net/products/104431/104430090/images/res_301e64e89eadc9f87d531e5efd18b019.jpg,80,80,124118,"Set Complet Incepatori Arduino MEGA2560, Excitat®, peste 180 componente, senzori si motor servo"
3,DV2XYC3BM,detail_image,1,products/03_DV2XYC3BM_Set-Complet-Incepatori-Arduino-MEGA2560-Excitat-peste-180-componente-senzori-si-motor-se/detail_images/01_622d4b4c.jpg,https://i.postimg.cc/J0HM5C77/E-dao-tu.jpg,1279,733,271349,"Set Complet Incepatori Arduino MEGA2560, Excitat®, peste 180 componente, senzori si motor servo"
3,DV2XYC3BM,detail_image,2,products/03_DV2XYC3BM_Set-Complet-Incepatori-Arduino-MEGA2560-Excitat-peste-180-componente-senzori-si-motor-se/detail_images/02_7c409832.jpg,https://i.postimg.cc/ZR75LLrH/5.jpg,800,800,438871,"Set Complet Incepatori Arduino MEGA2560, Excitat®, peste 180 componente, senzori si motor servo"
3,DV2XYC3BM,detail_image,3,products/03_DV2XYC3BM_Set-Complet-Incepatori-Arduino-MEGA2560-Excitat-peste-180-componente-senzori-si-motor-se/detail_images/03_4d195459.jpg,https://i.postimg.cc/Qt4dqqpP/zhu-tu.jpg,800,800,278322,"Set Complet Incepatori Arduino MEGA2560, Excitat®, peste 180 componente, senzori si motor servo"
3,DV2XYC3BM,detail_image,4,products/03_DV2XYC3BM_Set-Complet-Incepatori-Arduino-MEGA2560-Excitat-peste-180-componente-senzori-si-motor-se/detail_images/04_b4db2115.jpg,https://i.postimg.cc/SsTxGGWV/3.jpg,800,800,582514,"Set Complet Incepatori Arduino MEGA2560, Excitat®, peste 180 componente, senzori si motor servo"
4,DWLFYC3BM,main_gallery,1,products/04_DWLFYC3BM_Masina-Dezizolat-Cabluri-Decojit-Excitat-Portabil-Aliaj-de-Aluminiu-Electrica-sau-Manual/main_gallery/01_550c58d7.jpg,https://s13emagst.akamaized.net/products/104433/104432551/images/res_15f001c123e7b3412db803a0a59b2cda.jpg,80,80,238465,"Masina Dezizolat Cabluri Decojit, Excitat®, Portabil, Aliaj de Aluminiu, Electrica sau Manuala, 1-25 mm, Poate fi Operat cu Un Burghiu, Reglabil pe Inaltime, 12x4x22.2 cm, Argintiu"
4,DWLFYC3BM,main_gallery,2,products/04_DWLFYC3BM_Masina-Dezizolat-Cabluri-Decojit-Excitat-Portabil-Aliaj-de-Aluminiu-Electrica-sau-Manual/main_gallery/02_59d1857b.jpg,https://s13emagst.akamaized.net/products/104433/104432551/images/res_c10b6c11d518a05e9719f69300ba72ee.jpg,80,80,131688,"Masina Dezizolat Cabluri Decojit, Excitat®, Portabil, Aliaj de Aluminiu, Electrica sau Manuala, 1-25 mm, Poate fi Operat cu Un Burghiu, Reglabil pe Inaltime, 12x4x22.2 cm, Argintiu"
4,DWLFYC3BM,main_gallery,3,products/04_DWLFYC3BM_Masina-Dezizolat-Cabluri-Decojit-Excitat-Portabil-Aliaj-de-Aluminiu-Electrica-sau-Manual/main_gallery/03_084c2c11.jpg,https://s13emagst.akamaized.net/products/104433/104432551/images/res_1133accb95f760cfc0b9f5a81002380f.jpg,80,80,104791,"Masina Dezizolat Cabluri Decojit, Excitat®, Portabil, Aliaj de Aluminiu, Electrica sau Manuala, 1-25 mm, Poate fi Operat cu Un Burghiu, Reglabil pe Inaltime, 12x4x22.2 cm, Argintiu"
4,DWLFYC3BM,main_gallery,4,products/04_DWLFYC3BM_Masina-Dezizolat-Cabluri-Decojit-Excitat-Portabil-Aliaj-de-Aluminiu-Electrica-sau-Manual/main_gallery/04_2630a7d3.jpg,https://s13emagst.akamaized.net/products/104433/104432551/images/res_0c976691fd3e9053a8cab8a76dc8b7b5.jpg,80,80,114044,"Masina Dezizolat Cabluri Decojit, Excitat®, Portabil, Aliaj de Aluminiu, Electrica sau Manuala, 1-25 mm, Poate fi Operat cu Un Burghiu, Reglabil pe Inaltime, 12x4x22.2 cm, Argintiu"
4,DWLFYC3BM,main_gallery,5,products/04_DWLFYC3BM_Masina-Dezizolat-Cabluri-Decojit-Excitat-Portabil-Aliaj-de-Aluminiu-Electrica-sau-Manual/main_gallery/05_13a152c2.jpg,https://s13emagst.akamaized.net/products/104433/104432551/images/res_327eda291dba55317ed130351fc29863.jpg,80,80,117842,"Masina Dezizolat Cabluri Decojit, Excitat®, Portabil, Aliaj de Aluminiu, Electrica sau Manuala, 1-25 mm, Poate fi Operat cu Un Burghiu, Reglabil pe Inaltime, 12x4x22.2 cm, Argintiu"
4,DWLFYC3BM,main_gallery,6,products/04_DWLFYC3BM_Masina-Dezizolat-Cabluri-Decojit-Excitat-Portabil-Aliaj-de-Aluminiu-Electrica-sau-Manual/main_gallery/06_798886f3.jpg,https://s13emagst.akamaized.net/products/104433/104432551/images/res_4d71759ee6b1497d8be96fc513938eb4.jpg,80,80,118944,"Masina Dezizolat Cabluri Decojit, Excitat®, Portabil, Aliaj de Aluminiu, Electrica sau Manuala, 1-25 mm, Poate fi Operat cu Un Burghiu, Reglabil pe Inaltime, 12x4x22.2 cm, Argintiu"
4,DWLFYC3BM,main_gallery,7,products/04_DWLFYC3BM_Masina-Dezizolat-Cabluri-Decojit-Excitat-Portabil-Aliaj-de-Aluminiu-Electrica-sau-Manual/main_gallery/07_8a945f8a.jpg,https://s13emagst.akamaized.net/products/104433/104432551/images/res_088a1391018785ff8575585c39c1ae48.jpg,80,80,120727,"Masina Dezizolat Cabluri Decojit, Excitat®, Portabil, Aliaj de Aluminiu, Electrica sau Manuala, 1-25 mm, Poate fi Operat cu Un Burghiu, Reglabil pe Inaltime, 12x4x22.2 cm, Argintiu"
4,DWLFYC3BM,main_gallery,8,products/04_DWLFYC3BM_Masina-Dezizolat-Cabluri-Decojit-Excitat-Portabil-Aliaj-de-Aluminiu-Electrica-sau-Manual/main_gallery/08_9da345bf.jpg,https://s13emagst.akamaized.net/products/104433/104432551/images/res_74271a8fd50e448421e2b7dd86b74baa.jpg,80,80,126568,"Masina Dezizolat Cabluri Decojit, Excitat®, Portabil, Aliaj de Aluminiu, Electrica sau Manuala, 1-25 mm, Poate fi Operat cu Un Burghiu, Reglabil pe Inaltime, 12x4x22.2 cm, Argintiu"
4,DWLFYC3BM,main_gallery,9,products/04_DWLFYC3BM_Masina-Dezizolat-Cabluri-Decojit-Excitat-Portabil-Aliaj-de-Aluminiu-Electrica-sau-Manual/main_gallery/09_73ddbee9.jpg,https://s13emagst.akamaized.net/products/104433/104432551/images/res_6dcc7edb7d71971aba28325801518548.jpg,80,80,77442,"Masina Dezizolat Cabluri Decojit, Excitat®, Portabil, Aliaj de Aluminiu, Electrica sau Manuala, 1-25 mm, Poate fi Operat cu Un Burghiu, Reglabil pe Inaltime, 12x4x22.2 cm, Argintiu"
4,DWLFYC3BM,main_gallery,10,products/04_DWLFYC3BM_Masina-Dezizolat-Cabluri-Decojit-Excitat-Portabil-Aliaj-de-Aluminiu-Electrica-sau-Manual/main_gallery/10_0f188d06.jpg,https://s13emagst.akamaized.net/products/104433/104432551/images/res_d85e458dc2611a6e09b935f78b95a304.jpg,80,80,98805,"Masina Dezizolat Cabluri Decojit, Excitat®, Portabil, Aliaj de Aluminiu, Electrica sau Manuala, 1-25 mm, Poate fi Operat cu Un Burghiu, Reglabil pe Inaltime, 12x4x22.2 cm, Argintiu"
4,DWLFYC3BM,detail_image,1,products/04_DWLFYC3BM_Masina-Dezizolat-Cabluri-Decojit-Excitat-Portabil-Aliaj-de-Aluminiu-Electrica-sau-Manual/detail_images/01_1d1124b2.gif,https://marketplace-static.emag.ro/resources/000/057/640/167/57640167.gif,970,450,4421974,"Masina Dezizolat Cabluri Decojit, Excitat®, Portabil, Aliaj de Aluminiu, Electrica sau Manuala, 1-25 mm, Poate fi Operat cu Un Burghiu, Reglabil pe Inaltime, 12x4x22.2 cm, Argintiu"
4,DWLFYC3BM,detail_image,2,products/04_DWLFYC3BM_Masina-Dezizolat-Cabluri-Decojit-Excitat-Portabil-Aliaj-de-Aluminiu-Electrica-sau-Manual/detail_images/02_9f000274.jpg,https://i.postimg.cc/QxR5ZHqH/6.jpg,0,0,279657,"Masina Dezizolat Cabluri Decojit, Excitat®, Portabil, Aliaj de Aluminiu, Electrica sau Manuala, 1-25 mm, Poate fi Operat cu Un Burghiu, Reglabil pe Inaltime, 12x4x22.2 cm, Argintiu"
4,DWLFYC3BM,detail_image,3,products/04_DWLFYC3BM_Masina-Dezizolat-Cabluri-Decojit-Excitat-Portabil-Aliaj-de-Aluminiu-Electrica-sau-Manual/detail_images/03_49cd7e45.jpg,https://i.postimg.cc/yYw9CkT0/8.jpg,800,800,145420,"Masina Dezizolat Cabluri Decojit, Excitat®, Portabil, Aliaj de Aluminiu, Electrica sau Manuala, 1-25 mm, Poate fi Operat cu Un Burghiu, Reglabil pe Inaltime, 12x4x22.2 cm, Argintiu"
4,DWLFYC3BM,detail_image,4,products/04_DWLFYC3BM_Masina-Dezizolat-Cabluri-Decojit-Excitat-Portabil-Aliaj-de-Aluminiu-Electrica-sau-Manual/detail_images/04_dde9b5ba.jpg,https://i.postimg.cc/8PqWgjbZ/55a33ed7292146d58ee42abf46a8d1a8-goods.jpg,800,800,219507,"Masina Dezizolat Cabluri Decojit, Excitat®, Portabil, Aliaj de Aluminiu, Electrica sau Manuala, 1-25 mm, Poate fi Operat cu Un Burghiu, Reglabil pe Inaltime, 12x4x22.2 cm, Argintiu"
4,DWLFYC3BM,detail_image,5,products/04_DWLFYC3BM_Masina-Dezizolat-Cabluri-Decojit-Excitat-Portabil-Aliaj-de-Aluminiu-Electrica-sau-Manual/detail_images/05_6fa8db42.jpg,https://i.postimg.cc/vH19KW5Z/1.jpg,0,0,284363,"Masina Dezizolat Cabluri Decojit, Excitat®, Portabil, Aliaj de Aluminiu, Electrica sau Manuala, 1-25 mm, Poate fi Operat cu Un Burghiu, Reglabil pe Inaltime, 12x4x22.2 cm, Argintiu"
4,DWLFYC3BM,detail_image,6,products/04_DWLFYC3BM_Masina-Dezizolat-Cabluri-Decojit-Excitat-Portabil-Aliaj-de-Aluminiu-Electrica-sau-Manual/detail_images/06_be6016c9.jpg,https://i.postimg.cc/RV3fYcwM/2.jpg,0,0,194651,"Masina Dezizolat Cabluri Decojit, Excitat®, Portabil, Aliaj de Aluminiu, Electrica sau Manuala, 1-25 mm, Poate fi Operat cu Un Burghiu, Reglabil pe Inaltime, 12x4x22.2 cm, Argintiu"
4,DWLFYC3BM,detail_image,7,products/04_DWLFYC3BM_Masina-Dezizolat-Cabluri-Decojit-Excitat-Portabil-Aliaj-de-Aluminiu-Electrica-sau-Manual/detail_images/07_f9fcb247.jpg,https://i.postimg.cc/tC1PchFR/3.jpg,0,0,238065,"Masina Dezizolat Cabluri Decojit, Excitat®, Portabil, Aliaj de Aluminiu, Electrica sau Manuala, 1-25 mm, Poate fi Operat cu Un Burghiu, Reglabil pe Inaltime, 12x4x22.2 cm, Argintiu"
4,DWLFYC3BM,detail_image,8,products/04_DWLFYC3BM_Masina-Dezizolat-Cabluri-Decojit-Excitat-Portabil-Aliaj-de-Aluminiu-Electrica-sau-Manual/detail_images/08_fa8c26b2.jpg,https://i.postimg.cc/15L61fKV/7.jpg,0,0,281199,"Masina Dezizolat Cabluri Decojit, Excitat®, Portabil, Aliaj de Aluminiu, Electrica sau Manuala, 1-25 mm, Poate fi Operat cu Un Burghiu, Reglabil pe Inaltime, 12x4x22.2 cm, Argintiu"
4,DWLFYC3BM,detail_image,9,products/04_DWLFYC3BM_Masina-Dezizolat-Cabluri-Decojit-Excitat-Portabil-Aliaj-de-Aluminiu-Electrica-sau-Manual/detail_images/09_82d1754c.jpg,https://i.postimg.cc/J49JCGQ7/4.jpg,0,0,237832,"Masina Dezizolat Cabluri Decojit, Excitat®, Portabil, Aliaj de Aluminiu, Electrica sau Manuala, 1-25 mm, Poate fi Operat cu Un Burghiu, Reglabil pe Inaltime, 12x4x22.2 cm, Argintiu"
4,DWLFYC3BM,detail_image,10,products/04_DWLFYC3BM_Masina-Dezizolat-Cabluri-Decojit-Excitat-Portabil-Aliaj-de-Aluminiu-Electrica-sau-Manual/detail_images/10_1ffb443a.jpg,https://i.postimg.cc/hPHxRf0X/5.jpg,0,0,267089,"Masina Dezizolat Cabluri Decojit, Excitat®, Portabil, Aliaj de Aluminiu, Electrica sau Manuala, 1-25 mm, Poate fi Operat cu Un Burghiu, Reglabil pe Inaltime, 12x4x22.2 cm, Argintiu"
4,DWLFYC3BM,detail_image,11,products/04_DWLFYC3BM_Masina-Dezizolat-Cabluri-Decojit-Excitat-Portabil-Aliaj-de-Aluminiu-Electrica-sau-Manual/detail_images/11_26a61e6d.jpg,https://i.postimg.cc/Fs2cX7xD/9.jpg,0,0,71913,"Masina Dezizolat Cabluri Decojit, Excitat®, Portabil, Aliaj de Aluminiu, Electrica sau Manuala, 1-25 mm, Poate fi Operat cu Un Burghiu, Reglabil pe Inaltime, 12x4x22.2 cm, Argintiu"
4,DWLFYC3BM,detail_image,12,products/04_DWLFYC3BM_Masina-Dezizolat-Cabluri-Decojit-Excitat-Portabil-Aliaj-de-Aluminiu-Electrica-sau-Manual/detail_images/12_deec3e71.jpg,https://i.postimg.cc/jdWN1zy5/zhu-tu.jpg,0,0,86904,"Masina Dezizolat Cabluri Decojit, Excitat®, Portabil, Aliaj de Aluminiu, Electrica sau Manuala, 1-25 mm, Poate fi Operat cu Un Burghiu, Reglabil pe Inaltime, 12x4x22.2 cm, Argintiu"
4,DWLFYC3BM,detail_image,13,products/04_DWLFYC3BM_Masina-Dezizolat-Cabluri-Decojit-Excitat-Portabil-Aliaj-de-Aluminiu-Electrica-sau-Manual/detail_images/13_25d46ffe.gif,https://marketplace-static.emag.ro/resources/000/062/418/886/62418886.gif,970,450,671105,"Masina Dezizolat Cabluri Decojit, Excitat®, Portabil, Aliaj de Aluminiu, Electrica sau Manuala, 1-25 mm, Poate fi Operat cu Un Burghiu, Reglabil pe Inaltime, 12x4x22.2 cm, Argintiu"
5,DZ9JSS3BM,main_gallery,1,products/05_DZ9JSS3BM_Ventilator-de-evacuare-6-inch-Excitat-cu-7-palete-din-otel-inoxidabil-Carcasa-din-otel-M/main_gallery/01_f7d4dfe9.jpg,https://s13emagst.akamaized.net/products/102110/102109589/images/res_3f43d3d0fd2baf3ff27f66f627aba82e.jpg,80,80,319128,"Ventilator de evacuare 6 inch, Excitat®, cu 7 palete din otel inoxidabil, Carcasa din otel, Motor cu bobinaj din cupru, Ventilatie cu clapeta anti-insecte, model silentios 25dB, capacitate de aerisire 382 CFM, 40W, 220V/230V/240V, 190x190x135 mm, Negru"
5,DZ9JSS3BM,main_gallery,2,products/05_DZ9JSS3BM_Ventilator-de-evacuare-6-inch-Excitat-cu-7-palete-din-otel-inoxidabil-Carcasa-din-otel-M/main_gallery/02_6273d2bb.jpg,https://s13emagst.akamaized.net/products/102110/102109589/images/res_9b826a66fab417faab8171fef232211d.jpg,80,80,357730,"Ventilator de evacuare 6 inch, Excitat®, cu 7 palete din otel inoxidabil, Carcasa din otel, Motor cu bobinaj din cupru, Ventilatie cu clapeta anti-insecte, model silentios 25dB, capacitate de aerisire 382 CFM, 40W, 220V/230V/240V, 190x190x135 mm, Negru"
5,DZ9JSS3BM,main_gallery,3,products/05_DZ9JSS3BM_Ventilator-de-evacuare-6-inch-Excitat-cu-7-palete-din-otel-inoxidabil-Carcasa-din-otel-M/main_gallery/03_f8b607db.jpg,https://s13emagst.akamaized.net/products/102110/102109589/images/res_4496a17c421015da1f3bf7705e1feeb8.jpg,80,80,724469,"Ventilator de evacuare 6 inch, Excitat®, cu 7 palete din otel inoxidabil, Carcasa din otel, Motor cu bobinaj din cupru, Ventilatie cu clapeta anti-insecte, model silentios 25dB, capacitate de aerisire 382 CFM, 40W, 220V/230V/240V, 190x190x135 mm, Negru"
5,DZ9JSS3BM,main_gallery,4,products/05_DZ9JSS3BM_Ventilator-de-evacuare-6-inch-Excitat-cu-7-palete-din-otel-inoxidabil-Carcasa-din-otel-M/main_gallery/04_77de051d.jpg,https://s13emagst.akamaized.net/products/102110/102109589/images/res_7b4fd5c08c9e9f3af003093f204166f7.jpg,80,80,233708,"Ventilator de evacuare 6 inch, Excitat®, cu 7 palete din otel inoxidabil, Carcasa din otel, Motor cu bobinaj din cupru, Ventilatie cu clapeta anti-insecte, model silentios 25dB, capacitate de aerisire 382 CFM, 40W, 220V/230V/240V, 190x190x135 mm, Negru"
5,DZ9JSS3BM,main_gallery,5,products/05_DZ9JSS3BM_Ventilator-de-evacuare-6-inch-Excitat-cu-7-palete-din-otel-inoxidabil-Carcasa-din-otel-M/main_gallery/05_2ddc145d.jpg,https://s13emagst.akamaized.net/products/102110/102109589/images/res_57f253dbfa97ac69d278e0d135df86ea.jpg,80,80,158935,"Ventilator de evacuare 6 inch, Excitat®, cu 7 palete din otel inoxidabil, Carcasa din otel, Motor cu bobinaj din cupru, Ventilatie cu clapeta anti-insecte, model silentios 25dB, capacitate de aerisire 382 CFM, 40W, 220V/230V/240V, 190x190x135 mm, Negru"
5,DZ9JSS3BM,main_gallery,6,products/05_DZ9JSS3BM_Ventilator-de-evacuare-6-inch-Excitat-cu-7-palete-din-otel-inoxidabil-Carcasa-din-otel-M/main_gallery/06_3498ffd5.jpg,https://s13emagst.akamaized.net/products/102110/102109589/images/res_32f0ad2ab21a3f4ef3448fb0fdf2c0d9.jpg,80,80,186396,"Ventilator de evacuare 6 inch, Excitat®, cu 7 palete din otel inoxidabil, Carcasa din otel, Motor cu bobinaj din cupru, Ventilatie cu clapeta anti-insecte, model silentios 25dB, capacitate de aerisire 382 CFM, 40W, 220V/230V/240V, 190x190x135 mm, Negru"
5,DZ9JSS3BM,main_gallery,7,products/05_DZ9JSS3BM_Ventilator-de-evacuare-6-inch-Excitat-cu-7-palete-din-otel-inoxidabil-Carcasa-din-otel-M/main_gallery/07_8a29b512.jpg,https://s13emagst.akamaized.net/products/102110/102109589/images/res_a7fcf28bde3c43342d6c4d7b2234d493.jpg,80,80,133278,"Ventilator de evacuare 6 inch, Excitat®, cu 7 palete din otel inoxidabil, Carcasa din otel, Motor cu bobinaj din cupru, Ventilatie cu clapeta anti-insecte, model silentios 25dB, capacitate de aerisire 382 CFM, 40W, 220V/230V/240V, 190x190x135 mm, Negru"
5,DZ9JSS3BM,main_gallery,8,products/05_DZ9JSS3BM_Ventilator-de-evacuare-6-inch-Excitat-cu-7-palete-din-otel-inoxidabil-Carcasa-din-otel-M/main_gallery/08_f65e4939.jpg,https://s13emagst.akamaized.net/products/102110/102109589/images/res_7175b3a1f9e23f5659683ff643513f8b.jpg,80,80,192113,"Ventilator de evacuare 6 inch, Excitat®, cu 7 palete din otel inoxidabil, Carcasa din otel, Motor cu bobinaj din cupru, Ventilatie cu clapeta anti-insecte, model silentios 25dB, capacitate de aerisire 382 CFM, 40W, 220V/230V/240V, 190x190x135 mm, Negru"
5,DZ9JSS3BM,main_gallery,9,products/05_DZ9JSS3BM_Ventilator-de-evacuare-6-inch-Excitat-cu-7-palete-din-otel-inoxidabil-Carcasa-din-otel-M/main_gallery/09_6fd1d275.jpg,https://s13emagst.akamaized.net/products/102110/102109589/images/res_e47dcc1e105507f63f80ddc26efe669a.jpg,80,80,691530,"Ventilator de evacuare 6 inch, Excitat®, cu 7 palete din otel inoxidabil, Carcasa din otel, Motor cu bobinaj din cupru, Ventilatie cu clapeta anti-insecte, model silentios 25dB, capacitate de aerisire 382 CFM, 40W, 220V/230V/240V, 190x190x135 mm, Negru"
5,DZ9JSS3BM,main_gallery,10,products/05_DZ9JSS3BM_Ventilator-de-evacuare-6-inch-Excitat-cu-7-palete-din-otel-inoxidabil-Carcasa-din-otel-M/main_gallery/10_594aefa8.jpg,https://s13emagst.akamaized.net/products/102110/102109589/images/res_e1d31cf2440d1d452150b08a22801ab8.jpg,80,80,387738,"Ventilator de evacuare 6 inch, Excitat®, cu 7 palete din otel inoxidabil, Carcasa din otel, Motor cu bobinaj din cupru, Ventilatie cu clapeta anti-insecte, model silentios 25dB, capacitate de aerisire 382 CFM, 40W, 220V/230V/240V, 190x190x135 mm, Negru"
5,DZ9JSS3BM,detail_image,1,products/05_DZ9JSS3BM_Ventilator-de-evacuare-6-inch-Excitat-cu-7-palete-din-otel-inoxidabil-Carcasa-din-otel-M/detail_images/01_6b6bf71e.gif,https://i.postimg.cc/qBKX46qv/9-17-5.gif,1280,546,7223651,"Ventilator de evacuare 6 inch, Excitat®, cu 7 palete din otel inoxidabil, Carcasa din otel, Motor cu bobinaj din cupru, Ventilatie cu clapeta anti-insecte, model silentios 25dB, capacitate de aerisire 382 CFM, 40W, 220V/230V/240V, 190x190x135 mm, Negru"
5,DZ9JSS3BM,detail_image,2,products/05_DZ9JSS3BM_Ventilator-de-evacuare-6-inch-Excitat-cu-7-palete-din-otel-inoxidabil-Carcasa-din-otel-M/detail_images/02_e7e32628.jpg,https://i.postimg.cc/wjFH1prw/detail-f39d4d97-9270-11f0-a945-751e56ff4634.jpg,0,0,144926,"Ventilator de evacuare 6 inch, Excitat®, cu 7 palete din otel inoxidabil, Carcasa din otel, Motor cu bobinaj din cupru, Ventilatie cu clapeta anti-insecte, model silentios 25dB, capacitate de aerisire 382 CFM, 40W, 220V/230V/240V, 190x190x135 mm, Negru"
5,DZ9JSS3BM,detail_image,3,products/05_DZ9JSS3BM_Ventilator-de-evacuare-6-inch-Excitat-cu-7-palete-din-otel-inoxidabil-Carcasa-din-otel-M/detail_images/03_4c0d2318.jpg,https://i.postimg.cc/hGjnxYWd/detail-fb7e2454-92d8-11f0-a945-751e56ff4634.jpg,0,0,136681,"Ventilator de evacuare 6 inch, Excitat®, cu 7 palete din otel inoxidabil, Carcasa din otel, Motor cu bobinaj din cupru, Ventilatie cu clapeta anti-insecte, model silentios 25dB, capacitate de aerisire 382 CFM, 40W, 220V/230V/240V, 190x190x135 mm, Negru"
5,DZ9JSS3BM,detail_image,4,products/05_DZ9JSS3BM_Ventilator-de-evacuare-6-inch-Excitat-cu-7-palete-din-otel-inoxidabil-Carcasa-din-otel-M/detail_images/04_3b817f88.jpg,https://i.postimg.cc/XYn4NJs5/detail-f39d4d95-9270-11f0-a945-751e56ff4634.jpg,0,0,154253,"Ventilator de evacuare 6 inch, Excitat®, cu 7 palete din otel inoxidabil, Carcasa din otel, Motor cu bobinaj din cupru, Ventilatie cu clapeta anti-insecte, model silentios 25dB, capacitate de aerisire 382 CFM, 40W, 220V/230V/240V, 190x190x135 mm, Negru"
5,DZ9JSS3BM,detail_image,5,products/05_DZ9JSS3BM_Ventilator-de-evacuare-6-inch-Excitat-cu-7-palete-din-otel-inoxidabil-Carcasa-din-otel-M/detail_images/05_8d2ba801.jpg,https://i.postimg.cc/2SCrj602/detail-f39d4d96-9270-11f0-a945-751e56ff4634.jpg,0,0,172197,"Ventilator de evacuare 6 inch, Excitat®, cu 7 palete din otel inoxidabil, Carcasa din otel, Motor cu bobinaj din cupru, Ventilatie cu clapeta anti-insecte, model silentios 25dB, capacitate de aerisire 382 CFM, 40W, 220V/230V/240V, 190x190x135 mm, Negru"
5,DZ9JSS3BM,detail_image,6,products/05_DZ9JSS3BM_Ventilator-de-evacuare-6-inch-Excitat-cu-7-palete-din-otel-inoxidabil-Carcasa-din-otel-M/detail_images/06_e3011f22.jpg,https://i.postimg.cc/63FBBfPQ/detail-f39d4d90-9270-11f0-a945-751e56ff4634.jpg,0,0,80718,"Ventilator de evacuare 6 inch, Excitat®, cu 7 palete din otel inoxidabil, Carcasa din otel, Motor cu bobinaj din cupru, Ventilatie cu clapeta anti-insecte, model silentios 25dB, capacitate de aerisire 382 CFM, 40W, 220V/230V/240V, 190x190x135 mm, Negru"
5,DZ9JSS3BM,detail_image,7,products/05_DZ9JSS3BM_Ventilator-de-evacuare-6-inch-Excitat-cu-7-palete-din-otel-inoxidabil-Carcasa-din-otel-M/detail_images/07_de342a47.jpg,https://i.postimg.cc/jqJsZBWY/detail-f39d4d91-9270-11f0-a945-751e56ff4634.jpg,0,0,117436,"Ventilator de evacuare 6 inch, Excitat®, cu 7 palete din otel inoxidabil, Carcasa din otel, Motor cu bobinaj din cupru, Ventilatie cu clapeta anti-insecte, model silentios 25dB, capacitate de aerisire 382 CFM, 40W, 220V/230V/240V, 190x190x135 mm, Negru"
5,DZ9JSS3BM,detail_image,8,products/05_DZ9JSS3BM_Ventilator-de-evacuare-6-inch-Excitat-cu-7-palete-din-otel-inoxidabil-Carcasa-din-otel-M/detail_images/08_253b0a90.jpg,https://i.postimg.cc/c4RdNYB4/detail-f39d4d94-9270-11f0-a945-751e56ff4634.jpg,0,0,130283,"Ventilator de evacuare 6 inch, Excitat®, cu 7 palete din otel inoxidabil, Carcasa din otel, Motor cu bobinaj din cupru, Ventilatie cu clapeta anti-insecte, model silentios 25dB, capacitate de aerisire 382 CFM, 40W, 220V/230V/240V, 190x190x135 mm, Negru"
5,DZ9JSS3BM,detail_image,9,products/05_DZ9JSS3BM_Ventilator-de-evacuare-6-inch-Excitat-cu-7-palete-din-otel-inoxidabil-Carcasa-din-otel-M/detail_images/09_f407757a.jpg,https://i.postimg.cc/hPWKwMTR/detail-f39d4d93-9270-11f0-a945-751e56ff4634.jpg,0,0,132106,"Ventilator de evacuare 6 inch, Excitat®, cu 7 palete din otel inoxidabil, Carcasa din otel, Motor cu bobinaj din cupru, Ventilatie cu clapeta anti-insecte, model silentios 25dB, capacitate de aerisire 382 CFM, 40W, 220V/230V/240V, 190x190x135 mm, Negru"
6,DZ63HS3BM,main_gallery,1,products/06_DZ63HS3BM_Set-Filtre-3M-Excitat-2-Filtre-A1-6001-cu-Particule-Anti-gaz-Vapori-de-Vopsea-si-Noxe-10/main_gallery/01_ac9bca58.jpg,https://s13emagst.akamaized.net/products/101919/101918753/images/res_d6b496da13896289561046b1276dea6d.jpg,80,80,273198,"Set Filtre 3M, Excitat®, 2 Filtre A1 6001 cu Particule Anti-gaz, Vapori de Vopsea si Noxe, 10 Filtre de Bumbac, 2 Capace Plastic, Pentru Masca 3M 6200, Pentru Protectie Respiratorie"
6,DZ63HS3BM,main_gallery,2,products/06_DZ63HS3BM_Set-Filtre-3M-Excitat-2-Filtre-A1-6001-cu-Particule-Anti-gaz-Vapori-de-Vopsea-si-Noxe-10/main_gallery/02_83438f59.jpg,https://s13emagst.akamaized.net/products/101919/101918753/images/res_9a316d7973b4eb30853e2a5828c1720f.jpg,80,80,172852,"Set Filtre 3M, Excitat®, 2 Filtre A1 6001 cu Particule Anti-gaz, Vapori de Vopsea si Noxe, 10 Filtre de Bumbac, 2 Capace Plastic, Pentru Masca 3M 6200, Pentru Protectie Respiratorie"
6,DZ63HS3BM,main_gallery,3,products/06_DZ63HS3BM_Set-Filtre-3M-Excitat-2-Filtre-A1-6001-cu-Particule-Anti-gaz-Vapori-de-Vopsea-si-Noxe-10/main_gallery/03_897e4474.jpg,https://s13emagst.akamaized.net/products/101919/101918753/images/res_8aac0af6e35b9e5e6e6f4d1aa7c44566.jpg,80,80,210957,"Set Filtre 3M, Excitat®, 2 Filtre A1 6001 cu Particule Anti-gaz, Vapori de Vopsea si Noxe, 10 Filtre de Bumbac, 2 Capace Plastic, Pentru Masca 3M 6200, Pentru Protectie Respiratorie"
6,DZ63HS3BM,main_gallery,4,products/06_DZ63HS3BM_Set-Filtre-3M-Excitat-2-Filtre-A1-6001-cu-Particule-Anti-gaz-Vapori-de-Vopsea-si-Noxe-10/main_gallery/04_235a1a45.jpg,https://s13emagst.akamaized.net/products/101919/101918753/images/res_a0a465b6d3ac9ae27f9c9575db42be38.jpg,80,80,229069,"Set Filtre 3M, Excitat®, 2 Filtre A1 6001 cu Particule Anti-gaz, Vapori de Vopsea si Noxe, 10 Filtre de Bumbac, 2 Capace Plastic, Pentru Masca 3M 6200, Pentru Protectie Respiratorie"
6,DZ63HS3BM,main_gallery,5,products/06_DZ63HS3BM_Set-Filtre-3M-Excitat-2-Filtre-A1-6001-cu-Particule-Anti-gaz-Vapori-de-Vopsea-si-Noxe-10/main_gallery/05_767d7d30.jpg,https://s13emagst.akamaized.net/products/101919/101918753/images/res_54bea06e5aa9702916dc2c88b35da691.jpg,80,80,200513,"Set Filtre 3M, Excitat®, 2 Filtre A1 6001 cu Particule Anti-gaz, Vapori de Vopsea si Noxe, 10 Filtre de Bumbac, 2 Capace Plastic, Pentru Masca 3M 6200, Pentru Protectie Respiratorie"
6,DZ63HS3BM,main_gallery,6,products/06_DZ63HS3BM_Set-Filtre-3M-Excitat-2-Filtre-A1-6001-cu-Particule-Anti-gaz-Vapori-de-Vopsea-si-Noxe-10/main_gallery/06_ad033988.jpg,https://s13emagst.akamaized.net/products/101919/101918753/images/res_c18e339c9b45ba7d67b0ccfa8ccc0ed1.jpg,80,80,212410,"Set Filtre 3M, Excitat®, 2 Filtre A1 6001 cu Particule Anti-gaz, Vapori de Vopsea si Noxe, 10 Filtre de Bumbac, 2 Capace Plastic, Pentru Masca 3M 6200, Pentru Protectie Respiratorie"
6,DZ63HS3BM,main_gallery,7,products/06_DZ63HS3BM_Set-Filtre-3M-Excitat-2-Filtre-A1-6001-cu-Particule-Anti-gaz-Vapori-de-Vopsea-si-Noxe-10/main_gallery/07_c767d929.jpg,https://s13emagst.akamaized.net/products/101919/101918753/images/res_fdc1a32df25345f4824fc442c4be54e7.jpg,80,80,229706,"Set Filtre 3M, Excitat®, 2 Filtre A1 6001 cu Particule Anti-gaz, Vapori de Vopsea si Noxe, 10 Filtre de Bumbac, 2 Capace Plastic, Pentru Masca 3M 6200, Pentru Protectie Respiratorie"
6,DZ63HS3BM,main_gallery,8,products/06_DZ63HS3BM_Set-Filtre-3M-Excitat-2-Filtre-A1-6001-cu-Particule-Anti-gaz-Vapori-de-Vopsea-si-Noxe-10/main_gallery/08_64558df2.jpg,https://s13emagst.akamaized.net/products/101919/101918753/images/res_f27e4a0e3bf5890fd31a4564ac5020ef.jpg,80,80,273015,"Set Filtre 3M, Excitat®, 2 Filtre A1 6001 cu Particule Anti-gaz, Vapori de Vopsea si Noxe, 10 Filtre de Bumbac, 2 Capace Plastic, Pentru Masca 3M 6200, Pentru Protectie Respiratorie"
6,DZ63HS3BM,main_gallery,9,products/06_DZ63HS3BM_Set-Filtre-3M-Excitat-2-Filtre-A1-6001-cu-Particule-Anti-gaz-Vapori-de-Vopsea-si-Noxe-10/main_gallery/09_c8165eb8.jpg,https://s13emagst.akamaized.net/products/101919/101918753/images/res_e330acc4ea0a221f08106f3aa50726da.jpg,80,80,295861,"Set Filtre 3M, Excitat®, 2 Filtre A1 6001 cu Particule Anti-gaz, Vapori de Vopsea si Noxe, 10 Filtre de Bumbac, 2 Capace Plastic, Pentru Masca 3M 6200, Pentru Protectie Respiratorie"
6,DZ63HS3BM,main_gallery,10,products/06_DZ63HS3BM_Set-Filtre-3M-Excitat-2-Filtre-A1-6001-cu-Particule-Anti-gaz-Vapori-de-Vopsea-si-Noxe-10/main_gallery/10_94b3f75a.jpg,https://s13emagst.akamaized.net/products/101919/101918753/images/res_e2541feda4c7adeb466c43afed7bdaf5.jpg,80,80,256650,"Set Filtre 3M, Excitat®, 2 Filtre A1 6001 cu Particule Anti-gaz, Vapori de Vopsea si Noxe, 10 Filtre de Bumbac, 2 Capace Plastic, Pentru Masca 3M 6200, Pentru Protectie Respiratorie"
6,DZ63HS3BM,main_gallery,11,products/06_DZ63HS3BM_Set-Filtre-3M-Excitat-2-Filtre-A1-6001-cu-Particule-Anti-gaz-Vapori-de-Vopsea-si-Noxe-10/main_gallery/11_ed1b8102.jpg,https://s13emagst.akamaized.net/products/101919/101918753/images/res_9a49957fd0f5cfb146d9b05127830a41.jpg,80,80,337674,"Set Filtre 3M, Excitat®, 2 Filtre A1 6001 cu Particule Anti-gaz, Vapori de Vopsea si Noxe, 10 Filtre de Bumbac, 2 Capace Plastic, Pentru Masca 3M 6200, Pentru Protectie Respiratorie"
6,DZ63HS3BM,detail_image,1,products/06_DZ63HS3BM_Set-Filtre-3M-Excitat-2-Filtre-A1-6001-cu-Particule-Anti-gaz-Vapori-de-Vopsea-si-Noxe-10/detail_images/01_41561642.jpg,https://i.postimg.cc/28f0gB51/detail-e1f2b747-8e2d-11f0-a945-751e56ff4634.jpg,0,0,269749,"Set Filtre 3M, Excitat®, 2 Filtre A1 6001 cu Particule Anti-gaz, Vapori de Vopsea si Noxe, 10 Filtre de Bumbac, 2 Capace Plastic, Pentru Masca 3M 6200, Pentru Protectie Respiratorie"
6,DZ63HS3BM,detail_image,2,products/06_DZ63HS3BM_Set-Filtre-3M-Excitat-2-Filtre-A1-6001-cu-Particule-Anti-gaz-Vapori-de-Vopsea-si-Noxe-10/detail_images/02_c7b7d366.jpg,https://i.postimg.cc/PrkS08qK/detail-bacf5e4a-8e2e-11f0-a945-751e56ff4634.jpg,0,0,190278,"Set Filtre 3M, Excitat®, 2 Filtre A1 6001 cu Particule Anti-gaz, Vapori de Vopsea si Noxe, 10 Filtre de Bumbac, 2 Capace Plastic, Pentru Masca 3M 6200, Pentru Protectie Respiratorie"
6,DZ63HS3BM,detail_image,3,products/06_DZ63HS3BM_Set-Filtre-3M-Excitat-2-Filtre-A1-6001-cu-Particule-Anti-gaz-Vapori-de-Vopsea-si-Noxe-10/detail_images/03_3074a485.jpg,https://i.postimg.cc/HxcS1w5b/detail-e1f2b740-8e2d-11f0-a945-751e56ff4634.jpg,0,0,20058,"Set Filtre 3M, Excitat®, 2 Filtre A1 6001 cu Particule Anti-gaz, Vapori de Vopsea si Noxe, 10 Filtre de Bumbac, 2 Capace Plastic, Pentru Masca 3M 6200, Pentru Protectie Respiratorie"
6,DZ63HS3BM,detail_image,4,products/06_DZ63HS3BM_Set-Filtre-3M-Excitat-2-Filtre-A1-6001-cu-Particule-Anti-gaz-Vapori-de-Vopsea-si-Noxe-10/detail_images/04_4cd3ec24.jpg,https://i.postimg.cc/852Zp7mP/detail-e1f2b743-8e2d-11f0-a945-751e56ff4634.jpg,0,0,16373,"Set Filtre 3M, Excitat®, 2 Filtre A1 6001 cu Particule Anti-gaz, Vapori de Vopsea si Noxe, 10 Filtre de Bumbac, 2 Capace Plastic, Pentru Masca 3M 6200, Pentru Protectie Respiratorie"
6,DZ63HS3BM,detail_image,5,products/06_DZ63HS3BM_Set-Filtre-3M-Excitat-2-Filtre-A1-6001-cu-Particule-Anti-gaz-Vapori-de-Vopsea-si-Noxe-10/detail_images/05_34480ca3.jpg,https://i.postimg.cc/Ss2Zb68v/detail-e1f2b741-8e2d-11f0-a945-751e56ff4634.jpg,0,0,22095,"Set Filtre 3M, Excitat®, 2 Filtre A1 6001 cu Particule Anti-gaz, Vapori de Vopsea si Noxe, 10 Filtre de Bumbac, 2 Capace Plastic, Pentru Masca 3M 6200, Pentru Protectie Respiratorie"
6,DZ63HS3BM,detail_image,6,products/06_DZ63HS3BM_Set-Filtre-3M-Excitat-2-Filtre-A1-6001-cu-Particule-Anti-gaz-Vapori-de-Vopsea-si-Noxe-10/detail_images/06_c4b622e2.jpg,https://i.postimg.cc/5tkPr7H1/detail-e1f2b73e-8e2d-11f0-a945-751e56ff4634.jpg,0,0,5479,"Set Filtre 3M, Excitat®, 2 Filtre A1 6001 cu Particule Anti-gaz, Vapori de Vopsea si Noxe, 10 Filtre de Bumbac, 2 Capace Plastic, Pentru Masca 3M 6200, Pentru Protectie Respiratorie"
6,DZ63HS3BM,detail_image,7,products/06_DZ63HS3BM_Set-Filtre-3M-Excitat-2-Filtre-A1-6001-cu-Particule-Anti-gaz-Vapori-de-Vopsea-si-Noxe-10/detail_images/07_d6a34bdc.jpg,https://i.postimg.cc/6qCYyBM0/detail-e1f2b745-8e2d-11f0-a945-751e56ff4634.jpg,0,0,7720,"Set Filtre 3M, Excitat®, 2 Filtre A1 6001 cu Particule Anti-gaz, Vapori de Vopsea si Noxe, 10 Filtre de Bumbac, 2 Capace Plastic, Pentru Masca 3M 6200, Pentru Protectie Respiratorie"
6,DZ63HS3BM,detail_image,8,products/06_DZ63HS3BM_Set-Filtre-3M-Excitat-2-Filtre-A1-6001-cu-Particule-Anti-gaz-Vapori-de-Vopsea-si-Noxe-10/detail_images/08_9f354a81.jpg,https://i.postimg.cc/50hs4Xq7/detail-e1f2b742-8e2d-11f0-a945-751e56ff4634.jpg,0,0,8791,"Set Filtre 3M, Excitat®, 2 Filtre A1 6001 cu Particule Anti-gaz, Vapori de Vopsea si Noxe, 10 Filtre de Bumbac, 2 Capace Plastic, Pentru Masca 3M 6200, Pentru Protectie Respiratorie"
6,DZ63HS3BM,detail_image,9,products/06_DZ63HS3BM_Set-Filtre-3M-Excitat-2-Filtre-A1-6001-cu-Particule-Anti-gaz-Vapori-de-Vopsea-si-Noxe-10/detail_images/09_aad5ad76.jpg,https://i.postimg.cc/DzYCNjWq/detail-e1f2b73f-8e2d-11f0-a945-751e56ff4634.jpg,0,0,7909,"Set Filtre 3M, Excitat®, 2 Filtre A1 6001 cu Particule Anti-gaz, Vapori de Vopsea si Noxe, 10 Filtre de Bumbac, 2 Capace Plastic, Pentru Masca 3M 6200, Pentru Protectie Respiratorie"
6,DZ63HS3BM,detail_image,10,products/06_DZ63HS3BM_Set-Filtre-3M-Excitat-2-Filtre-A1-6001-cu-Particule-Anti-gaz-Vapori-de-Vopsea-si-Noxe-10/detail_images/10_1f664e1e.jpg,https://i.postimg.cc/7hSmfqKC/detail-e1f2b744-8e2d-11f0-a945-751e56ff4634.jpg,0,0,127019,"Set Filtre 3M, Excitat®, 2 Filtre A1 6001 cu Particule Anti-gaz, Vapori de Vopsea si Noxe, 10 Filtre de Bumbac, 2 Capace Plastic, Pentru Masca 3M 6200, Pentru Protectie Respiratorie"
6,DZ63HS3BM,detail_image,11,products/06_DZ63HS3BM_Set-Filtre-3M-Excitat-2-Filtre-A1-6001-cu-Particule-Anti-gaz-Vapori-de-Vopsea-si-Noxe-10/detail_images/11_5999b3a5.jpg,https://i.postimg.cc/PrzSHrL9/detail-2309a30a-8e37-11f0-a945-751e56ff4634.jpg,0,0,95949,"Set Filtre 3M, Excitat®, 2 Filtre A1 6001 cu Particule Anti-gaz, Vapori de Vopsea si Noxe, 10 Filtre de Bumbac, 2 Capace Plastic, Pentru Masca 3M 6200, Pentru Protectie Respiratorie"
7,DD1RM22BM,main_gallery,1,products/07_DD1RM22BM_Suport-flexibil-pentru-monitor-video-bebelusi-Excitat-compatibil-universal-cu-ieGeekTP-L/main_gallery/01_55076e45.jpg,https://s13emagst.akamaized.net/products/118266/118265223/images/res_0ac4ba810e1075e63587097263650b68.jpg,80,80,218953,"Suport flexibil pentru monitor video bebelusi, Excitat®, compatibil universal cu ieGeek/TP-Link/Xiaomi, set de montaj cu 3 baze, instalare fara gauri, cap pivotant, 80 cm, Alb"
7,DD1RM22BM,main_gallery,2,products/07_DD1RM22BM_Suport-flexibil-pentru-monitor-video-bebelusi-Excitat-compatibil-universal-cu-ieGeekTP-L/main_gallery/02_75fa4260.jpg,https://s13emagst.akamaized.net/products/104433/104432565/images/res_17dc72b25da8a0dab447bc3a2a030123.jpg,80,80,131172,"Suport flexibil pentru monitor video bebelusi, Excitat®, compatibil universal cu ieGeek/TP-Link/Xiaomi, set de montaj cu 3 baze, instalare fara gauri, cap pivotant, 80 cm, Alb"
7,DD1RM22BM,main_gallery,3,products/07_DD1RM22BM_Suport-flexibil-pentru-monitor-video-bebelusi-Excitat-compatibil-universal-cu-ieGeekTP-L/main_gallery/03_a291a41f.jpg,https://s13emagst.akamaized.net/products/104433/104432565/images/res_c1e20f29610d72a160f01d7072177e51.jpg,80,80,281422,"Suport flexibil pentru monitor video bebelusi, Excitat®, compatibil universal cu ieGeek/TP-Link/Xiaomi, set de montaj cu 3 baze, instalare fara gauri, cap pivotant, 80 cm, Alb"
7,DD1RM22BM,main_gallery,4,products/07_DD1RM22BM_Suport-flexibil-pentru-monitor-video-bebelusi-Excitat-compatibil-universal-cu-ieGeekTP-L/main_gallery/04_811db929.jpg,https://s13emagst.akamaized.net/products/104433/104432565/images/res_e883959a2a0b7f682be6db14f654195d.jpg,80,80,290096,"Suport flexibil pentru monitor video bebelusi, Excitat®, compatibil universal cu ieGeek/TP-Link/Xiaomi, set de montaj cu 3 baze, instalare fara gauri, cap pivotant, 80 cm, Alb"
7,DD1RM22BM,main_gallery,5,products/07_DD1RM22BM_Suport-flexibil-pentru-monitor-video-bebelusi-Excitat-compatibil-universal-cu-ieGeekTP-L/main_gallery/05_8841f535.jpg,https://s13emagst.akamaized.net/products/104433/104432565/images/res_23ec868f1bd32573a5d6cddfe77efb3e.jpg,80,80,236690,"Suport flexibil pentru monitor video bebelusi, Excitat®, compatibil universal cu ieGeek/TP-Link/Xiaomi, set de montaj cu 3 baze, instalare fara gauri, cap pivotant, 80 cm, Alb"
7,DD1RM22BM,main_gallery,6,products/07_DD1RM22BM_Suport-flexibil-pentru-monitor-video-bebelusi-Excitat-compatibil-universal-cu-ieGeekTP-L/main_gallery/06_9d6edf89.jpg,https://s13emagst.akamaized.net/products/104433/104432565/images/res_8167f9e1f0f8806cd3cf59b08dd18cd4.jpg,80,80,151859,"Suport flexibil pentru monitor video bebelusi, Excitat®, compatibil universal cu ieGeek/TP-Link/Xiaomi, set de montaj cu 3 baze, instalare fara gauri, cap pivotant, 80 cm, Alb"
7,DD1RM22BM,main_gallery,7,products/07_DD1RM22BM_Suport-flexibil-pentru-monitor-video-bebelusi-Excitat-compatibil-universal-cu-ieGeekTP-L/main_gallery/07_d8ddabd4.jpg,https://s13emagst.akamaized.net/products/104433/104432565/images/res_ed20c53cb9f1be532bc15b364b9dce57.jpg,80,80,304829,"Suport flexibil pentru monitor video bebelusi, Excitat®, compatibil universal cu ieGeek/TP-Link/Xiaomi, set de montaj cu 3 baze, instalare fara gauri, cap pivotant, 80 cm, Alb"
7,DD1RM22BM,detail_image,1,products/07_DD1RM22BM_Suport-flexibil-pentru-monitor-video-bebelusi-Excitat-compatibil-universal-cu-ieGeekTP-L/detail_images/01_b896d3e2.jpg,https://i.postimg.cc/j2nCyKyK/E-dao-tu.jpg,1280,525,118322,"Suport flexibil pentru monitor video bebelusi, Excitat®, compatibil universal cu ieGeek/TP-Link/Xiaomi, set de montaj cu 3 baze, instalare fara gauri, cap pivotant, 80 cm, Alb"
7,DD1RM22BM,detail_image,2,products/07_DD1RM22BM_Suport-flexibil-pentru-monitor-video-bebelusi-Excitat-compatibil-universal-cu-ieGeekTP-L/detail_images/02_d3a481ce.jpg,https://i.postimg.cc/gjLr3d3m/E1.jpg,0,0,129266,"Suport flexibil pentru monitor video bebelusi, Excitat®, compatibil universal cu ieGeek/TP-Link/Xiaomi, set de montaj cu 3 baze, instalare fara gauri, cap pivotant, 80 cm, Alb"
7,DD1RM22BM,detail_image,3,products/07_DD1RM22BM_Suport-flexibil-pentru-monitor-video-bebelusi-Excitat-compatibil-universal-cu-ieGeekTP-L/detail_images/03_2595b79e.jpg,https://i.postimg.cc/d3ZDGvGs/E2.jpg,0,0,106922,"Suport flexibil pentru monitor video bebelusi, Excitat®, compatibil universal cu ieGeek/TP-Link/Xiaomi, set de montaj cu 3 baze, instalare fara gauri, cap pivotant, 80 cm, Alb"
7,DD1RM22BM,detail_image,4,products/07_DD1RM22BM_Suport-flexibil-pentru-monitor-video-bebelusi-Excitat-compatibil-universal-cu-ieGeekTP-L/detail_images/04_ad3b141f.jpg,https://i.postimg.cc/8cfsLDMY/E3.jpg,0,0,91365,"Suport flexibil pentru monitor video bebelusi, Excitat®, compatibil universal cu ieGeek/TP-Link/Xiaomi, set de montaj cu 3 baze, instalare fara gauri, cap pivotant, 80 cm, Alb"
7,DD1RM22BM,detail_image,5,products/07_DD1RM22BM_Suport-flexibil-pentru-monitor-video-bebelusi-Excitat-compatibil-universal-cu-ieGeekTP-L/detail_images/05_fb8402b3.jpg,https://i.postimg.cc/0jKr7xDB/E4.jpg,0,0,156838,"Suport flexibil pentru monitor video bebelusi, Excitat®, compatibil universal cu ieGeek/TP-Link/Xiaomi, set de montaj cu 3 baze, instalare fara gauri, cap pivotant, 80 cm, Alb"
7,DD1RM22BM,detail_image,6,products/07_DD1RM22BM_Suport-flexibil-pentru-monitor-video-bebelusi-Excitat-compatibil-universal-cu-ieGeekTP-L/detail_images/06_eaaaa21d.jpg,https://i.postimg.cc/fySkYZmF/E5.jpg,0,0,166844,"Suport flexibil pentru monitor video bebelusi, Excitat®, compatibil universal cu ieGeek/TP-Link/Xiaomi, set de montaj cu 3 baze, instalare fara gauri, cap pivotant, 80 cm, Alb"
7,DD1RM22BM,detail_image,7,products/07_DD1RM22BM_Suport-flexibil-pentru-monitor-video-bebelusi-Excitat-compatibil-universal-cu-ieGeekTP-L/detail_images/07_76070723.jpg,https://i.postimg.cc/tJn7FyWm/E6.jpg,1280,1255,213310,"Suport flexibil pentru monitor video bebelusi, Excitat®, compatibil universal cu ieGeek/TP-Link/Xiaomi, set de montaj cu 3 baze, instalare fara gauri, cap pivotant, 80 cm, Alb"
7,DD1RM22BM,detail_image,8,products/07_DD1RM22BM_Suport-flexibil-pentru-monitor-video-bebelusi-Excitat-compatibil-universal-cu-ieGeekTP-L/detail_images/08_3fb6ddd7.jpg,https://i.postimg.cc/nr9MqZqJ/E7.jpg,0,0,100942,"Suport flexibil pentru monitor video bebelusi, Excitat®, compatibil universal cu ieGeek/TP-Link/Xiaomi, set de montaj cu 3 baze, instalare fara gauri, cap pivotant, 80 cm, Alb"
7,DD1RM22BM,detail_image,9,products/07_DD1RM22BM_Suport-flexibil-pentru-monitor-video-bebelusi-Excitat-compatibil-universal-cu-ieGeekTP-L/detail_images/09_05b7d16c.jpg,https://i.postimg.cc/4yHnpZpG/E8.jpg,0,0,144300,"Suport flexibil pentru monitor video bebelusi, Excitat®, compatibil universal cu ieGeek/TP-Link/Xiaomi, set de montaj cu 3 baze, instalare fara gauri, cap pivotant, 80 cm, Alb"
8,DR990W3BM,main_gallery,1,products/08_DR990W3BM_Antena-WiFi-magnetica-universala-Excitat-WiFi-6E-Tri-Band-2.4GHz5GHz6GHz-12dBi-Gain-Ridi/main_gallery/01_361e6a01.jpg,https://s13emagst.akamaized.net/products/102235/102234205/images/res_8407352edffb5ce7f90ba5f467130b9c.jpg,80,80,141556,"Antena WiFi magnetica universala, Excitat®, WiFi 6E Tri-Band 2.4GHz/5GHz/6GHz, 12dBi Gain Ridicat, cu Cablu de 1.2m si Baza Magnetica Puternica, Compatibila cu ASUS/GIGABYTE/MSI (PCI-E), Antena PC pentru Gaming, Acoperire Extinsa Casa si Birou"
8,DR990W3BM,main_gallery,2,products/08_DR990W3BM_Antena-WiFi-magnetica-universala-Excitat-WiFi-6E-Tri-Band-2.4GHz5GHz6GHz-12dBi-Gain-Ridi/main_gallery/02_9eaa9aa4.jpg,https://s13emagst.akamaized.net/products/102235/102234205/images/res_95d9e81ea4ca9ebc119f3a6cd4ccee3d.jpg,80,80,110261,"Antena WiFi magnetica universala, Excitat®, WiFi 6E Tri-Band 2.4GHz/5GHz/6GHz, 12dBi Gain Ridicat, cu Cablu de 1.2m si Baza Magnetica Puternica, Compatibila cu ASUS/GIGABYTE/MSI (PCI-E), Antena PC pentru Gaming, Acoperire Extinsa Casa si Birou"
8,DR990W3BM,main_gallery,3,products/08_DR990W3BM_Antena-WiFi-magnetica-universala-Excitat-WiFi-6E-Tri-Band-2.4GHz5GHz6GHz-12dBi-Gain-Ridi/main_gallery/03_f9fee864.jpg,https://s13emagst.akamaized.net/products/102235/102234205/images/res_14ddde1be25b0074c18646d8673d8761.jpg,80,80,105003,"Antena WiFi magnetica universala, Excitat®, WiFi 6E Tri-Band 2.4GHz/5GHz/6GHz, 12dBi Gain Ridicat, cu Cablu de 1.2m si Baza Magnetica Puternica, Compatibila cu ASUS/GIGABYTE/MSI (PCI-E), Antena PC pentru Gaming, Acoperire Extinsa Casa si Birou"
8,DR990W3BM,main_gallery,4,products/08_DR990W3BM_Antena-WiFi-magnetica-universala-Excitat-WiFi-6E-Tri-Band-2.4GHz5GHz6GHz-12dBi-Gain-Ridi/main_gallery/04_8a1380ef.jpg,https://s13emagst.akamaized.net/products/102235/102234205/images/res_90422c0d0e0e073560a3c7dad3ee5276.jpg,80,80,284285,"Antena WiFi magnetica universala, Excitat®, WiFi 6E Tri-Band 2.4GHz/5GHz/6GHz, 12dBi Gain Ridicat, cu Cablu de 1.2m si Baza Magnetica Puternica, Compatibila cu ASUS/GIGABYTE/MSI (PCI-E), Antena PC pentru Gaming, Acoperire Extinsa Casa si Birou"
8,DR990W3BM,main_gallery,5,products/08_DR990W3BM_Antena-WiFi-magnetica-universala-Excitat-WiFi-6E-Tri-Band-2.4GHz5GHz6GHz-12dBi-Gain-Ridi/main_gallery/05_5b9271c3.jpg,https://s13emagst.akamaized.net/products/102235/102234205/images/res_33c546fd3e2c70a88b022f8fe920fb57.jpg,80,80,142452,"Antena WiFi magnetica universala, Excitat®, WiFi 6E Tri-Band 2.4GHz/5GHz/6GHz, 12dBi Gain Ridicat, cu Cablu de 1.2m si Baza Magnetica Puternica, Compatibila cu ASUS/GIGABYTE/MSI (PCI-E), Antena PC pentru Gaming, Acoperire Extinsa Casa si Birou"
8,DR990W3BM,main_gallery,6,products/08_DR990W3BM_Antena-WiFi-magnetica-universala-Excitat-WiFi-6E-Tri-Band-2.4GHz5GHz6GHz-12dBi-Gain-Ridi/main_gallery/06_4233e1f9.jpg,https://s13emagst.akamaized.net/products/102235/102234205/images/res_582050cd9c2244778bd2f78204d67bcf.jpg,80,80,141466,"Antena WiFi magnetica universala, Excitat®, WiFi 6E Tri-Band 2.4GHz/5GHz/6GHz, 12dBi Gain Ridicat, cu Cablu de 1.2m si Baza Magnetica Puternica, Compatibila cu ASUS/GIGABYTE/MSI (PCI-E), Antena PC pentru Gaming, Acoperire Extinsa Casa si Birou"
8,DR990W3BM,main_gallery,7,products/08_DR990W3BM_Antena-WiFi-magnetica-universala-Excitat-WiFi-6E-Tri-Band-2.4GHz5GHz6GHz-12dBi-Gain-Ridi/main_gallery/07_a71fe7b6.jpg,https://s13emagst.akamaized.net/products/102235/102234205/images/res_4509ba3924d5fffbacd8aeea43937950.jpg,80,80,173137,"Antena WiFi magnetica universala, Excitat®, WiFi 6E Tri-Band 2.4GHz/5GHz/6GHz, 12dBi Gain Ridicat, cu Cablu de 1.2m si Baza Magnetica Puternica, Compatibila cu ASUS/GIGABYTE/MSI (PCI-E), Antena PC pentru Gaming, Acoperire Extinsa Casa si Birou"
8,DR990W3BM,main_gallery,8,products/08_DR990W3BM_Antena-WiFi-magnetica-universala-Excitat-WiFi-6E-Tri-Band-2.4GHz5GHz6GHz-12dBi-Gain-Ridi/main_gallery/08_ce7939b0.jpg,https://s13emagst.akamaized.net/products/102235/102234205/images/res_9c6fe16569dda71f5eebe5556b64c9d6.jpg,80,80,37114,"Antena WiFi magnetica universala, Excitat®, WiFi 6E Tri-Band 2.4GHz/5GHz/6GHz, 12dBi Gain Ridicat, cu Cablu de 1.2m si Baza Magnetica Puternica, Compatibila cu ASUS/GIGABYTE/MSI (PCI-E), Antena PC pentru Gaming, Acoperire Extinsa Casa si Birou"
8,DR990W3BM,detail_image,1,products/08_DR990W3BM_Antena-WiFi-magnetica-universala-Excitat-WiFi-6E-Tri-Band-2.4GHz5GHz6GHz-12dBi-Gain-Ridi/detail_images/01_c3885963.gif,https://i.postimg.cc/Wb2HhkPc/detail-f082ca30-939d-11f0-a945-751e56ff4634.gif,1230,640,5600335,"Antena WiFi magnetica universala, Excitat®, WiFi 6E Tri-Band 2.4GHz/5GHz/6GHz, 12dBi Gain Ridicat, cu Cablu de 1.2m si Baza Magnetica Puternica, Compatibila cu ASUS/GIGABYTE/MSI (PCI-E), Antena PC pentru Gaming, Acoperire Extinsa Casa si Birou"
8,DR990W3BM,detail_image,2,products/08_DR990W3BM_Antena-WiFi-magnetica-universala-Excitat-WiFi-6E-Tri-Band-2.4GHz5GHz6GHz-12dBi-Gain-Ridi/detail_images/02_50603ecf.gif,https://i.postimg.cc/zfvcjbzD/detail-a8659a70-9212-11f0-a945-751e56ff4634.gif,568,236,5474781,"Antena WiFi magnetica universala, Excitat®, WiFi 6E Tri-Band 2.4GHz/5GHz/6GHz, 12dBi Gain Ridicat, cu Cablu de 1.2m si Baza Magnetica Puternica, Compatibila cu ASUS/GIGABYTE/MSI (PCI-E), Antena PC pentru Gaming, Acoperire Extinsa Casa si Birou"
8,DR990W3BM,detail_image,3,products/08_DR990W3BM_Antena-WiFi-magnetica-universala-Excitat-WiFi-6E-Tri-Band-2.4GHz5GHz6GHz-12dBi-Gain-Ridi/detail_images/03_7eb6e313.gif,https://i.postimg.cc/zfQPPzvc/detail-91d37e30-9334-11f0-a945-751e56ff4634.gif,0,0,5023158,"Antena WiFi magnetica universala, Excitat®, WiFi 6E Tri-Band 2.4GHz/5GHz/6GHz, 12dBi Gain Ridicat, cu Cablu de 1.2m si Baza Magnetica Puternica, Compatibila cu ASUS/GIGABYTE/MSI (PCI-E), Antena PC pentru Gaming, Acoperire Extinsa Casa si Birou"
9,DB96MV3BM,main_gallery,1,products/09_DB96MV3BM_Traducator-Vocal-Excitat-Inteligent-Bidirectional-100-Limbi-Online-8-Limbi-Offline-Tradu/main_gallery/01_e0b33416.jpg,https://s13emagst.akamaized.net/products/102568/102567003/images/res_7d55413bcb5b36087b5a06d65a909f9c.jpg,80,80,266802,"Traducator Vocal, Excitat®, Inteligent Bidirectional, 100 Limbi Online/ 8 Limbi Offline, Traducere Voce Instant, Foto, Text si Vocala, Portabil, Bluetooth, Baterie 800 mAh, Microfon-Difuzor Dual, cu aplicatie Google Play/iOS, Utilizare Interior-Exterior"
9,DB96MV3BM,main_gallery,2,products/09_DB96MV3BM_Traducator-Vocal-Excitat-Inteligent-Bidirectional-100-Limbi-Online-8-Limbi-Offline-Tradu/main_gallery/02_873a550e.jpg,https://s13emagst.akamaized.net/products/102568/102567003/images/res_4b57f0fb5a9d36b4928919ec5b4fba06.jpg,80,80,227059,"Traducator Vocal, Excitat®, Inteligent Bidirectional, 100 Limbi Online/ 8 Limbi Offline, Traducere Voce Instant, Foto, Text si Vocala, Portabil, Bluetooth, Baterie 800 mAh, Microfon-Difuzor Dual, cu aplicatie Google Play/iOS, Utilizare Interior-Exterior"
9,DB96MV3BM,main_gallery,3,products/09_DB96MV3BM_Traducator-Vocal-Excitat-Inteligent-Bidirectional-100-Limbi-Online-8-Limbi-Offline-Tradu/main_gallery/03_9e0c69fc.jpg,https://s13emagst.akamaized.net/products/102568/102567003/images/res_381962ae3657f506429864bd15da1d5c.jpg,80,80,190095,"Traducator Vocal, Excitat®, Inteligent Bidirectional, 100 Limbi Online/ 8 Limbi Offline, Traducere Voce Instant, Foto, Text si Vocala, Portabil, Bluetooth, Baterie 800 mAh, Microfon-Difuzor Dual, cu aplicatie Google Play/iOS, Utilizare Interior-Exterior"
9,DB96MV3BM,main_gallery,4,products/09_DB96MV3BM_Traducator-Vocal-Excitat-Inteligent-Bidirectional-100-Limbi-Online-8-Limbi-Offline-Tradu/main_gallery/04_94654e48.jpg,https://s13emagst.akamaized.net/products/102568/102567003/images/res_2f6d48a9d9f6bbfc2228c7f6a3ab260b.jpg,80,80,213044,"Traducator Vocal, Excitat®, Inteligent Bidirectional, 100 Limbi Online/ 8 Limbi Offline, Traducere Voce Instant, Foto, Text si Vocala, Portabil, Bluetooth, Baterie 800 mAh, Microfon-Difuzor Dual, cu aplicatie Google Play/iOS, Utilizare Interior-Exterior"
9,DB96MV3BM,main_gallery,5,products/09_DB96MV3BM_Traducator-Vocal-Excitat-Inteligent-Bidirectional-100-Limbi-Online-8-Limbi-Offline-Tradu/main_gallery/05_285f0c6c.jpg,https://s13emagst.akamaized.net/products/102568/102567003/images/res_691acbb91a46c3a76b32fa15a32fa135.jpg,80,80,223907,"Traducator Vocal, Excitat®, Inteligent Bidirectional, 100 Limbi Online/ 8 Limbi Offline, Traducere Voce Instant, Foto, Text si Vocala, Portabil, Bluetooth, Baterie 800 mAh, Microfon-Difuzor Dual, cu aplicatie Google Play/iOS, Utilizare Interior-Exterior"
9,DB96MV3BM,main_gallery,6,products/09_DB96MV3BM_Traducator-Vocal-Excitat-Inteligent-Bidirectional-100-Limbi-Online-8-Limbi-Offline-Tradu/main_gallery/06_f820546b.jpg,https://s13emagst.akamaized.net/products/102568/102567003/images/res_7f50d2695ed54029567b259bf956fb5e.jpg,80,80,324028,"Traducator Vocal, Excitat®, Inteligent Bidirectional, 100 Limbi Online/ 8 Limbi Offline, Traducere Voce Instant, Foto, Text si Vocala, Portabil, Bluetooth, Baterie 800 mAh, Microfon-Difuzor Dual, cu aplicatie Google Play/iOS, Utilizare Interior-Exterior"
9,DB96MV3BM,main_gallery,7,products/09_DB96MV3BM_Traducator-Vocal-Excitat-Inteligent-Bidirectional-100-Limbi-Online-8-Limbi-Offline-Tradu/main_gallery/07_c8ce6965.jpg,https://s13emagst.akamaized.net/products/102568/102567003/images/res_e8a51eadd4f7360e278795534df59baf.jpg,80,80,110775,"Traducator Vocal, Excitat®, Inteligent Bidirectional, 100 Limbi Online/ 8 Limbi Offline, Traducere Voce Instant, Foto, Text si Vocala, Portabil, Bluetooth, Baterie 800 mAh, Microfon-Difuzor Dual, cu aplicatie Google Play/iOS, Utilizare Interior-Exterior"
9,DB96MV3BM,main_gallery,8,products/09_DB96MV3BM_Traducator-Vocal-Excitat-Inteligent-Bidirectional-100-Limbi-Online-8-Limbi-Offline-Tradu/main_gallery/08_d8d579ea.jpg,https://s13emagst.akamaized.net/products/102568/102567003/images/res_247e9cf7524d63b051df222c0e8972a5.jpg,80,80,139553,"Traducator Vocal, Excitat®, Inteligent Bidirectional, 100 Limbi Online/ 8 Limbi Offline, Traducere Voce Instant, Foto, Text si Vocala, Portabil, Bluetooth, Baterie 800 mAh, Microfon-Difuzor Dual, cu aplicatie Google Play/iOS, Utilizare Interior-Exterior"
9,DB96MV3BM,main_gallery,9,products/09_DB96MV3BM_Traducator-Vocal-Excitat-Inteligent-Bidirectional-100-Limbi-Online-8-Limbi-Offline-Tradu/main_gallery/09_c66465de.jpg,https://s13emagst.akamaized.net/products/102568/102567003/images/res_40d7ab365449a3c7555e78a2f3b287a5.jpg,80,80,88283,"Traducator Vocal, Excitat®, Inteligent Bidirectional, 100 Limbi Online/ 8 Limbi Offline, Traducere Voce Instant, Foto, Text si Vocala, Portabil, Bluetooth, Baterie 800 mAh, Microfon-Difuzor Dual, cu aplicatie Google Play/iOS, Utilizare Interior-Exterior"
9,DB96MV3BM,main_gallery,10,products/09_DB96MV3BM_Traducator-Vocal-Excitat-Inteligent-Bidirectional-100-Limbi-Online-8-Limbi-Offline-Tradu/main_gallery/10_17088d8f.jpg,https://s13emagst.akamaized.net/products/102568/102567003/images/res_7aadad5c5676cc2cf1267749d50c797a.jpg,80,80,343148,"Traducator Vocal, Excitat®, Inteligent Bidirectional, 100 Limbi Online/ 8 Limbi Offline, Traducere Voce Instant, Foto, Text si Vocala, Portabil, Bluetooth, Baterie 800 mAh, Microfon-Difuzor Dual, cu aplicatie Google Play/iOS, Utilizare Interior-Exterior"
9,DB96MV3BM,main_gallery,11,products/09_DB96MV3BM_Traducator-Vocal-Excitat-Inteligent-Bidirectional-100-Limbi-Online-8-Limbi-Offline-Tradu/main_gallery/11_b8ff3133.jpg,https://s13emagst.akamaized.net/products/102568/102567003/images/res_2289db352f11f4e360d40c3a4c6d55f1.jpg,80,80,380888,"Traducator Vocal, Excitat®, Inteligent Bidirectional, 100 Limbi Online/ 8 Limbi Offline, Traducere Voce Instant, Foto, Text si Vocala, Portabil, Bluetooth, Baterie 800 mAh, Microfon-Difuzor Dual, cu aplicatie Google Play/iOS, Utilizare Interior-Exterior"
9,DB96MV3BM,detail_image,1,products/09_DB96MV3BM_Traducator-Vocal-Excitat-Inteligent-Bidirectional-100-Limbi-Online-8-Limbi-Offline-Tradu/detail_images/01_bb3a757b.gif,https://i.postimg.cc/cCf7K59S/57598168.gif,970,192,673717,"Traducator Vocal, Excitat®, Inteligent Bidirectional, 100 Limbi Online/ 8 Limbi Offline, Traducere Voce Instant, Foto, Text si Vocala, Portabil, Bluetooth, Baterie 800 mAh, Microfon-Difuzor Dual, cu aplicatie Google Play/iOS, Utilizare Interior-Exterior"
9,DB96MV3BM,detail_image,2,products/09_DB96MV3BM_Traducator-Vocal-Excitat-Inteligent-Bidirectional-100-Limbi-Online-8-Limbi-Offline-Tradu/detail_images/02_81f1013f.jpg,https://i.postimg.cc/tTMzrYMR/detail-8e39ac04-8ccd-11f0-a945-751e56ff4634.jpg,0,0,347449,"Traducator Vocal, Excitat®, Inteligent Bidirectional, 100 Limbi Online/ 8 Limbi Offline, Traducere Voce Instant, Foto, Text si Vocala, Portabil, Bluetooth, Baterie 800 mAh, Microfon-Difuzor Dual, cu aplicatie Google Play/iOS, Utilizare Interior-Exterior"
9,DB96MV3BM,detail_image,3,products/09_DB96MV3BM_Traducator-Vocal-Excitat-Inteligent-Bidirectional-100-Limbi-Online-8-Limbi-Offline-Tradu/detail_images/03_de8df778.jpg,https://i.postimg.cc/0NZnwtGn/detail-8e39ac01-8ccd-11f0-a945-751e56ff4634.jpg,0,0,216099,"Traducator Vocal, Excitat®, Inteligent Bidirectional, 100 Limbi Online/ 8 Limbi Offline, Traducere Voce Instant, Foto, Text si Vocala, Portabil, Bluetooth, Baterie 800 mAh, Microfon-Difuzor Dual, cu aplicatie Google Play/iOS, Utilizare Interior-Exterior"
9,DB96MV3BM,detail_image,4,products/09_DB96MV3BM_Traducator-Vocal-Excitat-Inteligent-Bidirectional-100-Limbi-Online-8-Limbi-Offline-Tradu/detail_images/04_5f7c7c22.jpg,https://i.postimg.cc/PqdKNGDd/detail-8e39abff-8ccd-11f0-a945-751e56ff4634.jpg,0,0,34180,"Traducator Vocal, Excitat®, Inteligent Bidirectional, 100 Limbi Online/ 8 Limbi Offline, Traducere Voce Instant, Foto, Text si Vocala, Portabil, Bluetooth, Baterie 800 mAh, Microfon-Difuzor Dual, cu aplicatie Google Play/iOS, Utilizare Interior-Exterior"
9,DB96MV3BM,detail_image,5,products/09_DB96MV3BM_Traducator-Vocal-Excitat-Inteligent-Bidirectional-100-Limbi-Online-8-Limbi-Offline-Tradu/detail_images/05_714f3ed9.jpg,https://i.postimg.cc/Sx6DyQnm/detail-8e39abfe-8ccd-11f0-a945-751e56ff4634.jpg,0,0,25614,"Traducator Vocal, Excitat®, Inteligent Bidirectional, 100 Limbi Online/ 8 Limbi Offline, Traducere Voce Instant, Foto, Text si Vocala, Portabil, Bluetooth, Baterie 800 mAh, Microfon-Difuzor Dual, cu aplicatie Google Play/iOS, Utilizare Interior-Exterior"
9,DB96MV3BM,detail_image,6,products/09_DB96MV3BM_Traducator-Vocal-Excitat-Inteligent-Bidirectional-100-Limbi-Online-8-Limbi-Offline-Tradu/detail_images/06_cc7a37f6.png,https://i.postimg.cc/k44cFxfC/detail-8e39ac03-8ccd-11f0-a945-751e56ff4634.png,0,0,601871,"Traducator Vocal, Excitat®, Inteligent Bidirectional, 100 Limbi Online/ 8 Limbi Offline, Traducere Voce Instant, Foto, Text si Vocala, Portabil, Bluetooth, Baterie 800 mAh, Microfon-Difuzor Dual, cu aplicatie Google Play/iOS, Utilizare Interior-Exterior"
9,DB96MV3BM,detail_image,7,products/09_DB96MV3BM_Traducator-Vocal-Excitat-Inteligent-Bidirectional-100-Limbi-Online-8-Limbi-Offline-Tradu/detail_images/07_54b526d0.jpg,https://i.postimg.cc/L5FLM3H8/res-c1c8646879c2b3b57cd21db9aa203bee.jpg%20alt=,0,0,83619,"Traducator Vocal, Excitat®, Inteligent Bidirectional, 100 Limbi Online/ 8 Limbi Offline, Traducere Voce Instant, Foto, Text si Vocala, Portabil, Bluetooth, Baterie 800 mAh, Microfon-Difuzor Dual, cu aplicatie Google Play/iOS, Utilizare Interior-Exterior"
9,DB96MV3BM,detail_image,8,products/09_DB96MV3BM_Traducator-Vocal-Excitat-Inteligent-Bidirectional-100-Limbi-Online-8-Limbi-Offline-Tradu/detail_images/08_b7497563.jpg,https://i.postimg.cc/BvNpKhcW/detail-8e39ac02-8ccd-11f0-a945-751e56ff4634.jpg,0,0,198288,"Traducator Vocal, Excitat®, Inteligent Bidirectional, 100 Limbi Online/ 8 Limbi Offline, Traducere Voce Instant, Foto, Text si Vocala, Portabil, Bluetooth, Baterie 800 mAh, Microfon-Difuzor Dual, cu aplicatie Google Play/iOS, Utilizare Interior-Exterior"
10,DFVT4S3BM,main_gallery,1,products/10_DFVT4S3BM_Set-laminator-A4A5A6-Excitat-Trimmer-incorporat-80-125-microni-la-rece-si-cald-cu-functi/main_gallery/01_a248f029.jpg,https://s13emagst.akamaized.net/products/102161/102160639/images/res_6d85f3aa2ccc7bf579738213d9bff4cc.jpg,80,80,370644,"Set laminator A4/A5/A6, Excitat®, Trimmer incorporat, 80-125 microni la rece si cald cu functie ABS anti blocare, zgomot scazut, incalzire rapida, control inteligent al temperaturii in functie de grosime, max. 160°C, 320mm/min, 220V, Negru"
10,DFVT4S3BM,main_gallery,2,products/10_DFVT4S3BM_Set-laminator-A4A5A6-Excitat-Trimmer-incorporat-80-125-microni-la-rece-si-cald-cu-functi/main_gallery/02_e8ef5562.jpg,https://s13emagst.akamaized.net/products/102106/102105480/images/res_e673eec6de7b376c0e0e43f74a23c662.jpg,80,80,235286,"Set laminator A4/A5/A6, Excitat®, Trimmer incorporat, 80-125 microni la rece si cald cu functie ABS anti blocare, zgomot scazut, incalzire rapida, control inteligent al temperaturii in functie de grosime, max. 160°C, 320mm/min, 220V, Negru"
10,DFVT4S3BM,main_gallery,3,products/10_DFVT4S3BM_Set-laminator-A4A5A6-Excitat-Trimmer-incorporat-80-125-microni-la-rece-si-cald-cu-functi/main_gallery/03_56aca034.jpg,https://s13emagst.akamaized.net/products/102106/102105480/images/res_02c5327599d9d5d14fb9b8f034d5b4c0.jpg,80,80,308087,"Set laminator A4/A5/A6, Excitat®, Trimmer incorporat, 80-125 microni la rece si cald cu functie ABS anti blocare, zgomot scazut, incalzire rapida, control inteligent al temperaturii in functie de grosime, max. 160°C, 320mm/min, 220V, Negru"
10,DFVT4S3BM,main_gallery,4,products/10_DFVT4S3BM_Set-laminator-A4A5A6-Excitat-Trimmer-incorporat-80-125-microni-la-rece-si-cald-cu-functi/main_gallery/04_4c469f04.jpg,https://s13emagst.akamaized.net/products/102106/102105480/images/res_57c137ac8b9db5c8a528f7e45d0f387a.jpg,80,80,321550,"Set laminator A4/A5/A6, Excitat®, Trimmer incorporat, 80-125 microni la rece si cald cu functie ABS anti blocare, zgomot scazut, incalzire rapida, control inteligent al temperaturii in functie de grosime, max. 160°C, 320mm/min, 220V, Negru"
10,DFVT4S3BM,main_gallery,5,products/10_DFVT4S3BM_Set-laminator-A4A5A6-Excitat-Trimmer-incorporat-80-125-microni-la-rece-si-cald-cu-functi/main_gallery/05_37a971f9.jpg,https://s13emagst.akamaized.net/products/102106/102105480/images/res_a41f9575d88ef433505ff7e5ccf99abd.jpg,80,80,294382,"Set laminator A4/A5/A6, Excitat®, Trimmer incorporat, 80-125 microni la rece si cald cu functie ABS anti blocare, zgomot scazut, incalzire rapida, control inteligent al temperaturii in functie de grosime, max. 160°C, 320mm/min, 220V, Negru"
10,DFVT4S3BM,main_gallery,6,products/10_DFVT4S3BM_Set-laminator-A4A5A6-Excitat-Trimmer-incorporat-80-125-microni-la-rece-si-cald-cu-functi/main_gallery/06_cd94c35e.jpg,https://s13emagst.akamaized.net/products/102106/102105480/images/res_bcb9c4b6bb5b7c9b2a28f5456c6d8f8a.jpg,80,80,272048,"Set laminator A4/A5/A6, Excitat®, Trimmer incorporat, 80-125 microni la rece si cald cu functie ABS anti blocare, zgomot scazut, incalzire rapida, control inteligent al temperaturii in functie de grosime, max. 160°C, 320mm/min, 220V, Negru"
10,DFVT4S3BM,main_gallery,7,products/10_DFVT4S3BM_Set-laminator-A4A5A6-Excitat-Trimmer-incorporat-80-125-microni-la-rece-si-cald-cu-functi/main_gallery/07_9f2ee780.jpg,https://s13emagst.akamaized.net/products/102106/102105480/images/res_b8764ed48295fe33507487416b985948.jpg,80,80,246717,"Set laminator A4/A5/A6, Excitat®, Trimmer incorporat, 80-125 microni la rece si cald cu functie ABS anti blocare, zgomot scazut, incalzire rapida, control inteligent al temperaturii in functie de grosime, max. 160°C, 320mm/min, 220V, Negru"
10,DFVT4S3BM,main_gallery,8,products/10_DFVT4S3BM_Set-laminator-A4A5A6-Excitat-Trimmer-incorporat-80-125-microni-la-rece-si-cald-cu-functi/main_gallery/08_397c9069.jpg,https://s13emagst.akamaized.net/products/102106/102105480/images/res_0fd32aee7bc5a22951971315274ecc58.jpg,80,80,308013,"Set laminator A4/A5/A6, Excitat®, Trimmer incorporat, 80-125 microni la rece si cald cu functie ABS anti blocare, zgomot scazut, incalzire rapida, control inteligent al temperaturii in functie de grosime, max. 160°C, 320mm/min, 220V, Negru"
10,DFVT4S3BM,main_gallery,9,products/10_DFVT4S3BM_Set-laminator-A4A5A6-Excitat-Trimmer-incorporat-80-125-microni-la-rece-si-cald-cu-functi/main_gallery/09_44c0ca7c.jpg,https://s13emagst.akamaized.net/products/102106/102105480/images/res_20e32e2295bfad6b08bd4031d5a5fe72.jpg,80,80,309157,"Set laminator A4/A5/A6, Excitat®, Trimmer incorporat, 80-125 microni la rece si cald cu functie ABS anti blocare, zgomot scazut, incalzire rapida, control inteligent al temperaturii in functie de grosime, max. 160°C, 320mm/min, 220V, Negru"
10,DFVT4S3BM,main_gallery,10,products/10_DFVT4S3BM_Set-laminator-A4A5A6-Excitat-Trimmer-incorporat-80-125-microni-la-rece-si-cald-cu-functi/main_gallery/10_206df96a.jpg,https://s13emagst.akamaized.net/products/102106/102105480/images/res_0e7f661189fcff3cae86dfdccdbd9b43.jpg,80,80,294285,"Set laminator A4/A5/A6, Excitat®, Trimmer incorporat, 80-125 microni la rece si cald cu functie ABS anti blocare, zgomot scazut, incalzire rapida, control inteligent al temperaturii in functie de grosime, max. 160°C, 320mm/min, 220V, Negru"
10,DFVT4S3BM,main_gallery,11,products/10_DFVT4S3BM_Set-laminator-A4A5A6-Excitat-Trimmer-incorporat-80-125-microni-la-rece-si-cald-cu-functi/main_gallery/11_1c13216b.jpg,https://s13emagst.akamaized.net/products/102106/102105480/images/res_73bccfde0f22cfaec76850747d9b171d.jpg,80,80,299183,"Set laminator A4/A5/A6, Excitat®, Trimmer incorporat, 80-125 microni la rece si cald cu functie ABS anti blocare, zgomot scazut, incalzire rapida, control inteligent al temperaturii in functie de grosime, max. 160°C, 320mm/min, 220V, Negru"
10,DFVT4S3BM,main_gallery,12,products/10_DFVT4S3BM_Set-laminator-A4A5A6-Excitat-Trimmer-incorporat-80-125-microni-la-rece-si-cald-cu-functi/main_gallery/12_0674159d.jpg,https://s13emagst.akamaized.net/products/102106/102105480/images/res_534073b53eff8ae89ae1295138be0e52.jpg,80,80,186378,"Set laminator A4/A5/A6, Excitat®, Trimmer incorporat, 80-125 microni la rece si cald cu functie ABS anti blocare, zgomot scazut, incalzire rapida, control inteligent al temperaturii in functie de grosime, max. 160°C, 320mm/min, 220V, Negru"
10,DFVT4S3BM,detail_image,1,products/10_DFVT4S3BM_Set-laminator-A4A5A6-Excitat-Trimmer-incorporat-80-125-microni-la-rece-si-cald-cu-functi/detail_images/01_86ec642b.gif,https://i.postimg.cc/Mp1WRmJT/9-21-1-1.gif,1280,640,13247033,"Set laminator A4/A5/A6, Excitat®, Trimmer incorporat, 80-125 microni la rece si cald cu functie ABS anti blocare, zgomot scazut, incalzire rapida, control inteligent al temperaturii in functie de grosime, max. 160°C, 320mm/min, 220V, Negru"
10,DFVT4S3BM,detail_image,2,products/10_DFVT4S3BM_Set-laminator-A4A5A6-Excitat-Trimmer-incorporat-80-125-microni-la-rece-si-cald-cu-functi/detail_images/02_05fb8010.jpg,https://i.postimg.cc/zvSDpRx4/detail-0fe2b157-9643-11f0-a945-751e56ff4634.jpg,0,0,175500,"Set laminator A4/A5/A6, Excitat®, Trimmer incorporat, 80-125 microni la rece si cald cu functie ABS anti blocare, zgomot scazut, incalzire rapida, control inteligent al temperaturii in functie de grosime, max. 160°C, 320mm/min, 220V, Negru"
10,DFVT4S3BM,detail_image,3,products/10_DFVT4S3BM_Set-laminator-A4A5A6-Excitat-Trimmer-incorporat-80-125-microni-la-rece-si-cald-cu-functi/detail_images/03_7feda922.jpg,https://i.postimg.cc/v8WmGpQd/detail-0fe2b159-9643-11f0-a945-751e56ff4634.jpg,0,0,167424,"Set laminator A4/A5/A6, Excitat®, Trimmer incorporat, 80-125 microni la rece si cald cu functie ABS anti blocare, zgomot scazut, incalzire rapida, control inteligent al temperaturii in functie de grosime, max. 160°C, 320mm/min, 220V, Negru"
10,DFVT4S3BM,detail_image,4,products/10_DFVT4S3BM_Set-laminator-A4A5A6-Excitat-Trimmer-incorporat-80-125-microni-la-rece-si-cald-cu-functi/detail_images/04_5ebcc5df.jpg,https://i.postimg.cc/Zq2qqm9M/detail-0fe2b154-9643-11f0-a945-751e56ff4634.jpg,0,0,129623,"Set laminator A4/A5/A6, Excitat®, Trimmer incorporat, 80-125 microni la rece si cald cu functie ABS anti blocare, zgomot scazut, incalzire rapida, control inteligent al temperaturii in functie de grosime, max. 160°C, 320mm/min, 220V, Negru"
10,DFVT4S3BM,detail_image,5,products/10_DFVT4S3BM_Set-laminator-A4A5A6-Excitat-Trimmer-incorporat-80-125-microni-la-rece-si-cald-cu-functi/detail_images/05_15ae90a9.jpg,https://i.postimg.cc/ZnhKrLxP/detail-0fe2b156-9643-11f0-a945-751e56ff4634.jpg,0,0,126239,"Set laminator A4/A5/A6, Excitat®, Trimmer incorporat, 80-125 microni la rece si cald cu functie ABS anti blocare, zgomot scazut, incalzire rapida, control inteligent al temperaturii in functie de grosime, max. 160°C, 320mm/min, 220V, Negru"
10,DFVT4S3BM,detail_image,6,products/10_DFVT4S3BM_Set-laminator-A4A5A6-Excitat-Trimmer-incorporat-80-125-microni-la-rece-si-cald-cu-functi/detail_images/06_129fbf62.jpg,https://i.postimg.cc/d1CVkfrh/detail-0fe2b155-9643-11f0-a945-751e56ff4634.jpg,0,0,124054,"Set laminator A4/A5/A6, Excitat®, Trimmer incorporat, 80-125 microni la rece si cald cu functie ABS anti blocare, zgomot scazut, incalzire rapida, control inteligent al temperaturii in functie de grosime, max. 160°C, 320mm/min, 220V, Negru"
10,DFVT4S3BM,detail_image,7,products/10_DFVT4S3BM_Set-laminator-A4A5A6-Excitat-Trimmer-incorporat-80-125-microni-la-rece-si-cald-cu-functi/detail_images/07_bca9a729.jpg,https://i.postimg.cc/05pN9L90/detail-0fe2b158-9643-11f0-a945-751e56ff4634.jpg,0,0,152611,"Set laminator A4/A5/A6, Excitat®, Trimmer incorporat, 80-125 microni la rece si cald cu functie ABS anti blocare, zgomot scazut, incalzire rapida, control inteligent al temperaturii in functie de grosime, max. 160°C, 320mm/min, 220V, Negru"
10,DFVT4S3BM,detail_image,8,products/10_DFVT4S3BM_Set-laminator-A4A5A6-Excitat-Trimmer-incorporat-80-125-microni-la-rece-si-cald-cu-functi/detail_images/08_42dd638d.gif,https://i.postimg.cc/85h9ZYcM/image.gif,0,0,2956582,"Set laminator A4/A5/A6, Excitat®, Trimmer incorporat, 80-125 microni la rece si cald cu functie ABS anti blocare, zgomot scazut, incalzire rapida, control inteligent al temperaturii in functie de grosime, max. 160°C, 320mm/min, 220V, Negru"
11,DBG0VS3BM,main_gallery,1,products/11_DBG0VS3BM_Uscator-de-par-Excitat-montare-pe-perete-fara-gaururi-Turbo-Thermo-Control-3-trepte-de-t/main_gallery/01_11b50300.jpg,https://s13emagst.akamaized.net/products/101819/101818901/images/res_95c7fce14b98cf40e14ad6d2e43512ba.jpg,80,80,206456,"Uscator de par Excitat®, montare pe perete fara gaururi, Turbo, Thermo Control, 3 trepte de temperatura, 2 trepte de viteza, 2200W, 220-240V, durabil si fiabil, pentru hotel, vestiare sau baie, Alb"
11,DBG0VS3BM,main_gallery,2,products/11_DBG0VS3BM_Uscator-de-par-Excitat-montare-pe-perete-fara-gaururi-Turbo-Thermo-Control-3-trepte-de-t/main_gallery/02_f9bb6d96.jpg,https://s13emagst.akamaized.net/products/101819/101818901/images/res_1c4a8e177df159f95ecd59c7ffa6cf6a.jpg,80,80,150111,"Uscator de par Excitat®, montare pe perete fara gaururi, Turbo, Thermo Control, 3 trepte de temperatura, 2 trepte de viteza, 2200W, 220-240V, durabil si fiabil, pentru hotel, vestiare sau baie, Alb"
11,DBG0VS3BM,main_gallery,3,products/11_DBG0VS3BM_Uscator-de-par-Excitat-montare-pe-perete-fara-gaururi-Turbo-Thermo-Control-3-trepte-de-t/main_gallery/03_c5dfbbf7.jpg,https://s13emagst.akamaized.net/products/101819/101818901/images/res_52627aa0cd3f15a1af460521d232e64c.jpg,80,80,161900,"Uscator de par Excitat®, montare pe perete fara gaururi, Turbo, Thermo Control, 3 trepte de temperatura, 2 trepte de viteza, 2200W, 220-240V, durabil si fiabil, pentru hotel, vestiare sau baie, Alb"
11,DBG0VS3BM,main_gallery,4,products/11_DBG0VS3BM_Uscator-de-par-Excitat-montare-pe-perete-fara-gaururi-Turbo-Thermo-Control-3-trepte-de-t/main_gallery/04_2dc8891e.jpg,https://s13emagst.akamaized.net/products/101819/101818901/images/res_08b5a3775df4b352cece96ba6b300eeb.jpg,80,80,479062,"Uscator de par Excitat®, montare pe perete fara gaururi, Turbo, Thermo Control, 3 trepte de temperatura, 2 trepte de viteza, 2200W, 220-240V, durabil si fiabil, pentru hotel, vestiare sau baie, Alb"
11,DBG0VS3BM,main_gallery,5,products/11_DBG0VS3BM_Uscator-de-par-Excitat-montare-pe-perete-fara-gaururi-Turbo-Thermo-Control-3-trepte-de-t/main_gallery/05_35b04023.jpg,https://s13emagst.akamaized.net/products/101819/101818901/images/res_2906d12f5b565fe57a0039be97b22429.jpg,80,80,204533,"Uscator de par Excitat®, montare pe perete fara gaururi, Turbo, Thermo Control, 3 trepte de temperatura, 2 trepte de viteza, 2200W, 220-240V, durabil si fiabil, pentru hotel, vestiare sau baie, Alb"
11,DBG0VS3BM,main_gallery,6,products/11_DBG0VS3BM_Uscator-de-par-Excitat-montare-pe-perete-fara-gaururi-Turbo-Thermo-Control-3-trepte-de-t/main_gallery/06_4e30b474.jpg,https://s13emagst.akamaized.net/products/101819/101818901/images/res_5fce024a6a55b5f2ed6637a1e3956f5b.jpg,80,80,231212,"Uscator de par Excitat®, montare pe perete fara gaururi, Turbo, Thermo Control, 3 trepte de temperatura, 2 trepte de viteza, 2200W, 220-240V, durabil si fiabil, pentru hotel, vestiare sau baie, Alb"
11,DBG0VS3BM,main_gallery,7,products/11_DBG0VS3BM_Uscator-de-par-Excitat-montare-pe-perete-fara-gaururi-Turbo-Thermo-Control-3-trepte-de-t/main_gallery/07_21119ede.jpg,https://s13emagst.akamaized.net/products/101819/101818901/images/res_efdd1fe7f47d45f36634c9bc7321f0ed.jpg,80,80,290550,"Uscator de par Excitat®, montare pe perete fara gaururi, Turbo, Thermo Control, 3 trepte de temperatura, 2 trepte de viteza, 2200W, 220-240V, durabil si fiabil, pentru hotel, vestiare sau baie, Alb"
11,DBG0VS3BM,detail_image,1,products/11_DBG0VS3BM_Uscator-de-par-Excitat-montare-pe-perete-fara-gaururi-Turbo-Thermo-Control-3-trepte-de-t/detail_images/01_02819abb.gif,https://i.postimg.cc/13KQ8KRR/image.gif,1252,640,6829773,"Uscator de par Excitat®, montare pe perete fara gaururi, Turbo, Thermo Control, 3 trepte de temperatura, 2 trepte de viteza, 2200W, 220-240V, durabil si fiabil, pentru hotel, vestiare sau baie, Alb"
11,DBG0VS3BM,detail_image,2,products/11_DBG0VS3BM_Uscator-de-par-Excitat-montare-pe-perete-fara-gaururi-Turbo-Thermo-Control-3-trepte-de-t/detail_images/02_2ffad58b.gif,https://marketplace-static.emag.ro/resources/000/057/598/710/57598710.gif,970,400,1072658,"Uscator de par Excitat®, montare pe perete fara gaururi, Turbo, Thermo Control, 3 trepte de temperatura, 2 trepte de viteza, 2200W, 220-240V, durabil si fiabil, pentru hotel, vestiare sau baie, Alb"
11,DBG0VS3BM,detail_image,3,products/11_DBG0VS3BM_Uscator-de-par-Excitat-montare-pe-perete-fara-gaururi-Turbo-Thermo-Control-3-trepte-de-t/detail_images/03_08b47d8b.jpg,https://i.postimg.cc/rFPNM0Vv/detail-9a0a2f94-93cb-11f0-a945-751e56ff4634.jpg,800,800,227275,"Uscator de par Excitat®, montare pe perete fara gaururi, Turbo, Thermo Control, 3 trepte de temperatura, 2 trepte de viteza, 2200W, 220-240V, durabil si fiabil, pentru hotel, vestiare sau baie, Alb"
11,DBG0VS3BM,detail_image,4,products/11_DBG0VS3BM_Uscator-de-par-Excitat-montare-pe-perete-fara-gaururi-Turbo-Thermo-Control-3-trepte-de-t/detail_images/04_d3446a46.jpg,https://i.postimg.cc/9011GLj5/detail-792187de-93c9-11f0-a945-751e56ff4634.jpg,800,800,82578,"Uscator de par Excitat®, montare pe perete fara gaururi, Turbo, Thermo Control, 3 trepte de temperatura, 2 trepte de viteza, 2200W, 220-240V, durabil si fiabil, pentru hotel, vestiare sau baie, Alb"
11,DBG0VS3BM,detail_image,5,products/11_DBG0VS3BM_Uscator-de-par-Excitat-montare-pe-perete-fara-gaururi-Turbo-Thermo-Control-3-trepte-de-t/detail_images/05_7d493de9.jpg,https://i.postimg.cc/kX4v0FmC/detail-792187e9-93c9-11f0-a945-751e56ff4634.jpg,472,800,94521,"Uscator de par Excitat®, montare pe perete fara gaururi, Turbo, Thermo Control, 3 trepte de temperatura, 2 trepte de viteza, 2200W, 220-240V, durabil si fiabil, pentru hotel, vestiare sau baie, Alb"
11,DBG0VS3BM,detail_image,6,products/11_DBG0VS3BM_Uscator-de-par-Excitat-montare-pe-perete-fara-gaururi-Turbo-Thermo-Control-3-trepte-de-t/detail_images/06_92f1e943.jpg,https://i.postimg.cc/xC3P2683/detail-792187e6-93c9-11f0-a945-751e56ff4634.jpg,523,800,84633,"Uscator de par Excitat®, montare pe perete fara gaururi, Turbo, Thermo Control, 3 trepte de temperatura, 2 trepte de viteza, 2200W, 220-240V, durabil si fiabil, pentru hotel, vestiare sau baie, Alb"
11,DBG0VS3BM,detail_image,7,products/11_DBG0VS3BM_Uscator-de-par-Excitat-montare-pe-perete-fara-gaururi-Turbo-Thermo-Control-3-trepte-de-t/detail_images/07_e8367f27.jpg,https://i.postimg.cc/63XhgkWs/detail-792187e5-93c9-11f0-a945-751e56ff4634.jpg,0,0,117361,"Uscator de par Excitat®, montare pe perete fara gaururi, Turbo, Thermo Control, 3 trepte de temperatura, 2 trepte de viteza, 2200W, 220-240V, durabil si fiabil, pentru hotel, vestiare sau baie, Alb"
11,DBG0VS3BM,detail_image,8,products/11_DBG0VS3BM_Uscator-de-par-Excitat-montare-pe-perete-fara-gaururi-Turbo-Thermo-Control-3-trepte-de-t/detail_images/08_04fa1141.jpg,https://i.postimg.cc/sDX4k9r7/detail-792187ea-93c9-11f0-a945-751e56ff4634.jpg,0,0,107302,"Uscator de par Excitat®, montare pe perete fara gaururi, Turbo, Thermo Control, 3 trepte de temperatura, 2 trepte de viteza, 2200W, 220-240V, durabil si fiabil, pentru hotel, vestiare sau baie, Alb"
11,DBG0VS3BM,detail_image,9,products/11_DBG0VS3BM_Uscator-de-par-Excitat-montare-pe-perete-fara-gaururi-Turbo-Thermo-Control-3-trepte-de-t/detail_images/09_1e1436bd.jpg,https://i.postimg.cc/tgP5rqHx/detail-792187e4-93c9-11f0-a945-751e56ff4634.jpg,0,0,85625,"Uscator de par Excitat®, montare pe perete fara gaururi, Turbo, Thermo Control, 3 trepte de temperatura, 2 trepte de viteza, 2200W, 220-240V, durabil si fiabil, pentru hotel, vestiare sau baie, Alb"
11,DBG0VS3BM,detail_image,10,products/11_DBG0VS3BM_Uscator-de-par-Excitat-montare-pe-perete-fara-gaururi-Turbo-Thermo-Control-3-trepte-de-t/detail_images/10_3e3459cd.jpg,https://i.postimg.cc/BZCh9nPp/detail-792187e0-93c9-11f0-a945-751e56ff4634.jpg,0,0,85753,"Uscator de par Excitat®, montare pe perete fara gaururi, Turbo, Thermo Control, 3 trepte de temperatura, 2 trepte de viteza, 2200W, 220-240V, durabil si fiabil, pentru hotel, vestiare sau baie, Alb"
11,DBG0VS3BM,detail_image,11,products/11_DBG0VS3BM_Uscator-de-par-Excitat-montare-pe-perete-fara-gaururi-Turbo-Thermo-Control-3-trepte-de-t/detail_images/11_50798539.jpg,https://i.postimg.cc/C5vHZdb9/detail-792187e7-93c9-11f0-a945-751e56ff4634.jpg,0,0,114475,"Uscator de par Excitat®, montare pe perete fara gaururi, Turbo, Thermo Control, 3 trepte de temperatura, 2 trepte de viteza, 2200W, 220-240V, durabil si fiabil, pentru hotel, vestiare sau baie, Alb"
11,DBG0VS3BM,detail_image,12,products/11_DBG0VS3BM_Uscator-de-par-Excitat-montare-pe-perete-fara-gaururi-Turbo-Thermo-Control-3-trepte-de-t/detail_images/12_acc22805.jpg,https://i.postimg.cc/tCS2Jv52/detail-792187e2-93c9-11f0-a945-751e56ff4634.jpg,0,0,101145,"Uscator de par Excitat®, montare pe perete fara gaururi, Turbo, Thermo Control, 3 trepte de temperatura, 2 trepte de viteza, 2200W, 220-240V, durabil si fiabil, pentru hotel, vestiare sau baie, Alb"
11,DBG0VS3BM,detail_image,13,products/11_DBG0VS3BM_Uscator-de-par-Excitat-montare-pe-perete-fara-gaururi-Turbo-Thermo-Control-3-trepte-de-t/detail_images/13_40e6bf49.jpg,https://i.postimg.cc/XYtLcZtW/detail-792187e3-93c9-11f0-a945-751e56ff4634.jpg,0,0,115200,"Uscator de par Excitat®, montare pe perete fara gaururi, Turbo, Thermo Control, 3 trepte de temperatura, 2 trepte de viteza, 2200W, 220-240V, durabil si fiabil, pentru hotel, vestiare sau baie, Alb"
11,DBG0VS3BM,detail_image,14,products/11_DBG0VS3BM_Uscator-de-par-Excitat-montare-pe-perete-fara-gaururi-Turbo-Thermo-Control-3-trepte-de-t/detail_images/14_9d7db92e.jpg,https://i.postimg.cc/cLtMHx6L/detail-41db7844-93d2-11f0-a945-751e56ff4634.jpg,0,0,51991,"Uscator de par Excitat®, montare pe perete fara gaururi, Turbo, Thermo Control, 3 trepte de temperatura, 2 trepte de viteza, 2200W, 220-240V, durabil si fiabil, pentru hotel, vestiare sau baie, Alb"
12,D6MHW43BM,main_gallery,1,products/12_D6MHW43BM_Cablu-de-incarcare-pentru-vehicul-electric-Excitat-Tip-2-la-Tip-2-32A-22kW-5m-trei-faze-/main_gallery/01_48af6c1d.jpg,https://s13emagst.akamaized.net/products/104339/104338711/images/res_84fdf789657f5a640d8e1d123068771b.jpg,80,80,373279,"Cablu de incarcare pentru vehicul electric, Excitat®, Tip 2 la Tip 2, 32A, 22kW, 5m, trei faze, impermeabil IP65, rezistent la ploaie si praf, pentru interior si exterior, compatibil cu majoritatea vehiculelor, cu geanta de transport"
12,D6MHW43BM,main_gallery,2,products/12_D6MHW43BM_Cablu-de-incarcare-pentru-vehicul-electric-Excitat-Tip-2-la-Tip-2-32A-22kW-5m-trei-faze-/main_gallery/02_e75d4b8e.jpg,https://s13emagst.akamaized.net/products/104339/104338711/images/res_dfc5e97e6182aa5bffc192752dee0ce1.jpg,80,80,374924,"Cablu de incarcare pentru vehicul electric, Excitat®, Tip 2 la Tip 2, 32A, 22kW, 5m, trei faze, impermeabil IP65, rezistent la ploaie si praf, pentru interior si exterior, compatibil cu majoritatea vehiculelor, cu geanta de transport"
12,D6MHW43BM,main_gallery,3,products/12_D6MHW43BM_Cablu-de-incarcare-pentru-vehicul-electric-Excitat-Tip-2-la-Tip-2-32A-22kW-5m-trei-faze-/main_gallery/03_715b4331.jpg,https://s13emagst.akamaized.net/products/104339/104338711/images/res_d0ebf787d9cda2bc24c417418fc1aa2f.jpg,80,80,275462,"Cablu de incarcare pentru vehicul electric, Excitat®, Tip 2 la Tip 2, 32A, 22kW, 5m, trei faze, impermeabil IP65, rezistent la ploaie si praf, pentru interior si exterior, compatibil cu majoritatea vehiculelor, cu geanta de transport"
12,D6MHW43BM,main_gallery,4,products/12_D6MHW43BM_Cablu-de-incarcare-pentru-vehicul-electric-Excitat-Tip-2-la-Tip-2-32A-22kW-5m-trei-faze-/main_gallery/04_b07d39b2.jpg,https://s13emagst.akamaized.net/products/104339/104338711/images/res_d150f23b35693f9a60d80a795ceed989.jpg,80,80,259390,"Cablu de incarcare pentru vehicul electric, Excitat®, Tip 2 la Tip 2, 32A, 22kW, 5m, trei faze, impermeabil IP65, rezistent la ploaie si praf, pentru interior si exterior, compatibil cu majoritatea vehiculelor, cu geanta de transport"
12,D6MHW43BM,main_gallery,5,products/12_D6MHW43BM_Cablu-de-incarcare-pentru-vehicul-electric-Excitat-Tip-2-la-Tip-2-32A-22kW-5m-trei-faze-/main_gallery/05_2d4f1bea.jpg,https://s13emagst.akamaized.net/products/104339/104338711/images/res_1b8e27362a02e0884ea6faea38b41c72.jpg,80,80,353033,"Cablu de incarcare pentru vehicul electric, Excitat®, Tip 2 la Tip 2, 32A, 22kW, 5m, trei faze, impermeabil IP65, rezistent la ploaie si praf, pentru interior si exterior, compatibil cu majoritatea vehiculelor, cu geanta de transport"
12,D6MHW43BM,main_gallery,6,products/12_D6MHW43BM_Cablu-de-incarcare-pentru-vehicul-electric-Excitat-Tip-2-la-Tip-2-32A-22kW-5m-trei-faze-/main_gallery/06_8adc420e.jpg,https://s13emagst.akamaized.net/products/104339/104338711/images/res_25ed7c75f7ae2dc65573769538fce6d8.jpg,80,80,427159,"Cablu de incarcare pentru vehicul electric, Excitat®, Tip 2 la Tip 2, 32A, 22kW, 5m, trei faze, impermeabil IP65, rezistent la ploaie si praf, pentru interior si exterior, compatibil cu majoritatea vehiculelor, cu geanta de transport"
12,D6MHW43BM,main_gallery,7,products/12_D6MHW43BM_Cablu-de-incarcare-pentru-vehicul-electric-Excitat-Tip-2-la-Tip-2-32A-22kW-5m-trei-faze-/main_gallery/07_5d2a6cae.jpg,https://s13emagst.akamaized.net/products/104339/104338711/images/res_b624af3957ae1865b92c4446cb2b201e.jpg,80,80,444084,"Cablu de incarcare pentru vehicul electric, Excitat®, Tip 2 la Tip 2, 32A, 22kW, 5m, trei faze, impermeabil IP65, rezistent la ploaie si praf, pentru interior si exterior, compatibil cu majoritatea vehiculelor, cu geanta de transport"
12,D6MHW43BM,main_gallery,8,products/12_D6MHW43BM_Cablu-de-incarcare-pentru-vehicul-electric-Excitat-Tip-2-la-Tip-2-32A-22kW-5m-trei-faze-/main_gallery/08_0afc38c3.jpg,https://s13emagst.akamaized.net/products/104339/104338711/images/res_2970aab4b40323aeadf275b563ff87c1.jpg,80,80,384782,"Cablu de incarcare pentru vehicul electric, Excitat®, Tip 2 la Tip 2, 32A, 22kW, 5m, trei faze, impermeabil IP65, rezistent la ploaie si praf, pentru interior si exterior, compatibil cu majoritatea vehiculelor, cu geanta de transport"
12,D6MHW43BM,main_gallery,9,products/12_D6MHW43BM_Cablu-de-incarcare-pentru-vehicul-electric-Excitat-Tip-2-la-Tip-2-32A-22kW-5m-trei-faze-/main_gallery/09_554f71fa.jpg,https://s13emagst.akamaized.net/products/104339/104338711/images/res_e6c03a7727087ab8aaa48586492398e2.jpg,80,80,432454,"Cablu de incarcare pentru vehicul electric, Excitat®, Tip 2 la Tip 2, 32A, 22kW, 5m, trei faze, impermeabil IP65, rezistent la ploaie si praf, pentru interior si exterior, compatibil cu majoritatea vehiculelor, cu geanta de transport"
12,D6MHW43BM,main_gallery,10,products/12_D6MHW43BM_Cablu-de-incarcare-pentru-vehicul-electric-Excitat-Tip-2-la-Tip-2-32A-22kW-5m-trei-faze-/main_gallery/10_a9f0fe01.jpg,https://s13emagst.akamaized.net/products/104339/104338711/images/res_d096a0519917e4f34bae7fc7af1091b7.jpg,80,80,333217,"Cablu de incarcare pentru vehicul electric, Excitat®, Tip 2 la Tip 2, 32A, 22kW, 5m, trei faze, impermeabil IP65, rezistent la ploaie si praf, pentru interior si exterior, compatibil cu majoritatea vehiculelor, cu geanta de transport"
12,D6MHW43BM,main_gallery,11,products/12_D6MHW43BM_Cablu-de-incarcare-pentru-vehicul-electric-Excitat-Tip-2-la-Tip-2-32A-22kW-5m-trei-faze-/main_gallery/11_54ffd3e7.jpg,https://s13emagst.akamaized.net/products/104339/104338711/images/res_963106b2ddade01c79c2264be8350afd.jpg,80,80,178862,"Cablu de incarcare pentru vehicul electric, Excitat®, Tip 2 la Tip 2, 32A, 22kW, 5m, trei faze, impermeabil IP65, rezistent la ploaie si praf, pentru interior si exterior, compatibil cu majoritatea vehiculelor, cu geanta de transport"
12,D6MHW43BM,detail_image,1,products/12_D6MHW43BM_Cablu-de-incarcare-pentru-vehicul-electric-Excitat-Tip-2-la-Tip-2-32A-22kW-5m-trei-faze-/detail_images/01_6d06ca94.jpg,https://i.postimg.cc/qBgWnW8L/E-dao-tu.jpg,2730,1300,918994,"Cablu de incarcare pentru vehicul electric, Excitat®, Tip 2 la Tip 2, 32A, 22kW, 5m, trei faze, impermeabil IP65, rezistent la ploaie si praf, pentru interior si exterior, compatibil cu majoritatea vehiculelor, cu geanta de transport"
12,D6MHW43BM,detail_image,2,products/12_D6MHW43BM_Cablu-de-incarcare-pentru-vehicul-electric-Excitat-Tip-2-la-Tip-2-32A-22kW-5m-trei-faze-/detail_images/02_4497b409.jpg,https://i.postimg.cc/8ksxWxhR/E1.jpg,1464,600,445656,"Cablu de incarcare pentru vehicul electric, Excitat®, Tip 2 la Tip 2, 32A, 22kW, 5m, trei faze, impermeabil IP65, rezistent la ploaie si praf, pentru interior si exterior, compatibil cu majoritatea vehiculelor, cu geanta de transport"
12,D6MHW43BM,detail_image,3,products/12_D6MHW43BM_Cablu-de-incarcare-pentru-vehicul-electric-Excitat-Tip-2-la-Tip-2-32A-22kW-5m-trei-faze-/detail_images/03_4d871ef7.jpg,https://i.postimg.cc/F15PXWCY/E2.jpg,1280,525,174041,"Cablu de incarcare pentru vehicul electric, Excitat®, Tip 2 la Tip 2, 32A, 22kW, 5m, trei faze, impermeabil IP65, rezistent la ploaie si praf, pentru interior si exterior, compatibil cu majoritatea vehiculelor, cu geanta de transport"
12,D6MHW43BM,detail_image,4,products/12_D6MHW43BM_Cablu-de-incarcare-pentru-vehicul-electric-Excitat-Tip-2-la-Tip-2-32A-22kW-5m-trei-faze-/detail_images/04_ed81ea39.jpg,https://i.postimg.cc/kD3jP1Yx/E2-1.jpg,1280,525,59518,"Cablu de incarcare pentru vehicul electric, Excitat®, Tip 2 la Tip 2, 32A, 22kW, 5m, trei faze, impermeabil IP65, rezistent la ploaie si praf, pentru interior si exterior, compatibil cu majoritatea vehiculelor, cu geanta de transport"
12,D6MHW43BM,detail_image,5,products/12_D6MHW43BM_Cablu-de-incarcare-pentru-vehicul-electric-Excitat-Tip-2-la-Tip-2-32A-22kW-5m-trei-faze-/detail_images/05_37c54e9d.jpg,https://i.postimg.cc/mhfdWXpN/E3.jpg,0,0,244436,"Cablu de incarcare pentru vehicul electric, Excitat®, Tip 2 la Tip 2, 32A, 22kW, 5m, trei faze, impermeabil IP65, rezistent la ploaie si praf, pentru interior si exterior, compatibil cu majoritatea vehiculelor, cu geanta de transport"
12,D6MHW43BM,detail_image,6,products/12_D6MHW43BM_Cablu-de-incarcare-pentru-vehicul-electric-Excitat-Tip-2-la-Tip-2-32A-22kW-5m-trei-faze-/detail_images/06_8c689c12.jpg,https://i.postimg.cc/8sQygKXH/E4.jpg,0,0,113031,"Cablu de incarcare pentru vehicul electric, Excitat®, Tip 2 la Tip 2, 32A, 22kW, 5m, trei faze, impermeabil IP65, rezistent la ploaie si praf, pentru interior si exterior, compatibil cu majoritatea vehiculelor, cu geanta de transport"
12,D6MHW43BM,detail_image,7,products/12_D6MHW43BM_Cablu-de-incarcare-pentru-vehicul-electric-Excitat-Tip-2-la-Tip-2-32A-22kW-5m-trei-faze-/detail_images/07_ae3764a6.jpg,https://i.postimg.cc/sxZn8dck/E5.jpg,0,0,147587,"Cablu de incarcare pentru vehicul electric, Excitat®, Tip 2 la Tip 2, 32A, 22kW, 5m, trei faze, impermeabil IP65, rezistent la ploaie si praf, pentru interior si exterior, compatibil cu majoritatea vehiculelor, cu geanta de transport"
12,D6MHW43BM,detail_image,8,products/12_D6MHW43BM_Cablu-de-incarcare-pentru-vehicul-electric-Excitat-Tip-2-la-Tip-2-32A-22kW-5m-trei-faze-/detail_images/08_0a14d3f0.jpg,https://i.postimg.cc/kGtjZ3sX/E6.jpg,0,0,166242,"Cablu de incarcare pentru vehicul electric, Excitat®, Tip 2 la Tip 2, 32A, 22kW, 5m, trei faze, impermeabil IP65, rezistent la ploaie si praf, pentru interior si exterior, compatibil cu majoritatea vehiculelor, cu geanta de transport"
12,D6MHW43BM,detail_image,9,products/12_D6MHW43BM_Cablu-de-incarcare-pentru-vehicul-electric-Excitat-Tip-2-la-Tip-2-32A-22kW-5m-trei-faze-/detail_images/09_286c083c.jpg,https://i.postimg.cc/MHjs42D3/E7.jpg,0,0,170096,"Cablu de incarcare pentru vehicul electric, Excitat®, Tip 2 la Tip 2, 32A, 22kW, 5m, trei faze, impermeabil IP65, rezistent la ploaie si praf, pentru interior si exterior, compatibil cu majoritatea vehiculelor, cu geanta de transport"
12,D6MHW43BM,detail_image,10,products/12_D6MHW43BM_Cablu-de-incarcare-pentru-vehicul-electric-Excitat-Tip-2-la-Tip-2-32A-22kW-5m-trei-faze-/detail_images/10_22a63705.jpg,https://i.postimg.cc/Y9Pnbq6B/E8.jpg,0,0,87101,"Cablu de incarcare pentru vehicul electric, Excitat®, Tip 2 la Tip 2, 32A, 22kW, 5m, trei faze, impermeabil IP65, rezistent la ploaie si praf, pentru interior si exterior, compatibil cu majoritatea vehiculelor, cu geanta de transport"
12,D6MHW43BM,detail_image,11,products/12_D6MHW43BM_Cablu-de-incarcare-pentru-vehicul-electric-Excitat-Tip-2-la-Tip-2-32A-22kW-5m-trei-faze-/detail_images/11_d65a2e05.jpg,https://i.postimg.cc/90qxS5bm/E9.jpg,0,0,115504,"Cablu de incarcare pentru vehicul electric, Excitat®, Tip 2 la Tip 2, 32A, 22kW, 5m, trei faze, impermeabil IP65, rezistent la ploaie si praf, pentru interior si exterior, compatibil cu majoritatea vehiculelor, cu geanta de transport"
12,D6MHW43BM,detail_image,12,products/12_D6MHW43BM_Cablu-de-incarcare-pentru-vehicul-electric-Excitat-Tip-2-la-Tip-2-32A-22kW-5m-trei-faze-/detail_images/12_25982a32.jpg,https://i.postimg.cc/J0BTgVx7/E10.jpg,0,0,81286,"Cablu de incarcare pentru vehicul electric, Excitat®, Tip 2 la Tip 2, 32A, 22kW, 5m, trei faze, impermeabil IP65, rezistent la ploaie si praf, pentru interior si exterior, compatibil cu majoritatea vehiculelor, cu geanta de transport"
12,D6MHW43BM,detail_image,13,products/12_D6MHW43BM_Cablu-de-incarcare-pentru-vehicul-electric-Excitat-Tip-2-la-Tip-2-32A-22kW-5m-trei-faze-/detail_images/13_959720b8.jpg,https://i.postimg.cc/7b8BrstC/E11.jpg,0,0,249861,"Cablu de incarcare pentru vehicul electric, Excitat®, Tip 2 la Tip 2, 32A, 22kW, 5m, trei faze, impermeabil IP65, rezistent la ploaie si praf, pentru interior si exterior, compatibil cu majoritatea vehiculelor, cu geanta de transport"
13,D393L43BM,main_gallery,1,products/13_D393L43BM_Set-de-4-balamale-pliabile-cu-40-suruburi-Excitat-otel-unghi-reglabil-090180-pentru-masa/main_gallery/01_778a22a1.jpg,https://s13emagst.akamaized.net/products/104064/104063283/images/res_98c08c1cf10b76f28b58e46bb74ff63c.jpg,80,80,536582,"Set de 4 balamale pliabile cu 40 suruburi, Excitat®, otel, unghi reglabil 0°/90°/180°, pentru masa, birou, dulap, mobilier pliabil, Argintiu"
13,D393L43BM,main_gallery,2,products/13_D393L43BM_Set-de-4-balamale-pliabile-cu-40-suruburi-Excitat-otel-unghi-reglabil-090180-pentru-masa/main_gallery/02_ef311c4d.jpg,https://s13emagst.akamaized.net/products/104064/104063283/images/res_9bf5e581ffeb339add93d5370f472370.jpg,80,80,143291,"Set de 4 balamale pliabile cu 40 suruburi, Excitat®, otel, unghi reglabil 0°/90°/180°, pentru masa, birou, dulap, mobilier pliabil, Argintiu"
13,D393L43BM,main_gallery,3,products/13_D393L43BM_Set-de-4-balamale-pliabile-cu-40-suruburi-Excitat-otel-unghi-reglabil-090180-pentru-masa/main_gallery/03_9f20c3a5.jpg,https://s13emagst.akamaized.net/products/104064/104063283/images/res_afd44fd15e1938ebb651bf1b9bdf4ad0.jpg,80,80,281366,"Set de 4 balamale pliabile cu 40 suruburi, Excitat®, otel, unghi reglabil 0°/90°/180°, pentru masa, birou, dulap, mobilier pliabil, Argintiu"
13,D393L43BM,main_gallery,4,products/13_D393L43BM_Set-de-4-balamale-pliabile-cu-40-suruburi-Excitat-otel-unghi-reglabil-090180-pentru-masa/main_gallery/04_a2f0a55d.jpg,https://s13emagst.akamaized.net/products/104064/104063283/images/res_946b19e71d95daeeeab2d81bfced1e1d.jpg,80,80,206477,"Set de 4 balamale pliabile cu 40 suruburi, Excitat®, otel, unghi reglabil 0°/90°/180°, pentru masa, birou, dulap, mobilier pliabil, Argintiu"
13,D393L43BM,main_gallery,5,products/13_D393L43BM_Set-de-4-balamale-pliabile-cu-40-suruburi-Excitat-otel-unghi-reglabil-090180-pentru-masa/main_gallery/05_3df39be9.jpg,https://s13emagst.akamaized.net/products/104064/104063283/images/res_e2f2717fd4418a057d31c6eb7397f2f2.jpg,80,80,282428,"Set de 4 balamale pliabile cu 40 suruburi, Excitat®, otel, unghi reglabil 0°/90°/180°, pentru masa, birou, dulap, mobilier pliabil, Argintiu"
13,D393L43BM,main_gallery,6,products/13_D393L43BM_Set-de-4-balamale-pliabile-cu-40-suruburi-Excitat-otel-unghi-reglabil-090180-pentru-masa/main_gallery/06_abd66425.jpg,https://s13emagst.akamaized.net/products/104064/104063283/images/res_296ef76c52c73fd1f6b3f8dd693cbd0e.jpg,80,80,221731,"Set de 4 balamale pliabile cu 40 suruburi, Excitat®, otel, unghi reglabil 0°/90°/180°, pentru masa, birou, dulap, mobilier pliabil, Argintiu"
13,D393L43BM,main_gallery,7,products/13_D393L43BM_Set-de-4-balamale-pliabile-cu-40-suruburi-Excitat-otel-unghi-reglabil-090180-pentru-masa/main_gallery/07_a6b7092f.jpg,https://s13emagst.akamaized.net/products/104064/104063283/images/res_ed3442051a082795f51f4d0824b6d333.jpg,80,80,351413,"Set de 4 balamale pliabile cu 40 suruburi, Excitat®, otel, unghi reglabil 0°/90°/180°, pentru masa, birou, dulap, mobilier pliabil, Argintiu"
13,D393L43BM,main_gallery,8,products/13_D393L43BM_Set-de-4-balamale-pliabile-cu-40-suruburi-Excitat-otel-unghi-reglabil-090180-pentru-masa/main_gallery/08_81265c4d.jpg,https://s13emagst.akamaized.net/products/104064/104063283/images/res_74baaa4ce729497eb39027dc76aee06f.jpg,80,80,290999,"Set de 4 balamale pliabile cu 40 suruburi, Excitat®, otel, unghi reglabil 0°/90°/180°, pentru masa, birou, dulap, mobilier pliabil, Argintiu"
13,D393L43BM,main_gallery,9,products/13_D393L43BM_Set-de-4-balamale-pliabile-cu-40-suruburi-Excitat-otel-unghi-reglabil-090180-pentru-masa/main_gallery/09_7ab3e229.jpg,https://s13emagst.akamaized.net/products/104064/104063283/images/res_4918bab628a05a5076fd1c472a4e2e0a.jpg,80,80,381058,"Set de 4 balamale pliabile cu 40 suruburi, Excitat®, otel, unghi reglabil 0°/90°/180°, pentru masa, birou, dulap, mobilier pliabil, Argintiu"
13,D393L43BM,main_gallery,10,products/13_D393L43BM_Set-de-4-balamale-pliabile-cu-40-suruburi-Excitat-otel-unghi-reglabil-090180-pentru-masa/main_gallery/10_fc0b00aa.jpg,https://s13emagst.akamaized.net/products/104064/104063283/images/res_def3ba67062bae159c0cd36b9d7bbb14.jpg,80,80,482253,"Set de 4 balamale pliabile cu 40 suruburi, Excitat®, otel, unghi reglabil 0°/90°/180°, pentru masa, birou, dulap, mobilier pliabil, Argintiu"
13,D393L43BM,detail_image,1,products/13_D393L43BM_Set-de-4-balamale-pliabile-cu-40-suruburi-Excitat-otel-unghi-reglabil-090180-pentru-masa/detail_images/01_f344e991.jpg,https://i.postimg.cc/25SDNK0y/detail-a919ef5a-9d6d-11f0-aad8-23a3b6d8f861.jpg,1280,720,279939,"Set de 4 balamale pliabile cu 40 suruburi, Excitat®, otel, unghi reglabil 0°/90°/180°, pentru masa, birou, dulap, mobilier pliabil, Argintiu"
13,D393L43BM,detail_image,2,products/13_D393L43BM_Set-de-4-balamale-pliabile-cu-40-suruburi-Excitat-otel-unghi-reglabil-090180-pentru-masa/detail_images/02_1d1124b2.gif,https://marketplace-static.emag.ro/resources/000/057/640/167/57640167.gif,970,450,4421974,"Set de 4 balamale pliabile cu 40 suruburi, Excitat®, otel, unghi reglabil 0°/90°/180°, pentru masa, birou, dulap, mobilier pliabil, Argintiu"
13,D393L43BM,detail_image,3,products/13_D393L43BM_Set-de-4-balamale-pliabile-cu-40-suruburi-Excitat-otel-unghi-reglabil-090180-pentru-masa/detail_images/03_24491732.jpg,https://i.postimg.cc/h4zKGNcd/detail-a7f084f1-9d6d-11f0-aad8-23a3b6d8f861.jpg,970,680,354675,"Set de 4 balamale pliabile cu 40 suruburi, Excitat®, otel, unghi reglabil 0°/90°/180°, pentru masa, birou, dulap, mobilier pliabil, Argintiu"
13,D393L43BM,detail_image,4,products/13_D393L43BM_Set-de-4-balamale-pliabile-cu-40-suruburi-Excitat-otel-unghi-reglabil-090180-pentru-masa/detail_images/04_4fcaeba0.jpg,https://i.postimg.cc/GmrRq2Y1/detail-a7f084f4-9d6d-11f0-aad8-23a3b6d8f861.jpg,800,800,165595,"Set de 4 balamale pliabile cu 40 suruburi, Excitat®, otel, unghi reglabil 0°/90°/180°, pentru masa, birou, dulap, mobilier pliabil, Argintiu"
13,D393L43BM,detail_image,5,products/13_D393L43BM_Set-de-4-balamale-pliabile-cu-40-suruburi-Excitat-otel-unghi-reglabil-090180-pentru-masa/detail_images/05_252eed6a.jpg,https://i.postimg.cc/ZK6Z83W7/detail-a7f084f3-9d6d-11f0-aad8-23a3b6d8f861.jpg,800,800,128650,"Set de 4 balamale pliabile cu 40 suruburi, Excitat®, otel, unghi reglabil 0°/90°/180°, pentru masa, birou, dulap, mobilier pliabil, Argintiu"
13,D393L43BM,detail_image,6,products/13_D393L43BM_Set-de-4-balamale-pliabile-cu-40-suruburi-Excitat-otel-unghi-reglabil-090180-pentru-masa/detail_images/06_d92a76f0.jpg,https://i.postimg.cc/Z0t7YWZV/detail-a7f084ef-9d6d-11f0-aad8-23a3b6d8f861.jpg,300,300,56240,"Set de 4 balamale pliabile cu 40 suruburi, Excitat®, otel, unghi reglabil 0°/90°/180°, pentru masa, birou, dulap, mobilier pliabil, Argintiu"
13,D393L43BM,detail_image,7,products/13_D393L43BM_Set-de-4-balamale-pliabile-cu-40-suruburi-Excitat-otel-unghi-reglabil-090180-pentru-masa/detail_images/07_d1ce84ea.jpg,https://i.postimg.cc/z3ZtDy5X/detail-a7f084ee-9d6d-11f0-aad8-23a3b6d8f861.jpg,300,300,43417,"Set de 4 balamale pliabile cu 40 suruburi, Excitat®, otel, unghi reglabil 0°/90°/180°, pentru masa, birou, dulap, mobilier pliabil, Argintiu"
13,D393L43BM,detail_image,8,products/13_D393L43BM_Set-de-4-balamale-pliabile-cu-40-suruburi-Excitat-otel-unghi-reglabil-090180-pentru-masa/detail_images/08_74c31cb5.jpg,https://i.postimg.cc/HxnP6GBn/detail-a7f084eb-9d6d-11f0-aad8-23a3b6d8f861.jpg,300,300,36908,"Set de 4 balamale pliabile cu 40 suruburi, Excitat®, otel, unghi reglabil 0°/90°/180°, pentru masa, birou, dulap, mobilier pliabil, Argintiu"
13,D393L43BM,detail_image,9,products/13_D393L43BM_Set-de-4-balamale-pliabile-cu-40-suruburi-Excitat-otel-unghi-reglabil-090180-pentru-masa/detail_images/09_2a21a4d9.jpg,https://i.postimg.cc/2yB9f4sP/detail-a7f084ed-9d6d-11f0-aad8-23a3b6d8f861.jpg,220,220,30081,"Set de 4 balamale pliabile cu 40 suruburi, Excitat®, otel, unghi reglabil 0°/90°/180°, pentru masa, birou, dulap, mobilier pliabil, Argintiu"
13,D393L43BM,detail_image,10,products/13_D393L43BM_Set-de-4-balamale-pliabile-cu-40-suruburi-Excitat-otel-unghi-reglabil-090180-pentru-masa/detail_images/10_0d5177a5.jpg,https://i.postimg.cc/T2LTPBfR/detail-a7f084f0-9d6d-11f0-aad8-23a3b6d8f861.jpg,220,220,45813,"Set de 4 balamale pliabile cu 40 suruburi, Excitat®, otel, unghi reglabil 0°/90°/180°, pentru masa, birou, dulap, mobilier pliabil, Argintiu"
13,D393L43BM,detail_image,11,products/13_D393L43BM_Set-de-4-balamale-pliabile-cu-40-suruburi-Excitat-otel-unghi-reglabil-090180-pentru-masa/detail_images/11_688b1103.jpg,https://i.postimg.cc/Px7Vc6RK/detail-a7f084ec-9d6d-11f0-aad8-23a3b6d8f861.jpg,0,0,44444,"Set de 4 balamale pliabile cu 40 suruburi, Excitat®, otel, unghi reglabil 0°/90°/180°, pentru masa, birou, dulap, mobilier pliabil, Argintiu"
13,D393L43BM,detail_image,12,products/13_D393L43BM_Set-de-4-balamale-pliabile-cu-40-suruburi-Excitat-otel-unghi-reglabil-090180-pentru-masa/detail_images/12_5e99b7ce.jpg,https://i.postimg.cc/6QYmV6VY/detail-a7f084ea-9d6d-11f0-aad8-23a3b6d8f861.jpg,0,0,41271,"Set de 4 balamale pliabile cu 40 suruburi, Excitat®, otel, unghi reglabil 0°/90°/180°, pentru masa, birou, dulap, mobilier pliabil, Argintiu"
13,D393L43BM,detail_image,13,products/13_D393L43BM_Set-de-4-balamale-pliabile-cu-40-suruburi-Excitat-otel-unghi-reglabil-090180-pentru-masa/detail_images/13_4f45218b.jpg,https://i.postimg.cc/Jzm8PnJj/detail-a7f084f5-9d6d-11f0-aad8-23a3b6d8f861.jpg,0,0,166415,"Set de 4 balamale pliabile cu 40 suruburi, Excitat®, otel, unghi reglabil 0°/90°/180°, pentru masa, birou, dulap, mobilier pliabil, Argintiu"
13,D393L43BM,detail_image,14,products/13_D393L43BM_Set-de-4-balamale-pliabile-cu-40-suruburi-Excitat-otel-unghi-reglabil-090180-pentru-masa/detail_images/14_b7766cf2.jpg,https://i.postimg.cc/7ZVkckMj/detail-a7f084f6-9d6d-11f0-aad8-23a3b6d8f861.jpg,0,0,159660,"Set de 4 balamale pliabile cu 40 suruburi, Excitat®, otel, unghi reglabil 0°/90°/180°, pentru masa, birou, dulap, mobilier pliabil, Argintiu"
14,DDQ5ZS3BM,main_gallery,1,products/14_DDQ5ZS3BM_Set-laminator-A3A4A5A6-Excitat-Trimmer-incorporat-80-125-microni-la-rece-si-cald-cu-func/main_gallery/01_a0d2c038.jpg,https://s13emagst.akamaized.net/products/102269/102268448/images/res_b9727eb5e248adf5d4b805610935a928.jpg,80,80,390856,"Set laminator A3/A4/A5/A6, Excitat®, Trimmer incorporat, 80-125 microni la rece si cald cu functie ABS anti blocare, zgomot scazut, incalzire rapida, control inteligent al temperaturii in functie de grosime, 115-145 °C, 355mm/min, 220-240V, Alb"
14,DDQ5ZS3BM,main_gallery,2,products/14_DDQ5ZS3BM_Set-laminator-A3A4A5A6-Excitat-Trimmer-incorporat-80-125-microni-la-rece-si-cald-cu-func/main_gallery/02_6912491b.jpg,https://s13emagst.akamaized.net/products/102269/102268448/images/res_6c2c29291b168654b157b0a18a8797b8.jpg,80,80,324646,"Set laminator A3/A4/A5/A6, Excitat®, Trimmer incorporat, 80-125 microni la rece si cald cu functie ABS anti blocare, zgomot scazut, incalzire rapida, control inteligent al temperaturii in functie de grosime, 115-145 °C, 355mm/min, 220-240V, Alb"
14,DDQ5ZS3BM,main_gallery,3,products/14_DDQ5ZS3BM_Set-laminator-A3A4A5A6-Excitat-Trimmer-incorporat-80-125-microni-la-rece-si-cald-cu-func/main_gallery/03_7b63787a.jpg,https://s13emagst.akamaized.net/products/102269/102268448/images/res_5d0056f880fb826ebcb7608776a09418.jpg,80,80,350352,"Set laminator A3/A4/A5/A6, Excitat®, Trimmer incorporat, 80-125 microni la rece si cald cu functie ABS anti blocare, zgomot scazut, incalzire rapida, control inteligent al temperaturii in functie de grosime, 115-145 °C, 355mm/min, 220-240V, Alb"
14,DDQ5ZS3BM,main_gallery,4,products/14_DDQ5ZS3BM_Set-laminator-A3A4A5A6-Excitat-Trimmer-incorporat-80-125-microni-la-rece-si-cald-cu-func/main_gallery/04_30a94dca.jpg,https://s13emagst.akamaized.net/products/102269/102268448/images/res_b12c405a51a82c2f05a2c1c6f191cf18.jpg,80,80,351660,"Set laminator A3/A4/A5/A6, Excitat®, Trimmer incorporat, 80-125 microni la rece si cald cu functie ABS anti blocare, zgomot scazut, incalzire rapida, control inteligent al temperaturii in functie de grosime, 115-145 °C, 355mm/min, 220-240V, Alb"
14,DDQ5ZS3BM,main_gallery,5,products/14_DDQ5ZS3BM_Set-laminator-A3A4A5A6-Excitat-Trimmer-incorporat-80-125-microni-la-rece-si-cald-cu-func/main_gallery/05_b43d5715.jpg,https://s13emagst.akamaized.net/products/102269/102268448/images/res_0d515e369525039b6dc62fa76a8a1b94.jpg,80,80,212370,"Set laminator A3/A4/A5/A6, Excitat®, Trimmer incorporat, 80-125 microni la rece si cald cu functie ABS anti blocare, zgomot scazut, incalzire rapida, control inteligent al temperaturii in functie de grosime, 115-145 °C, 355mm/min, 220-240V, Alb"
14,DDQ5ZS3BM,main_gallery,6,products/14_DDQ5ZS3BM_Set-laminator-A3A4A5A6-Excitat-Trimmer-incorporat-80-125-microni-la-rece-si-cald-cu-func/main_gallery/06_acab5c59.jpg,https://s13emagst.akamaized.net/products/102269/102268448/images/res_407cf9af1df71cd4c8a0f3e98a822dc0.jpg,80,80,290273,"Set laminator A3/A4/A5/A6, Excitat®, Trimmer incorporat, 80-125 microni la rece si cald cu functie ABS anti blocare, zgomot scazut, incalzire rapida, control inteligent al temperaturii in functie de grosime, 115-145 °C, 355mm/min, 220-240V, Alb"
14,DDQ5ZS3BM,main_gallery,7,products/14_DDQ5ZS3BM_Set-laminator-A3A4A5A6-Excitat-Trimmer-incorporat-80-125-microni-la-rece-si-cald-cu-func/main_gallery/07_15e092bd.jpg,https://s13emagst.akamaized.net/products/102269/102268448/images/res_d0d3c8b88c8b2cff0f2d52975c7e68f0.jpg,80,80,349670,"Set laminator A3/A4/A5/A6, Excitat®, Trimmer incorporat, 80-125 microni la rece si cald cu functie ABS anti blocare, zgomot scazut, incalzire rapida, control inteligent al temperaturii in functie de grosime, 115-145 °C, 355mm/min, 220-240V, Alb"
14,DDQ5ZS3BM,main_gallery,8,products/14_DDQ5ZS3BM_Set-laminator-A3A4A5A6-Excitat-Trimmer-incorporat-80-125-microni-la-rece-si-cald-cu-func/main_gallery/08_b8b3cdb6.jpg,https://s13emagst.akamaized.net/products/102269/102268448/images/res_a4c6726409fab1c20cf2120596c3e1b1.jpg,80,80,508929,"Set laminator A3/A4/A5/A6, Excitat®, Trimmer incorporat, 80-125 microni la rece si cald cu functie ABS anti blocare, zgomot scazut, incalzire rapida, control inteligent al temperaturii in functie de grosime, 115-145 °C, 355mm/min, 220-240V, Alb"
14,DDQ5ZS3BM,detail_image,1,products/14_DDQ5ZS3BM_Set-laminator-A3A4A5A6-Excitat-Trimmer-incorporat-80-125-microni-la-rece-si-cald-cu-func/detail_images/01_e1f737b1.gif,https://marketplace-static.emag.ro/resources/000/057/606/326/57606326.gif,970,400,924694,"Set laminator A3/A4/A5/A6, Excitat®, Trimmer incorporat, 80-125 microni la rece si cald cu functie ABS anti blocare, zgomot scazut, incalzire rapida, control inteligent al temperaturii in functie de grosime, 115-145 °C, 355mm/min, 220-240V, Alb"
14,DDQ5ZS3BM,detail_image,2,products/14_DDQ5ZS3BM_Set-laminator-A3A4A5A6-Excitat-Trimmer-incorporat-80-125-microni-la-rece-si-cald-cu-func/detail_images/02_510a8bb9.jpg,https://i.postimg.cc/Gp8cVfMg/detail-3ec8f818-9673-11f0-a945-751e56ff4634.jpg,1280,766,216107,"Set laminator A3/A4/A5/A6, Excitat®, Trimmer incorporat, 80-125 microni la rece si cald cu functie ABS anti blocare, zgomot scazut, incalzire rapida, control inteligent al temperaturii in functie de grosime, 115-145 °C, 355mm/min, 220-240V, Alb"
14,DDQ5ZS3BM,detail_image,3,products/14_DDQ5ZS3BM_Set-laminator-A3A4A5A6-Excitat-Trimmer-incorporat-80-125-microni-la-rece-si-cald-cu-func/detail_images/03_84215ed8.png,https://i.postimg.cc/wvs4CCsJ/detail-3ec8f819-9673-11f0-a945-751e56ff4634.png,1200,800,1187259,"Set laminator A3/A4/A5/A6, Excitat®, Trimmer incorporat, 80-125 microni la rece si cald cu functie ABS anti blocare, zgomot scazut, incalzire rapida, control inteligent al temperaturii in functie de grosime, 115-145 °C, 355mm/min, 220-240V, Alb"
14,DDQ5ZS3BM,detail_image,4,products/14_DDQ5ZS3BM_Set-laminator-A3A4A5A6-Excitat-Trimmer-incorporat-80-125-microni-la-rece-si-cald-cu-func/detail_images/04_1dd0da2c.jpg,https://i.postimg.cc/kXJ7qG1g/detail-83683e6a-96c4-11f0-a945-751e56ff4634.jpg,1200,800,257464,"Set laminator A3/A4/A5/A6, Excitat®, Trimmer incorporat, 80-125 microni la rece si cald cu functie ABS anti blocare, zgomot scazut, incalzire rapida, control inteligent al temperaturii in functie de grosime, 115-145 °C, 355mm/min, 220-240V, Alb"
14,DDQ5ZS3BM,detail_image,5,products/14_DDQ5ZS3BM_Set-laminator-A3A4A5A6-Excitat-Trimmer-incorporat-80-125-microni-la-rece-si-cald-cu-func/detail_images/05_e8607db4.jpg,https://i.postimg.cc/4xFf8G1z/detail-3cc0520d-9673-11f0-a945-751e56ff4634.jpg,1200,800,259582,"Set laminator A3/A4/A5/A6, Excitat®, Trimmer incorporat, 80-125 microni la rece si cald cu functie ABS anti blocare, zgomot scazut, incalzire rapida, control inteligent al temperaturii in functie de grosime, 115-145 °C, 355mm/min, 220-240V, Alb"
14,DDQ5ZS3BM,detail_image,6,products/14_DDQ5ZS3BM_Set-laminator-A3A4A5A6-Excitat-Trimmer-incorporat-80-125-microni-la-rece-si-cald-cu-func/detail_images/06_f35fb4eb.jpg,https://i.postimg.cc/qv7BXq2k/detail-3cc0520c-9673-11f0-a945-751e56ff4634.jpg,1200,800,164476,"Set laminator A3/A4/A5/A6, Excitat®, Trimmer incorporat, 80-125 microni la rece si cald cu functie ABS anti blocare, zgomot scazut, incalzire rapida, control inteligent al temperaturii in functie de grosime, 115-145 °C, 355mm/min, 220-240V, Alb"
14,DDQ5ZS3BM,detail_image,7,products/14_DDQ5ZS3BM_Set-laminator-A3A4A5A6-Excitat-Trimmer-incorporat-80-125-microni-la-rece-si-cald-cu-func/detail_images/07_677464ea.jpg,https://i.postimg.cc/mD7T2HWF/detail-3ec8f81a-9673-11f0-a945-751e56ff4634.jpg,1280,752,230721,"Set laminator A3/A4/A5/A6, Excitat®, Trimmer incorporat, 80-125 microni la rece si cald cu functie ABS anti blocare, zgomot scazut, incalzire rapida, control inteligent al temperaturii in functie de grosime, 115-145 °C, 355mm/min, 220-240V, Alb"
14,DDQ5ZS3BM,detail_image,8,products/14_DDQ5ZS3BM_Set-laminator-A3A4A5A6-Excitat-Trimmer-incorporat-80-125-microni-la-rece-si-cald-cu-func/detail_images/08_04e67fbe.jpg,https://i.postimg.cc/7Y9Y20G7/detail-3cc0520b-9673-11f0-a945-751e56ff4634.jpg,1200,800,176048,"Set laminator A3/A4/A5/A6, Excitat®, Trimmer incorporat, 80-125 microni la rece si cald cu functie ABS anti blocare, zgomot scazut, incalzire rapida, control inteligent al temperaturii in functie de grosime, 115-145 °C, 355mm/min, 220-240V, Alb"
14,DDQ5ZS3BM,detail_image,9,products/14_DDQ5ZS3BM_Set-laminator-A3A4A5A6-Excitat-Trimmer-incorporat-80-125-microni-la-rece-si-cald-cu-func/detail_images/09_9868a19c.jpg,https://i.postimg.cc/c40LCXHs/detail-3cc0520a-9673-11f0-a945-751e56ff4634.jpg,1280,572,224264,"Set laminator A3/A4/A5/A6, Excitat®, Trimmer incorporat, 80-125 microni la rece si cald cu functie ABS anti blocare, zgomot scazut, incalzire rapida, control inteligent al temperaturii in functie de grosime, 115-145 °C, 355mm/min, 220-240V, Alb"
15,DNBX0S3BM,main_gallery,1,products/15_DNBX0S3BM_Set-12-Bandana-multifunctionala-Excitat-Geometric-Cu-functii-de-respirabilitate-si-absor/main_gallery/01_b0749cb5.jpg,https://s13emagst.akamaized.net/products/101898/101897722/images/res_e04042edccf6982cee0c089c206c9940.jpg,80,80,442883,"Set 12 Bandana multifunctionala, Excitat®, Geometric, Cu functii de respirabilitate si absorbtie a apei, Usor de curatat, Unisex, Ideal pentru ciclism, alergare, camping, Poliester"
15,DNBX0S3BM,main_gallery,2,products/15_DNBX0S3BM_Set-12-Bandana-multifunctionala-Excitat-Geometric-Cu-functii-de-respirabilitate-si-absor/main_gallery/02_6564e537.jpg,https://s13emagst.akamaized.net/products/101898/101897722/images/res_2660e834ca9095ce705401b529458dba.jpg,80,80,355401,"Set 12 Bandana multifunctionala, Excitat®, Geometric, Cu functii de respirabilitate si absorbtie a apei, Usor de curatat, Unisex, Ideal pentru ciclism, alergare, camping, Poliester"
15,DNBX0S3BM,main_gallery,3,products/15_DNBX0S3BM_Set-12-Bandana-multifunctionala-Excitat-Geometric-Cu-functii-de-respirabilitate-si-absor/main_gallery/03_78d57c61.jpg,https://s13emagst.akamaized.net/products/101898/101897722/images/res_e98df70808697705c94bfff687b5b336.jpg,80,80,409505,"Set 12 Bandana multifunctionala, Excitat®, Geometric, Cu functii de respirabilitate si absorbtie a apei, Usor de curatat, Unisex, Ideal pentru ciclism, alergare, camping, Poliester"
15,DNBX0S3BM,main_gallery,4,products/15_DNBX0S3BM_Set-12-Bandana-multifunctionala-Excitat-Geometric-Cu-functii-de-respirabilitate-si-absor/main_gallery/04_25392a13.jpg,https://s13emagst.akamaized.net/products/101898/101897722/images/res_9d43c2c1824a531f9b627e838de8b724.jpg,80,80,593528,"Set 12 Bandana multifunctionala, Excitat®, Geometric, Cu functii de respirabilitate si absorbtie a apei, Usor de curatat, Unisex, Ideal pentru ciclism, alergare, camping, Poliester"
15,DNBX0S3BM,main_gallery,5,products/15_DNBX0S3BM_Set-12-Bandana-multifunctionala-Excitat-Geometric-Cu-functii-de-respirabilitate-si-absor/main_gallery/05_9f2d0424.jpg,https://s13emagst.akamaized.net/products/101898/101897722/images/res_154d67767c9f1a0c59bdda77eeb163f5.jpg,80,80,513810,"Set 12 Bandana multifunctionala, Excitat®, Geometric, Cu functii de respirabilitate si absorbtie a apei, Usor de curatat, Unisex, Ideal pentru ciclism, alergare, camping, Poliester"
15,DNBX0S3BM,main_gallery,6,products/15_DNBX0S3BM_Set-12-Bandana-multifunctionala-Excitat-Geometric-Cu-functii-de-respirabilitate-si-absor/main_gallery/06_b3cbac2d.jpg,https://s13emagst.akamaized.net/products/101898/101897722/images/res_39e2e5fdaab39a4ba41f4d493ffc97c9.jpg,80,80,520465,"Set 12 Bandana multifunctionala, Excitat®, Geometric, Cu functii de respirabilitate si absorbtie a apei, Usor de curatat, Unisex, Ideal pentru ciclism, alergare, camping, Poliester"
15,DNBX0S3BM,main_gallery,7,products/15_DNBX0S3BM_Set-12-Bandana-multifunctionala-Excitat-Geometric-Cu-functii-de-respirabilitate-si-absor/main_gallery/07_2f557cd6.jpg,https://s13emagst.akamaized.net/products/101898/101897722/images/res_893589387c6d0016910009906e28f072.jpg,80,80,554499,"Set 12 Bandana multifunctionala, Excitat®, Geometric, Cu functii de respirabilitate si absorbtie a apei, Usor de curatat, Unisex, Ideal pentru ciclism, alergare, camping, Poliester"
15,DNBX0S3BM,main_gallery,8,products/15_DNBX0S3BM_Set-12-Bandana-multifunctionala-Excitat-Geometric-Cu-functii-de-respirabilitate-si-absor/main_gallery/08_debc3c58.jpg,https://s13emagst.akamaized.net/products/101898/101897722/images/res_4f4adf8ec40a37d767b0755123d7c6eb.jpg,80,80,612020,"Set 12 Bandana multifunctionala, Excitat®, Geometric, Cu functii de respirabilitate si absorbtie a apei, Usor de curatat, Unisex, Ideal pentru ciclism, alergare, camping, Poliester"
15,DNBX0S3BM,main_gallery,9,products/15_DNBX0S3BM_Set-12-Bandana-multifunctionala-Excitat-Geometric-Cu-functii-de-respirabilitate-si-absor/main_gallery/09_0a652bde.jpg,https://s13emagst.akamaized.net/products/101898/101897722/images/res_9612c192924ded432ce9fce076ff79f0.jpg,80,80,355011,"Set 12 Bandana multifunctionala, Excitat®, Geometric, Cu functii de respirabilitate si absorbtie a apei, Usor de curatat, Unisex, Ideal pentru ciclism, alergare, camping, Poliester"
15,DNBX0S3BM,main_gallery,10,products/15_DNBX0S3BM_Set-12-Bandana-multifunctionala-Excitat-Geometric-Cu-functii-de-respirabilitate-si-absor/main_gallery/10_af3b7f41.jpg,https://s13emagst.akamaized.net/products/101898/101897722/images/res_dae724846201b1f94660e8436c104f3a.jpg,80,80,485525,"Set 12 Bandana multifunctionala, Excitat®, Geometric, Cu functii de respirabilitate si absorbtie a apei, Usor de curatat, Unisex, Ideal pentru ciclism, alergare, camping, Poliester"
15,DNBX0S3BM,detail_image,1,products/15_DNBX0S3BM_Set-12-Bandana-multifunctionala-Excitat-Geometric-Cu-functii-de-respirabilitate-si-absor/detail_images/01_f736c9e0.gif,https://i.postimg.cc/525CwCS2/61302369.gif,970,400,1072658,"Set 12 Bandana multifunctionala, Excitat®, Geometric, Cu functii de respirabilitate si absorbtie a apei, Usor de curatat, Unisex, Ideal pentru ciclism, alergare, camping, Poliester"
15,DNBX0S3BM,detail_image,2,products/15_DNBX0S3BM_Set-12-Bandana-multifunctionala-Excitat-Geometric-Cu-functii-de-respirabilitate-si-absor/detail_images/02_36beeedf.jpg,https://i.postimg.cc/CLy2YQcY/detail-258748fa-8d8f-11f0-a945-751e56ff4634.jpg,1280,657,324608,"Set 12 Bandana multifunctionala, Excitat®, Geometric, Cu functii de respirabilitate si absorbtie a apei, Usor de curatat, Unisex, Ideal pentru ciclism, alergare, camping, Poliester"
15,DNBX0S3BM,detail_image,3,products/15_DNBX0S3BM_Set-12-Bandana-multifunctionala-Excitat-Geometric-Cu-functii-de-respirabilitate-si-absor/detail_images/03_f0b16425.jpg,https://i.postimg.cc/Vs0hx8B7/detail-258748f8-8d8f-11f0-a945-751e56ff4634.jpg,1280,602,272486,"Set 12 Bandana multifunctionala, Excitat®, Geometric, Cu functii de respirabilitate si absorbtie a apei, Usor de curatat, Unisex, Ideal pentru ciclism, alergare, camping, Poliester"
15,DNBX0S3BM,detail_image,4,products/15_DNBX0S3BM_Set-12-Bandana-multifunctionala-Excitat-Geometric-Cu-functii-de-respirabilitate-si-absor/detail_images/04_8480b729.jpg,https://i.postimg.cc/nrmwB4hz/detail-258748f7-8d8f-11f0-a945-751e56ff4634.jpg,1280,567,283471,"Set 12 Bandana multifunctionala, Excitat®, Geometric, Cu functii de respirabilitate si absorbtie a apei, Usor de curatat, Unisex, Ideal pentru ciclism, alergare, camping, Poliester"
15,DNBX0S3BM,detail_image,5,products/15_DNBX0S3BM_Set-12-Bandana-multifunctionala-Excitat-Geometric-Cu-functii-de-respirabilitate-si-absor/detail_images/05_344dd0fc.jpg,https://i.postimg.cc/9Xwk6hY2/detail-258748f9-8d8f-11f0-a945-751e56ff4634.jpg,901,800,201183,"Set 12 Bandana multifunctionala, Excitat®, Geometric, Cu functii de respirabilitate si absorbtie a apei, Usor de curatat, Unisex, Ideal pentru ciclism, alergare, camping, Poliester"
15,DNBX0S3BM,detail_image,6,products/15_DNBX0S3BM_Set-12-Bandana-multifunctionala-Excitat-Geometric-Cu-functii-de-respirabilitate-si-absor/detail_images/06_a6fa3166.jpg,https://i.postimg.cc/tJ6mW3CL/detail-258748f6-8d8f-11f0-a945-751e56ff4634.jpg,1280,175,63661,"Set 12 Bandana multifunctionala, Excitat®, Geometric, Cu functii de respirabilitate si absorbtie a apei, Usor de curatat, Unisex, Ideal pentru ciclism, alergare, camping, Poliester"
16,DQ3BGS3BM,main_gallery,1,products/16_DQ3BGS3BM_Cleste-Perforator-Magnetic-pentru-Capse-Excitat-maner-ergonomic-set-cu-1000-capse-500-au/main_gallery/01_40fea845.jpg,https://s13emagst.akamaized.net/products/102371/102370691/images/res_0b921a03bbcfa84c023922607b9d0edd.jpg,80,80,376085,"Cleste Perforator Magnetic pentru Capse, Excitat®, maner ergonomic, set cu 1000 capse (500 auriu + 500 argintiu) Ø10.5 mm, cu husa de depozitare, Gri/Portocaliu"
16,DQ3BGS3BM,main_gallery,2,products/16_DQ3BGS3BM_Cleste-Perforator-Magnetic-pentru-Capse-Excitat-maner-ergonomic-set-cu-1000-capse-500-au/main_gallery/02_c42b726f.jpg,https://s13emagst.akamaized.net/products/102371/102370691/images/res_67068d1e1fef1791d575998254f19976.jpg,80,80,417406,"Cleste Perforator Magnetic pentru Capse, Excitat®, maner ergonomic, set cu 1000 capse (500 auriu + 500 argintiu) Ø10.5 mm, cu husa de depozitare, Gri/Portocaliu"
16,DQ3BGS3BM,main_gallery,3,products/16_DQ3BGS3BM_Cleste-Perforator-Magnetic-pentru-Capse-Excitat-maner-ergonomic-set-cu-1000-capse-500-au/main_gallery/03_4bf46728.jpg,https://s13emagst.akamaized.net/products/102371/102370691/images/res_72bbc78e659cd106e73b8565839e3674.jpg,80,80,274637,"Cleste Perforator Magnetic pentru Capse, Excitat®, maner ergonomic, set cu 1000 capse (500 auriu + 500 argintiu) Ø10.5 mm, cu husa de depozitare, Gri/Portocaliu"
16,DQ3BGS3BM,main_gallery,4,products/16_DQ3BGS3BM_Cleste-Perforator-Magnetic-pentru-Capse-Excitat-maner-ergonomic-set-cu-1000-capse-500-au/main_gallery/04_06189e10.jpg,https://s13emagst.akamaized.net/products/102371/102370691/images/res_bb89ee3b5db1c0aa4913f7012c4daa0a.jpg,80,80,505976,"Cleste Perforator Magnetic pentru Capse, Excitat®, maner ergonomic, set cu 1000 capse (500 auriu + 500 argintiu) Ø10.5 mm, cu husa de depozitare, Gri/Portocaliu"
16,DQ3BGS3BM,main_gallery,5,products/16_DQ3BGS3BM_Cleste-Perforator-Magnetic-pentru-Capse-Excitat-maner-ergonomic-set-cu-1000-capse-500-au/main_gallery/05_4e9c6f1c.jpg,https://s13emagst.akamaized.net/products/102371/102370691/images/res_2061e603dcb9565856ca42a40509f53b.jpg,80,80,267360,"Cleste Perforator Magnetic pentru Capse, Excitat®, maner ergonomic, set cu 1000 capse (500 auriu + 500 argintiu) Ø10.5 mm, cu husa de depozitare, Gri/Portocaliu"
16,DQ3BGS3BM,main_gallery,6,products/16_DQ3BGS3BM_Cleste-Perforator-Magnetic-pentru-Capse-Excitat-maner-ergonomic-set-cu-1000-capse-500-au/main_gallery/06_44d6d550.jpg,https://s13emagst.akamaized.net/products/102371/102370691/images/res_4d86eaa7ed8a4807ed7ccda2a9c4aa22.jpg,80,80,306217,"Cleste Perforator Magnetic pentru Capse, Excitat®, maner ergonomic, set cu 1000 capse (500 auriu + 500 argintiu) Ø10.5 mm, cu husa de depozitare, Gri/Portocaliu"
16,DQ3BGS3BM,main_gallery,7,products/16_DQ3BGS3BM_Cleste-Perforator-Magnetic-pentru-Capse-Excitat-maner-ergonomic-set-cu-1000-capse-500-au/main_gallery/07_a0e9674b.jpg,https://s13emagst.akamaized.net/products/102371/102370691/images/res_11521baa061205e37d96dde306243ae1.jpg,80,80,307699,"Cleste Perforator Magnetic pentru Capse, Excitat®, maner ergonomic, set cu 1000 capse (500 auriu + 500 argintiu) Ø10.5 mm, cu husa de depozitare, Gri/Portocaliu"
16,DQ3BGS3BM,main_gallery,8,products/16_DQ3BGS3BM_Cleste-Perforator-Magnetic-pentru-Capse-Excitat-maner-ergonomic-set-cu-1000-capse-500-au/main_gallery/08_d4397957.jpg,https://s13emagst.akamaized.net/products/102371/102370691/images/res_368572d28137931d45a741750aa4683c.jpg,80,80,251877,"Cleste Perforator Magnetic pentru Capse, Excitat®, maner ergonomic, set cu 1000 capse (500 auriu + 500 argintiu) Ø10.5 mm, cu husa de depozitare, Gri/Portocaliu"
16,DQ3BGS3BM,main_gallery,9,products/16_DQ3BGS3BM_Cleste-Perforator-Magnetic-pentru-Capse-Excitat-maner-ergonomic-set-cu-1000-capse-500-au/main_gallery/09_70dbd029.jpg,https://s13emagst.akamaized.net/products/102371/102370691/images/res_2f3ec8c43ce84fa2461730e8dc1cb1c7.jpg,80,80,304266,"Cleste Perforator Magnetic pentru Capse, Excitat®, maner ergonomic, set cu 1000 capse (500 auriu + 500 argintiu) Ø10.5 mm, cu husa de depozitare, Gri/Portocaliu"
16,DQ3BGS3BM,main_gallery,10,products/16_DQ3BGS3BM_Cleste-Perforator-Magnetic-pentru-Capse-Excitat-maner-ergonomic-set-cu-1000-capse-500-au/main_gallery/10_fd8ce427.jpg,https://s13emagst.akamaized.net/products/102371/102370691/images/res_9adfc7c9c683210b2f65a3b9a37bcbcf.jpg,80,80,351265,"Cleste Perforator Magnetic pentru Capse, Excitat®, maner ergonomic, set cu 1000 capse (500 auriu + 500 argintiu) Ø10.5 mm, cu husa de depozitare, Gri/Portocaliu"
16,DQ3BGS3BM,main_gallery,11,products/16_DQ3BGS3BM_Cleste-Perforator-Magnetic-pentru-Capse-Excitat-maner-ergonomic-set-cu-1000-capse-500-au/main_gallery/11_7a493d80.jpg,https://s13emagst.akamaized.net/products/102371/102370691/images/res_a984c154025593ac349c88c6f03f98bf.jpg,80,80,566776,"Cleste Perforator Magnetic pentru Capse, Excitat®, maner ergonomic, set cu 1000 capse (500 auriu + 500 argintiu) Ø10.5 mm, cu husa de depozitare, Gri/Portocaliu"
16,DQ3BGS3BM,main_gallery,12,products/16_DQ3BGS3BM_Cleste-Perforator-Magnetic-pentru-Capse-Excitat-maner-ergonomic-set-cu-1000-capse-500-au/main_gallery/12_7a000113.jpg,https://s13emagst.akamaized.net/products/102371/102370691/images/res_fbd041ecc62a2b6d598ca8b616f43ee1.jpg,80,80,332494,"Cleste Perforator Magnetic pentru Capse, Excitat®, maner ergonomic, set cu 1000 capse (500 auriu + 500 argintiu) Ø10.5 mm, cu husa de depozitare, Gri/Portocaliu"
16,DQ3BGS3BM,main_gallery,13,products/16_DQ3BGS3BM_Cleste-Perforator-Magnetic-pentru-Capse-Excitat-maner-ergonomic-set-cu-1000-capse-500-au/main_gallery/13_23d7150e.jpg,https://s13emagst.akamaized.net/products/102371/102370691/images/res_cc88cca675eb9801f93b07a9df0ab7c2.jpg,80,80,451045,"Cleste Perforator Magnetic pentru Capse, Excitat®, maner ergonomic, set cu 1000 capse (500 auriu + 500 argintiu) Ø10.5 mm, cu husa de depozitare, Gri/Portocaliu"
16,DQ3BGS3BM,detail_image,1,products/16_DQ3BGS3BM_Cleste-Perforator-Magnetic-pentru-Capse-Excitat-maner-ergonomic-set-cu-1000-capse-500-au/detail_images/01_0fd4f898.jpg,https://i.postimg.cc/L6GRfD4N/detail-d78953e5-9c43-11f0-aad8-23a3b6d8f861.jpg,0,0,159647,"Cleste Perforator Magnetic pentru Capse, Excitat®, maner ergonomic, set cu 1000 capse (500 auriu + 500 argintiu) Ø10.5 mm, cu husa de depozitare, Gri/Portocaliu"
16,DQ3BGS3BM,detail_image,2,products/16_DQ3BGS3BM_Cleste-Perforator-Magnetic-pentru-Capse-Excitat-maner-ergonomic-set-cu-1000-capse-500-au/detail_images/02_eb44c36e.jpg,https://i.postimg.cc/T3mxcbpT/detail-d78953e7-9c43-11f0-aad8-23a3b6d8f861.jpg,1280,525,157310,"Cleste Perforator Magnetic pentru Capse, Excitat®, maner ergonomic, set cu 1000 capse (500 auriu + 500 argintiu) Ø10.5 mm, cu husa de depozitare, Gri/Portocaliu"
16,DQ3BGS3BM,detail_image,3,products/16_DQ3BGS3BM_Cleste-Perforator-Magnetic-pentru-Capse-Excitat-maner-ergonomic-set-cu-1000-capse-500-au/detail_images/03_77ee5f9b.jpg,https://i.postimg.cc/BZYJZsdC/detail-d78953e2-9c43-11f0-aad8-23a3b6d8f861.jpg,1280,640,126549,"Cleste Perforator Magnetic pentru Capse, Excitat®, maner ergonomic, set cu 1000 capse (500 auriu + 500 argintiu) Ø10.5 mm, cu husa de depozitare, Gri/Portocaliu"
16,DQ3BGS3BM,detail_image,4,products/16_DQ3BGS3BM_Cleste-Perforator-Magnetic-pentru-Capse-Excitat-maner-ergonomic-set-cu-1000-capse-500-au/detail_images/04_a39af64f.jpg,https://i.postimg.cc/ZKXZ3HYd/detail-d78953e4-9c43-11f0-aad8-23a3b6d8f861.jpg,1280,640,124396,"Cleste Perforator Magnetic pentru Capse, Excitat®, maner ergonomic, set cu 1000 capse (500 auriu + 500 argintiu) Ø10.5 mm, cu husa de depozitare, Gri/Portocaliu"
16,DQ3BGS3BM,detail_image,5,products/16_DQ3BGS3BM_Cleste-Perforator-Magnetic-pentru-Capse-Excitat-maner-ergonomic-set-cu-1000-capse-500-au/detail_images/05_3a974070.jpg,https://i.postimg.cc/4NYsmqGg/detail-d78953e3-9c43-11f0-aad8-23a3b6d8f861.jpg,1280,640,150235,"Cleste Perforator Magnetic pentru Capse, Excitat®, maner ergonomic, set cu 1000 capse (500 auriu + 500 argintiu) Ø10.5 mm, cu husa de depozitare, Gri/Portocaliu"
16,DQ3BGS3BM,detail_image,6,products/16_DQ3BGS3BM_Cleste-Perforator-Magnetic-pentru-Capse-Excitat-maner-ergonomic-set-cu-1000-capse-500-au/detail_images/06_9e7c7904.jpg,https://i.postimg.cc/x1HQPmq4/detail-d78953e6-9c43-11f0-aad8-23a3b6d8f861.jpg,0,0,139690,"Cleste Perforator Magnetic pentru Capse, Excitat®, maner ergonomic, set cu 1000 capse (500 auriu + 500 argintiu) Ø10.5 mm, cu husa de depozitare, Gri/Portocaliu"
16,DQ3BGS3BM,detail_image,7,products/16_DQ3BGS3BM_Cleste-Perforator-Magnetic-pentru-Capse-Excitat-maner-ergonomic-set-cu-1000-capse-500-au/detail_images/07_38f700df.jpg,https://i.postimg.cc/3wFHsHXd/detail-d78953e9-9c43-11f0-aad8-23a3b6d8f861.jpg,0,0,180804,"Cleste Perforator Magnetic pentru Capse, Excitat®, maner ergonomic, set cu 1000 capse (500 auriu + 500 argintiu) Ø10.5 mm, cu husa de depozitare, Gri/Portocaliu"
16,DQ3BGS3BM,detail_image,8,products/16_DQ3BGS3BM_Cleste-Perforator-Magnetic-pentru-Capse-Excitat-maner-ergonomic-set-cu-1000-capse-500-au/detail_images/08_d35aa95e.jpg,https://i.postimg.cc/KY22pYMc/detail-d78953e8-9c43-11f0-aad8-23a3b6d8f861.jpg,0,0,207064,"Cleste Perforator Magnetic pentru Capse, Excitat®, maner ergonomic, set cu 1000 capse (500 auriu + 500 argintiu) Ø10.5 mm, cu husa de depozitare, Gri/Portocaliu"
16,DQ3BGS3BM,detail_image,9,products/16_DQ3BGS3BM_Cleste-Perforator-Magnetic-pentru-Capse-Excitat-maner-ergonomic-set-cu-1000-capse-500-au/detail_images/09_e3dbec3a.jpg,https://i.postimg.cc/DzPK9KrD/detail-d78953ea-9c43-11f0-aad8-23a3b6d8f861.jpg,0,0,214226,"Cleste Perforator Magnetic pentru Capse, Excitat®, maner ergonomic, set cu 1000 capse (500 auriu + 500 argintiu) Ø10.5 mm, cu husa de depozitare, Gri/Portocaliu"
16,DQ3BGS3BM,detail_image,10,products/16_DQ3BGS3BM_Cleste-Perforator-Magnetic-pentru-Capse-Excitat-maner-ergonomic-set-cu-1000-capse-500-au/detail_images/10_9e6fc1d3.jpg,https://i.postimg.cc/85kVDnwc/detail-cb4ef39e-9c47-11f0-aad8-23a3b6d8f861.jpg,0,0,170079,"Cleste Perforator Magnetic pentru Capse, Excitat®, maner ergonomic, set cu 1000 capse (500 auriu + 500 argintiu) Ø10.5 mm, cu husa de depozitare, Gri/Portocaliu"
17,DGFGJW3BM,main_gallery,1,products/17_DGFGJW3BM_Telefon-fix-cu-fir-Excitat-Telefon-de-Birou-Clasic-dotat-cu-Alarma-Volum-Reglabil-si-Lum/main_gallery/01_18805a80.jpg,https://s13emagst.akamaized.net/products/114099/114098102/images/res_ac2ae9e7c5e044f4875bea25f19612fe.jpg,80,80,283034,"Telefon fix cu fir Excitat®, Telefon de Birou Clasic dotat cu Alarma, Volum Reglabil si Lumina LCD Reglabila, pentru Hotel, Birou, Receptie, Negru"
17,DGFGJW3BM,main_gallery,2,products/17_DGFGJW3BM_Telefon-fix-cu-fir-Excitat-Telefon-de-Birou-Clasic-dotat-cu-Alarma-Volum-Reglabil-si-Lum/main_gallery/02_fc20fce1.jpg,https://s13emagst.akamaized.net/products/114099/114098102/images/res_cf7228ca8f6865e06265ded7b8a0749f.jpg,80,80,215544,"Telefon fix cu fir Excitat®, Telefon de Birou Clasic dotat cu Alarma, Volum Reglabil si Lumina LCD Reglabila, pentru Hotel, Birou, Receptie, Negru"
17,DGFGJW3BM,main_gallery,3,products/17_DGFGJW3BM_Telefon-fix-cu-fir-Excitat-Telefon-de-Birou-Clasic-dotat-cu-Alarma-Volum-Reglabil-si-Lum/main_gallery/03_94f1dd07.jpg,https://s13emagst.akamaized.net/products/114099/114098102/images/res_39141ec36085e9600635862ed89b70e3.jpg,80,80,151062,"Telefon fix cu fir Excitat®, Telefon de Birou Clasic dotat cu Alarma, Volum Reglabil si Lumina LCD Reglabila, pentru Hotel, Birou, Receptie, Negru"
17,DGFGJW3BM,main_gallery,4,products/17_DGFGJW3BM_Telefon-fix-cu-fir-Excitat-Telefon-de-Birou-Clasic-dotat-cu-Alarma-Volum-Reglabil-si-Lum/main_gallery/04_7e148de5.jpg,https://s13emagst.akamaized.net/products/114099/114098102/images/res_55f672e3a8ed30a167855b578d188dde.jpg,80,80,214849,"Telefon fix cu fir Excitat®, Telefon de Birou Clasic dotat cu Alarma, Volum Reglabil si Lumina LCD Reglabila, pentru Hotel, Birou, Receptie, Negru"
17,DGFGJW3BM,main_gallery,5,products/17_DGFGJW3BM_Telefon-fix-cu-fir-Excitat-Telefon-de-Birou-Clasic-dotat-cu-Alarma-Volum-Reglabil-si-Lum/main_gallery/05_ede82766.jpg,https://s13emagst.akamaized.net/products/114099/114098102/images/res_b98f3e880b9a6faa911b744999bd0a40.jpg,80,80,269372,"Telefon fix cu fir Excitat®, Telefon de Birou Clasic dotat cu Alarma, Volum Reglabil si Lumina LCD Reglabila, pentru Hotel, Birou, Receptie, Negru"
17,DGFGJW3BM,main_gallery,6,products/17_DGFGJW3BM_Telefon-fix-cu-fir-Excitat-Telefon-de-Birou-Clasic-dotat-cu-Alarma-Volum-Reglabil-si-Lum/main_gallery/06_43da56ec.jpg,https://s13emagst.akamaized.net/products/114099/114098102/images/res_2e88767b22ebb743f760525e264d7f22.jpg,80,80,251812,"Telefon fix cu fir Excitat®, Telefon de Birou Clasic dotat cu Alarma, Volum Reglabil si Lumina LCD Reglabila, pentru Hotel, Birou, Receptie, Negru"
17,DGFGJW3BM,main_gallery,7,products/17_DGFGJW3BM_Telefon-fix-cu-fir-Excitat-Telefon-de-Birou-Clasic-dotat-cu-Alarma-Volum-Reglabil-si-Lum/main_gallery/07_0f9f4fd2.jpg,https://s13emagst.akamaized.net/products/114099/114098102/images/res_9d90aef7edefd5391c00f189bad190ad.jpg,80,80,348967,"Telefon fix cu fir Excitat®, Telefon de Birou Clasic dotat cu Alarma, Volum Reglabil si Lumina LCD Reglabila, pentru Hotel, Birou, Receptie, Negru"
17,DGFGJW3BM,main_gallery,8,products/17_DGFGJW3BM_Telefon-fix-cu-fir-Excitat-Telefon-de-Birou-Clasic-dotat-cu-Alarma-Volum-Reglabil-si-Lum/main_gallery/08_9f70c0e1.jpg,https://s13emagst.akamaized.net/products/114099/114098102/images/res_354ca98326c738e3e536ab65f3a51443.jpg,80,80,224735,"Telefon fix cu fir Excitat®, Telefon de Birou Clasic dotat cu Alarma, Volum Reglabil si Lumina LCD Reglabila, pentru Hotel, Birou, Receptie, Negru"
17,DGFGJW3BM,main_gallery,9,products/17_DGFGJW3BM_Telefon-fix-cu-fir-Excitat-Telefon-de-Birou-Clasic-dotat-cu-Alarma-Volum-Reglabil-si-Lum/main_gallery/09_7241fa72.jpg,https://s13emagst.akamaized.net/products/114099/114098102/images/res_a1887dfdb5c6eb17b2b59d6689cc2472.jpg,80,80,190536,"Telefon fix cu fir Excitat®, Telefon de Birou Clasic dotat cu Alarma, Volum Reglabil si Lumina LCD Reglabila, pentru Hotel, Birou, Receptie, Negru"
17,DGFGJW3BM,detail_image,1,products/17_DGFGJW3BM_Telefon-fix-cu-fir-Excitat-Telefon-de-Birou-Clasic-dotat-cu-Alarma-Volum-Reglabil-si-Lum/detail_images/01_50a0f68e.jpg,https://i.postimg.cc/CMrmWYhz/dao-tu.jpg,1280,956,188636,"Telefon fix cu fir Excitat®, Telefon de Birou Clasic dotat cu Alarma, Volum Reglabil si Lumina LCD Reglabila, pentru Hotel, Birou, Receptie, Negru"
17,DGFGJW3BM,detail_image,2,products/17_DGFGJW3BM_Telefon-fix-cu-fir-Excitat-Telefon-de-Birou-Clasic-dotat-cu-Alarma-Volum-Reglabil-si-Lum/detail_images/02_61a99d0e.jpg,https://i.postimg.cc/RCSDkXwp/1.jpg,1500,1500,458648,"Telefon fix cu fir Excitat®, Telefon de Birou Clasic dotat cu Alarma, Volum Reglabil si Lumina LCD Reglabila, pentru Hotel, Birou, Receptie, Negru"
17,DGFGJW3BM,detail_image,3,products/17_DGFGJW3BM_Telefon-fix-cu-fir-Excitat-Telefon-de-Birou-Clasic-dotat-cu-Alarma-Volum-Reglabil-si-Lum/detail_images/03_dc0b02a2.jpg,https://i.postimg.cc/YkMZLqTv/2.jpg,1500,2000,1016467,"Telefon fix cu fir Excitat®, Telefon de Birou Clasic dotat cu Alarma, Volum Reglabil si Lumina LCD Reglabila, pentru Hotel, Birou, Receptie, Negru"
17,DGFGJW3BM,detail_image,4,products/17_DGFGJW3BM_Telefon-fix-cu-fir-Excitat-Telefon-de-Birou-Clasic-dotat-cu-Alarma-Volum-Reglabil-si-Lum/detail_images/04_cd7313e2.jpg,https://i.postimg.cc/PhT9vr0f/3.jpg,1500,1500,301186,"Telefon fix cu fir Excitat®, Telefon de Birou Clasic dotat cu Alarma, Volum Reglabil si Lumina LCD Reglabila, pentru Hotel, Birou, Receptie, Negru"
17,DGFGJW3BM,detail_image,5,products/17_DGFGJW3BM_Telefon-fix-cu-fir-Excitat-Telefon-de-Birou-Clasic-dotat-cu-Alarma-Volum-Reglabil-si-Lum/detail_images/05_d179861f.jpg,https://i.postimg.cc/Fz6pcbWD/4.jpg,0,0,80585,"Telefon fix cu fir Excitat®, Telefon de Birou Clasic dotat cu Alarma, Volum Reglabil si Lumina LCD Reglabila, pentru Hotel, Birou, Receptie, Negru"
17,DGFGJW3BM,detail_image,6,products/17_DGFGJW3BM_Telefon-fix-cu-fir-Excitat-Telefon-de-Birou-Clasic-dotat-cu-Alarma-Volum-Reglabil-si-Lum/detail_images/06_d2c8733b.jpg,https://i.postimg.cc/3r8csn2S/5.jpg,0,0,535175,"Telefon fix cu fir Excitat®, Telefon de Birou Clasic dotat cu Alarma, Volum Reglabil si Lumina LCD Reglabila, pentru Hotel, Birou, Receptie, Negru"
17,DGFGJW3BM,detail_image,7,products/17_DGFGJW3BM_Telefon-fix-cu-fir-Excitat-Telefon-de-Birou-Clasic-dotat-cu-Alarma-Volum-Reglabil-si-Lum/detail_images/07_e1f737b1.gif,https://marketplace-static.emag.ro/resources/000/057/606/326/57606326.gif,970,400,924694,"Telefon fix cu fir Excitat®, Telefon de Birou Clasic dotat cu Alarma, Volum Reglabil si Lumina LCD Reglabila, pentru Hotel, Birou, Receptie, Negru"
18,DC2ZLS3BM,main_gallery,1,products/18_DC2ZLS3BM_Stecher-Priza-Multiple-de-Perete-7-in-1-cu-Incarcare-Rapida-USB-20W-Excitat-3-Prize-Schu/main_gallery/01_a63a310f.jpg,https://s13emagst.akamaized.net/products/102235/102234207/images/res_99c378d8cff4b29cadc09a16ce35fc46.jpg,80,80,130822,"Stecher Priza Multiple de Perete 7-in-1 cu Incarcare Rapida USB 20W, Excitat®, 3 Prize Schuko, 3x USB A, 1x USB C (5V/3A), 250V/4000W/16A, Protectie Supratensiune si Siguranta Copii, Compact Extensie Priza cu USB Cube cu intrerupatoare, Marcaj CE, Alb"
18,DC2ZLS3BM,main_gallery,2,products/18_DC2ZLS3BM_Stecher-Priza-Multiple-de-Perete-7-in-1-cu-Incarcare-Rapida-USB-20W-Excitat-3-Prize-Schu/main_gallery/02_72b3e574.jpg,https://s13emagst.akamaized.net/products/102235/102234207/images/res_0f30f023f15481a48425686863e96eb8.jpg,80,80,136190,"Stecher Priza Multiple de Perete 7-in-1 cu Incarcare Rapida USB 20W, Excitat®, 3 Prize Schuko, 3x USB A, 1x USB C (5V/3A), 250V/4000W/16A, Protectie Supratensiune si Siguranta Copii, Compact Extensie Priza cu USB Cube cu intrerupatoare, Marcaj CE, Alb"
18,DC2ZLS3BM,main_gallery,3,products/18_DC2ZLS3BM_Stecher-Priza-Multiple-de-Perete-7-in-1-cu-Incarcare-Rapida-USB-20W-Excitat-3-Prize-Schu/main_gallery/03_dbefe7d1.jpg,https://s13emagst.akamaized.net/products/102235/102234207/images/res_bcdde8f3c3e84ac86adf2d2bacd48ea0.jpg,80,80,128424,"Stecher Priza Multiple de Perete 7-in-1 cu Incarcare Rapida USB 20W, Excitat®, 3 Prize Schuko, 3x USB A, 1x USB C (5V/3A), 250V/4000W/16A, Protectie Supratensiune si Siguranta Copii, Compact Extensie Priza cu USB Cube cu intrerupatoare, Marcaj CE, Alb"
18,DC2ZLS3BM,main_gallery,4,products/18_DC2ZLS3BM_Stecher-Priza-Multiple-de-Perete-7-in-1-cu-Incarcare-Rapida-USB-20W-Excitat-3-Prize-Schu/main_gallery/04_3b3ecbf0.jpg,https://s13emagst.akamaized.net/products/102235/102234207/images/res_2c074eae537213a3f6c110b6724f40a8.jpg,80,80,328155,"Stecher Priza Multiple de Perete 7-in-1 cu Incarcare Rapida USB 20W, Excitat®, 3 Prize Schuko, 3x USB A, 1x USB C (5V/3A), 250V/4000W/16A, Protectie Supratensiune si Siguranta Copii, Compact Extensie Priza cu USB Cube cu intrerupatoare, Marcaj CE, Alb"
18,DC2ZLS3BM,main_gallery,5,products/18_DC2ZLS3BM_Stecher-Priza-Multiple-de-Perete-7-in-1-cu-Incarcare-Rapida-USB-20W-Excitat-3-Prize-Schu/main_gallery/05_02ef9308.jpg,https://s13emagst.akamaized.net/products/102235/102234207/images/res_ec148c1ec9e668e7abf260bdab9a4fc4.jpg,80,80,210519,"Stecher Priza Multiple de Perete 7-in-1 cu Incarcare Rapida USB 20W, Excitat®, 3 Prize Schuko, 3x USB A, 1x USB C (5V/3A), 250V/4000W/16A, Protectie Supratensiune si Siguranta Copii, Compact Extensie Priza cu USB Cube cu intrerupatoare, Marcaj CE, Alb"
18,DC2ZLS3BM,main_gallery,6,products/18_DC2ZLS3BM_Stecher-Priza-Multiple-de-Perete-7-in-1-cu-Incarcare-Rapida-USB-20W-Excitat-3-Prize-Schu/main_gallery/06_cdbd60bd.jpg,https://s13emagst.akamaized.net/products/102235/102234207/images/res_8393b0a73438302665e7ae8a6a62dcd7.jpg,80,80,311033,"Stecher Priza Multiple de Perete 7-in-1 cu Incarcare Rapida USB 20W, Excitat®, 3 Prize Schuko, 3x USB A, 1x USB C (5V/3A), 250V/4000W/16A, Protectie Supratensiune si Siguranta Copii, Compact Extensie Priza cu USB Cube cu intrerupatoare, Marcaj CE, Alb"
18,DC2ZLS3BM,main_gallery,7,products/18_DC2ZLS3BM_Stecher-Priza-Multiple-de-Perete-7-in-1-cu-Incarcare-Rapida-USB-20W-Excitat-3-Prize-Schu/main_gallery/07_a5c744da.jpg,https://s13emagst.akamaized.net/products/102235/102234207/images/res_d75af5b09a37d8d45c5d6ce8fd84ca4f.jpg,80,80,488114,"Stecher Priza Multiple de Perete 7-in-1 cu Incarcare Rapida USB 20W, Excitat®, 3 Prize Schuko, 3x USB A, 1x USB C (5V/3A), 250V/4000W/16A, Protectie Supratensiune si Siguranta Copii, Compact Extensie Priza cu USB Cube cu intrerupatoare, Marcaj CE, Alb"
18,DC2ZLS3BM,main_gallery,8,products/18_DC2ZLS3BM_Stecher-Priza-Multiple-de-Perete-7-in-1-cu-Incarcare-Rapida-USB-20W-Excitat-3-Prize-Schu/main_gallery/08_13a1e13b.jpg,https://s13emagst.akamaized.net/products/102235/102234207/images/res_f43f3df74faeed580bbc47900db56e9b.jpg,80,80,153209,"Stecher Priza Multiple de Perete 7-in-1 cu Incarcare Rapida USB 20W, Excitat®, 3 Prize Schuko, 3x USB A, 1x USB C (5V/3A), 250V/4000W/16A, Protectie Supratensiune si Siguranta Copii, Compact Extensie Priza cu USB Cube cu intrerupatoare, Marcaj CE, Alb"
18,DC2ZLS3BM,main_gallery,9,products/18_DC2ZLS3BM_Stecher-Priza-Multiple-de-Perete-7-in-1-cu-Incarcare-Rapida-USB-20W-Excitat-3-Prize-Schu/main_gallery/09_2cb6dc83.jpg,https://s13emagst.akamaized.net/products/102235/102234207/images/res_bb3b0ff0dfd37eda0220ff9d58f32928.jpg,80,80,378291,"Stecher Priza Multiple de Perete 7-in-1 cu Incarcare Rapida USB 20W, Excitat®, 3 Prize Schuko, 3x USB A, 1x USB C (5V/3A), 250V/4000W/16A, Protectie Supratensiune si Siguranta Copii, Compact Extensie Priza cu USB Cube cu intrerupatoare, Marcaj CE, Alb"
18,DC2ZLS3BM,main_gallery,10,products/18_DC2ZLS3BM_Stecher-Priza-Multiple-de-Perete-7-in-1-cu-Incarcare-Rapida-USB-20W-Excitat-3-Prize-Schu/main_gallery/10_49aeba83.jpg,https://s13emagst.akamaized.net/products/102235/102234207/images/res_2579bb0bcb2831d738442ce3d7c50905.jpg,80,80,399926,"Stecher Priza Multiple de Perete 7-in-1 cu Incarcare Rapida USB 20W, Excitat®, 3 Prize Schuko, 3x USB A, 1x USB C (5V/3A), 250V/4000W/16A, Protectie Supratensiune si Siguranta Copii, Compact Extensie Priza cu USB Cube cu intrerupatoare, Marcaj CE, Alb"
18,DC2ZLS3BM,main_gallery,11,products/18_DC2ZLS3BM_Stecher-Priza-Multiple-de-Perete-7-in-1-cu-Incarcare-Rapida-USB-20W-Excitat-3-Prize-Schu/main_gallery/11_7e40116f.jpg,https://s13emagst.akamaized.net/products/102235/102234207/images/res_85454f0a1990ec7d8148bc8fb7136764.jpg,80,80,213758,"Stecher Priza Multiple de Perete 7-in-1 cu Incarcare Rapida USB 20W, Excitat®, 3 Prize Schuko, 3x USB A, 1x USB C (5V/3A), 250V/4000W/16A, Protectie Supratensiune si Siguranta Copii, Compact Extensie Priza cu USB Cube cu intrerupatoare, Marcaj CE, Alb"
18,DC2ZLS3BM,detail_image,1,products/18_DC2ZLS3BM_Stecher-Priza-Multiple-de-Perete-7-in-1-cu-Incarcare-Rapida-USB-20W-Excitat-3-Prize-Schu/detail_images/01_1817d58c.jpg,https://i.postimg.cc/6pHJ9h2p/detail-e20c1864-9310-11f0-a945-751e56ff4634.jpg,1280,720,260162,"Stecher Priza Multiple de Perete 7-in-1 cu Incarcare Rapida USB 20W, Excitat®, 3 Prize Schuko, 3x USB A, 1x USB C (5V/3A), 250V/4000W/16A, Protectie Supratensiune si Siguranta Copii, Compact Extensie Priza cu USB Cube cu intrerupatoare, Marcaj CE, Alb"
18,DC2ZLS3BM,detail_image,2,products/18_DC2ZLS3BM_Stecher-Priza-Multiple-de-Perete-7-in-1-cu-Incarcare-Rapida-USB-20W-Excitat-3-Prize-Schu/detail_images/02_bb13ea32.gif,https://i.postimg.cc/xTp7X1WZ/9-16-5-2.gif,1138,474,20294493,"Stecher Priza Multiple de Perete 7-in-1 cu Incarcare Rapida USB 20W, Excitat®, 3 Prize Schuko, 3x USB A, 1x USB C (5V/3A), 250V/4000W/16A, Protectie Supratensiune si Siguranta Copii, Compact Extensie Priza cu USB Cube cu intrerupatoare, Marcaj CE, Alb"
18,DC2ZLS3BM,detail_image,3,products/18_DC2ZLS3BM_Stecher-Priza-Multiple-de-Perete-7-in-1-cu-Incarcare-Rapida-USB-20W-Excitat-3-Prize-Schu/detail_images/03_fc9923e1.jpg,https://i.postimg.cc/3wcTZZYZ/detail-e20c185e-9310-11f0-a945-751e56ff4634.jpg,800,800,104306,"Stecher Priza Multiple de Perete 7-in-1 cu Incarcare Rapida USB 20W, Excitat®, 3 Prize Schuko, 3x USB A, 1x USB C (5V/3A), 250V/4000W/16A, Protectie Supratensiune si Siguranta Copii, Compact Extensie Priza cu USB Cube cu intrerupatoare, Marcaj CE, Alb"
18,DC2ZLS3BM,detail_image,4,products/18_DC2ZLS3BM_Stecher-Priza-Multiple-de-Perete-7-in-1-cu-Incarcare-Rapida-USB-20W-Excitat-3-Prize-Schu/detail_images/04_e4dacfcb.png,https://i.postimg.cc/pd7wjXBN/detail-e20c1865-9310-11f0-a945-751e56ff4634.png,800,800,1001133,"Stecher Priza Multiple de Perete 7-in-1 cu Incarcare Rapida USB 20W, Excitat®, 3 Prize Schuko, 3x USB A, 1x USB C (5V/3A), 250V/4000W/16A, Protectie Supratensiune si Siguranta Copii, Compact Extensie Priza cu USB Cube cu intrerupatoare, Marcaj CE, Alb"
18,DC2ZLS3BM,detail_image,5,products/18_DC2ZLS3BM_Stecher-Priza-Multiple-de-Perete-7-in-1-cu-Incarcare-Rapida-USB-20W-Excitat-3-Prize-Schu/detail_images/05_3b4ed273.jpg,https://i.postimg.cc/NjGvqn0X/detail-e20c1863-9310-11f0-a945-751e56ff4634.jpg,800,800,231288,"Stecher Priza Multiple de Perete 7-in-1 cu Incarcare Rapida USB 20W, Excitat®, 3 Prize Schuko, 3x USB A, 1x USB C (5V/3A), 250V/4000W/16A, Protectie Supratensiune si Siguranta Copii, Compact Extensie Priza cu USB Cube cu intrerupatoare, Marcaj CE, Alb"
18,DC2ZLS3BM,detail_image,6,products/18_DC2ZLS3BM_Stecher-Priza-Multiple-de-Perete-7-in-1-cu-Incarcare-Rapida-USB-20W-Excitat-3-Prize-Schu/detail_images/06_d97419e1.jpg,https://i.postimg.cc/SQ8hW85Y/detail-e20c1861-9310-11f0-a945-751e56ff4634.jpg,800,800,159015,"Stecher Priza Multiple de Perete 7-in-1 cu Incarcare Rapida USB 20W, Excitat®, 3 Prize Schuko, 3x USB A, 1x USB C (5V/3A), 250V/4000W/16A, Protectie Supratensiune si Siguranta Copii, Compact Extensie Priza cu USB Cube cu intrerupatoare, Marcaj CE, Alb"
18,DC2ZLS3BM,detail_image,7,products/18_DC2ZLS3BM_Stecher-Priza-Multiple-de-Perete-7-in-1-cu-Incarcare-Rapida-USB-20W-Excitat-3-Prize-Schu/detail_images/07_0badd96b.jpg,https://i.postimg.cc/L5zF2Kfq/detail-e20c1860-9310-11f0-a945-751e56ff4634.jpg,0,0,159584,"Stecher Priza Multiple de Perete 7-in-1 cu Incarcare Rapida USB 20W, Excitat®, 3 Prize Schuko, 3x USB A, 1x USB C (5V/3A), 250V/4000W/16A, Protectie Supratensiune si Siguranta Copii, Compact Extensie Priza cu USB Cube cu intrerupatoare, Marcaj CE, Alb"
18,DC2ZLS3BM,detail_image,8,products/18_DC2ZLS3BM_Stecher-Priza-Multiple-de-Perete-7-in-1-cu-Incarcare-Rapida-USB-20W-Excitat-3-Prize-Schu/detail_images/08_fbba2327.jpg,https://i.postimg.cc/jdbrv2Yb/detail-e20c1862-9310-11f0-a945-751e56ff4634.jpg,0,0,178333,"Stecher Priza Multiple de Perete 7-in-1 cu Incarcare Rapida USB 20W, Excitat®, 3 Prize Schuko, 3x USB A, 1x USB C (5V/3A), 250V/4000W/16A, Protectie Supratensiune si Siguranta Copii, Compact Extensie Priza cu USB Cube cu intrerupatoare, Marcaj CE, Alb"
18,DC2ZLS3BM,detail_image,9,products/18_DC2ZLS3BM_Stecher-Priza-Multiple-de-Perete-7-in-1-cu-Incarcare-Rapida-USB-20W-Excitat-3-Prize-Schu/detail_images/09_4a67163b.jpg,https://i.postimg.cc/XJB01yvS/detail-e20c185f-9310-11f0-a945-751e56ff4634.jpg,0,0,142028,"Stecher Priza Multiple de Perete 7-in-1 cu Incarcare Rapida USB 20W, Excitat®, 3 Prize Schuko, 3x USB A, 1x USB C (5V/3A), 250V/4000W/16A, Protectie Supratensiune si Siguranta Copii, Compact Extensie Priza cu USB Cube cu intrerupatoare, Marcaj CE, Alb"
19,DYKFJW3BM,main_gallery,1,products/19_DYKFJW3BM_Puzzle-din-Lemn-244-Piese-Excitat-Model-Artistic-Cathedral-Cat-Castelul-Magic-Colorful-D/main_gallery/01_01756804.jpg,https://s13emagst.akamaized.net/products/114085/114084404/images/res_bc35ac4ad0f987cfb4db5d76dc2d1a97.jpg,80,80,698326,"Puzzle din Lemn 244 Piese, Excitat®, Model Artistic Cathedral Cat, Castelul Magic Colorful, Design American, Puzzle cu Pisici pentru Adulti, Copii si Adolescenti, Design Arhitectural Detaliat, Set Cadou Craciun Premium, Joc Educativ Antistres Enjoy"
19,DYKFJW3BM,main_gallery,2,products/19_DYKFJW3BM_Puzzle-din-Lemn-244-Piese-Excitat-Model-Artistic-Cathedral-Cat-Castelul-Magic-Colorful-D/main_gallery/02_7e892f43.jpg,https://s13emagst.akamaized.net/products/114085/114084404/images/res_5be16862638948b124bb1e7ba34f59a2.jpg,80,80,643802,"Puzzle din Lemn 244 Piese, Excitat®, Model Artistic Cathedral Cat, Castelul Magic Colorful, Design American, Puzzle cu Pisici pentru Adulti, Copii si Adolescenti, Design Arhitectural Detaliat, Set Cadou Craciun Premium, Joc Educativ Antistres Enjoy"
19,DYKFJW3BM,main_gallery,3,products/19_DYKFJW3BM_Puzzle-din-Lemn-244-Piese-Excitat-Model-Artistic-Cathedral-Cat-Castelul-Magic-Colorful-D/main_gallery/03_3367e5d7.jpg,https://s13emagst.akamaized.net/products/114085/114084404/images/res_13efdba307fb02a1d46afdb60f13b880.jpg,80,80,537374,"Puzzle din Lemn 244 Piese, Excitat®, Model Artistic Cathedral Cat, Castelul Magic Colorful, Design American, Puzzle cu Pisici pentru Adulti, Copii si Adolescenti, Design Arhitectural Detaliat, Set Cadou Craciun Premium, Joc Educativ Antistres Enjoy"
19,DYKFJW3BM,main_gallery,4,products/19_DYKFJW3BM_Puzzle-din-Lemn-244-Piese-Excitat-Model-Artistic-Cathedral-Cat-Castelul-Magic-Colorful-D/main_gallery/04_8813b5c5.jpg,https://s13emagst.akamaized.net/products/114085/114084404/images/res_17f82ca0592c843505123ed1415ceeb2.jpg,80,80,635570,"Puzzle din Lemn 244 Piese, Excitat®, Model Artistic Cathedral Cat, Castelul Magic Colorful, Design American, Puzzle cu Pisici pentru Adulti, Copii si Adolescenti, Design Arhitectural Detaliat, Set Cadou Craciun Premium, Joc Educativ Antistres Enjoy"
19,DYKFJW3BM,main_gallery,5,products/19_DYKFJW3BM_Puzzle-din-Lemn-244-Piese-Excitat-Model-Artistic-Cathedral-Cat-Castelul-Magic-Colorful-D/main_gallery/05_4bd16dc9.jpg,https://s13emagst.akamaized.net/products/114085/114084404/images/res_8086a1574b8fe738e163d349e9b4d8fe.jpg,80,80,577513,"Puzzle din Lemn 244 Piese, Excitat®, Model Artistic Cathedral Cat, Castelul Magic Colorful, Design American, Puzzle cu Pisici pentru Adulti, Copii si Adolescenti, Design Arhitectural Detaliat, Set Cadou Craciun Premium, Joc Educativ Antistres Enjoy"
19,DYKFJW3BM,main_gallery,6,products/19_DYKFJW3BM_Puzzle-din-Lemn-244-Piese-Excitat-Model-Artistic-Cathedral-Cat-Castelul-Magic-Colorful-D/main_gallery/06_1499b834.jpg,https://s13emagst.akamaized.net/products/114085/114084404/images/res_85263122abad2e6160944127124ae7d4.jpg,80,80,506569,"Puzzle din Lemn 244 Piese, Excitat®, Model Artistic Cathedral Cat, Castelul Magic Colorful, Design American, Puzzle cu Pisici pentru Adulti, Copii si Adolescenti, Design Arhitectural Detaliat, Set Cadou Craciun Premium, Joc Educativ Antistres Enjoy"
19,DYKFJW3BM,main_gallery,7,products/19_DYKFJW3BM_Puzzle-din-Lemn-244-Piese-Excitat-Model-Artistic-Cathedral-Cat-Castelul-Magic-Colorful-D/main_gallery/07_899dfcc4.jpg,https://s13emagst.akamaized.net/products/114085/114084404/images/res_c380bc57799db5c5a466b3ccaa90d597.jpg,80,80,411615,"Puzzle din Lemn 244 Piese, Excitat®, Model Artistic Cathedral Cat, Castelul Magic Colorful, Design American, Puzzle cu Pisici pentru Adulti, Copii si Adolescenti, Design Arhitectural Detaliat, Set Cadou Craciun Premium, Joc Educativ Antistres Enjoy"
19,DYKFJW3BM,main_gallery,8,products/19_DYKFJW3BM_Puzzle-din-Lemn-244-Piese-Excitat-Model-Artistic-Cathedral-Cat-Castelul-Magic-Colorful-D/main_gallery/08_ff0603ff.jpg,https://s13emagst.akamaized.net/products/114085/114084404/images/res_e27da0d8402cbb39e59afb3b5f405f61.jpg,80,80,288304,"Puzzle din Lemn 244 Piese, Excitat®, Model Artistic Cathedral Cat, Castelul Magic Colorful, Design American, Puzzle cu Pisici pentru Adulti, Copii si Adolescenti, Design Arhitectural Detaliat, Set Cadou Craciun Premium, Joc Educativ Antistres Enjoy"
19,DYKFJW3BM,main_gallery,9,products/19_DYKFJW3BM_Puzzle-din-Lemn-244-Piese-Excitat-Model-Artistic-Cathedral-Cat-Castelul-Magic-Colorful-D/main_gallery/09_8b3401af.jpg,https://s13emagst.akamaized.net/products/114085/114084404/images/res_0fed9681be8194007cc24ba99c8454ff.jpg,80,80,557978,"Puzzle din Lemn 244 Piese, Excitat®, Model Artistic Cathedral Cat, Castelul Magic Colorful, Design American, Puzzle cu Pisici pentru Adulti, Copii si Adolescenti, Design Arhitectural Detaliat, Set Cadou Craciun Premium, Joc Educativ Antistres Enjoy"
19,DYKFJW3BM,main_gallery,10,products/19_DYKFJW3BM_Puzzle-din-Lemn-244-Piese-Excitat-Model-Artistic-Cathedral-Cat-Castelul-Magic-Colorful-D/main_gallery/10_c3fd0c9d.jpg,https://s13emagst.akamaized.net/products/114085/114084404/images/res_4feffbd7509e1fd065b213d235d8e979.jpg,80,80,426194,"Puzzle din Lemn 244 Piese, Excitat®, Model Artistic Cathedral Cat, Castelul Magic Colorful, Design American, Puzzle cu Pisici pentru Adulti, Copii si Adolescenti, Design Arhitectural Detaliat, Set Cadou Craciun Premium, Joc Educativ Antistres Enjoy"
19,DYKFJW3BM,main_gallery,11,products/19_DYKFJW3BM_Puzzle-din-Lemn-244-Piese-Excitat-Model-Artistic-Cathedral-Cat-Castelul-Magic-Colorful-D/main_gallery/11_053a559d.jpg,https://s13emagst.akamaized.net/products/114085/114084404/images/res_9abcedd3a55fab08ca6af2a10a85b1bf.jpg,80,80,328168,"Puzzle din Lemn 244 Piese, Excitat®, Model Artistic Cathedral Cat, Castelul Magic Colorful, Design American, Puzzle cu Pisici pentru Adulti, Copii si Adolescenti, Design Arhitectural Detaliat, Set Cadou Craciun Premium, Joc Educativ Antistres Enjoy"
19,DYKFJW3BM,main_gallery,12,products/19_DYKFJW3BM_Puzzle-din-Lemn-244-Piese-Excitat-Model-Artistic-Cathedral-Cat-Castelul-Magic-Colorful-D/main_gallery/12_1da45a84.jpg,https://s13emagst.akamaized.net/products/114085/114084404/images/res_43b3960d5a9a473e29f8d56c1c66f979.jpg,80,80,610953,"Puzzle din Lemn 244 Piese, Excitat®, Model Artistic Cathedral Cat, Castelul Magic Colorful, Design American, Puzzle cu Pisici pentru Adulti, Copii si Adolescenti, Design Arhitectural Detaliat, Set Cadou Craciun Premium, Joc Educativ Antistres Enjoy"
19,DYKFJW3BM,detail_image,1,products/19_DYKFJW3BM_Puzzle-din-Lemn-244-Piese-Excitat-Model-Artistic-Cathedral-Cat-Castelul-Magic-Colorful-D/detail_images/01_e1f737b1.gif,https://marketplace-static.emag.ro/resources/000/057/606/326/57606326.gif,970,400,924694,"Puzzle din Lemn 244 Piese, Excitat®, Model Artistic Cathedral Cat, Castelul Magic Colorful, Design American, Puzzle cu Pisici pentru Adulti, Copii si Adolescenti, Design Arhitectural Detaliat, Set Cadou Craciun Premium, Joc Educativ Antistres Enjoy"
19,DYKFJW3BM,detail_image,2,products/19_DYKFJW3BM_Puzzle-din-Lemn-244-Piese-Excitat-Model-Artistic-Cathedral-Cat-Castelul-Magic-Colorful-D/detail_images/02_7ae8cd0d.jpg,https://i.postimg.cc/B6pvxnq4/dao-tu.jpg,0,0,470398,"Puzzle din Lemn 244 Piese, Excitat®, Model Artistic Cathedral Cat, Castelul Magic Colorful, Design American, Puzzle cu Pisici pentru Adulti, Copii si Adolescenti, Design Arhitectural Detaliat, Set Cadou Craciun Premium, Joc Educativ Antistres Enjoy"
19,DYKFJW3BM,detail_image,3,products/19_DYKFJW3BM_Puzzle-din-Lemn-244-Piese-Excitat-Model-Artistic-Cathedral-Cat-Castelul-Magic-Colorful-D/detail_images/03_3caf042b.jpg,https://i.postimg.cc/ZbtyzW20/1.jpg,0,0,1214456,"Puzzle din Lemn 244 Piese, Excitat®, Model Artistic Cathedral Cat, Castelul Magic Colorful, Design American, Puzzle cu Pisici pentru Adulti, Copii si Adolescenti, Design Arhitectural Detaliat, Set Cadou Craciun Premium, Joc Educativ Antistres Enjoy"
19,DYKFJW3BM,detail_image,4,products/19_DYKFJW3BM_Puzzle-din-Lemn-244-Piese-Excitat-Model-Artistic-Cathedral-Cat-Castelul-Magic-Colorful-D/detail_images/04_dbf9798a.jpg,https://i.postimg.cc/2kRBN1M1/2.jpg,0,0,1541344,"Puzzle din Lemn 244 Piese, Excitat®, Model Artistic Cathedral Cat, Castelul Magic Colorful, Design American, Puzzle cu Pisici pentru Adulti, Copii si Adolescenti, Design Arhitectural Detaliat, Set Cadou Craciun Premium, Joc Educativ Antistres Enjoy"
19,DYKFJW3BM,detail_image,5,products/19_DYKFJW3BM_Puzzle-din-Lemn-244-Piese-Excitat-Model-Artistic-Cathedral-Cat-Castelul-Magic-Colorful-D/detail_images/05_9489a066.jpg,https://i.postimg.cc/54dFWXTy/3.jpg,0,0,862254,"Puzzle din Lemn 244 Piese, Excitat®, Model Artistic Cathedral Cat, Castelul Magic Colorful, Design American, Puzzle cu Pisici pentru Adulti, Copii si Adolescenti, Design Arhitectural Detaliat, Set Cadou Craciun Premium, Joc Educativ Antistres Enjoy"
19,DYKFJW3BM,detail_image,6,products/19_DYKFJW3BM_Puzzle-din-Lemn-244-Piese-Excitat-Model-Artistic-Cathedral-Cat-Castelul-Magic-Colorful-D/detail_images/06_d3a05690.jpg,https://i.postimg.cc/y14SCDtR/4.jpg,0,0,726264,"Puzzle din Lemn 244 Piese, Excitat®, Model Artistic Cathedral Cat, Castelul Magic Colorful, Design American, Puzzle cu Pisici pentru Adulti, Copii si Adolescenti, Design Arhitectural Detaliat, Set Cadou Craciun Premium, Joc Educativ Antistres Enjoy"
19,DYKFJW3BM,detail_image,7,products/19_DYKFJW3BM_Puzzle-din-Lemn-244-Piese-Excitat-Model-Artistic-Cathedral-Cat-Castelul-Magic-Colorful-D/detail_images/07_b576b976.jpg,https://i.postimg.cc/dsPTchpy/5.jpg,0,0,183706,"Puzzle din Lemn 244 Piese, Excitat®, Model Artistic Cathedral Cat, Castelul Magic Colorful, Design American, Puzzle cu Pisici pentru Adulti, Copii si Adolescenti, Design Arhitectural Detaliat, Set Cadou Craciun Premium, Joc Educativ Antistres Enjoy"
19,DYKFJW3BM,detail_image,8,products/19_DYKFJW3BM_Puzzle-din-Lemn-244-Piese-Excitat-Model-Artistic-Cathedral-Cat-Castelul-Magic-Colorful-D/detail_images/08_b41d5aa8.jpg,https://i.postimg.cc/YrKmBvZ6/6.jpg,0,0,919235,"Puzzle din Lemn 244 Piese, Excitat®, Model Artistic Cathedral Cat, Castelul Magic Colorful, Design American, Puzzle cu Pisici pentru Adulti, Copii si Adolescenti, Design Arhitectural Detaliat, Set Cadou Craciun Premium, Joc Educativ Antistres Enjoy"
20,D5ZHSW3BM,main_gallery,1,products/20_D5ZHSW3BM_Set-de-Constructie-Sistem-Solar-Motorizat-Excitat-1098-Piese-Rotativ-cu-Mod-Electric-si-/main_gallery/01_6fa39098.jpg,https://s13emagst.akamaized.net/products/114111/114110809/images/res_c9015596c321dc8b8d9acdf3bf490c7b.jpg,80,80,491140,"Set de Constructie Sistem Solar Motorizat, Excitat®, 1098 Piese, Rotativ, cu Mod Electric si Manual, cu Functii Mecanice, Cadou STEM, piesa de decor interactiva, cadou creativ pentru copii si adulti"
20,D5ZHSW3BM,main_gallery,2,products/20_D5ZHSW3BM_Set-de-Constructie-Sistem-Solar-Motorizat-Excitat-1098-Piese-Rotativ-cu-Mod-Electric-si-/main_gallery/02_1d6c2b1c.jpg,https://s13emagst.akamaized.net/products/114111/114110809/images/res_50081a983f60783adf30990a0c7daa50.jpg,80,80,470870,"Set de Constructie Sistem Solar Motorizat, Excitat®, 1098 Piese, Rotativ, cu Mod Electric si Manual, cu Functii Mecanice, Cadou STEM, piesa de decor interactiva, cadou creativ pentru copii si adulti"
20,D5ZHSW3BM,main_gallery,3,products/20_D5ZHSW3BM_Set-de-Constructie-Sistem-Solar-Motorizat-Excitat-1098-Piese-Rotativ-cu-Mod-Electric-si-/main_gallery/03_b52b86e2.jpg,https://s13emagst.akamaized.net/products/114111/114110809/images/res_de2ed5db75462614a6b682d9f1803fa4.jpg,80,80,460755,"Set de Constructie Sistem Solar Motorizat, Excitat®, 1098 Piese, Rotativ, cu Mod Electric si Manual, cu Functii Mecanice, Cadou STEM, piesa de decor interactiva, cadou creativ pentru copii si adulti"
20,D5ZHSW3BM,main_gallery,4,products/20_D5ZHSW3BM_Set-de-Constructie-Sistem-Solar-Motorizat-Excitat-1098-Piese-Rotativ-cu-Mod-Electric-si-/main_gallery/04_43ca50f2.jpg,https://s13emagst.akamaized.net/products/114111/114110809/images/res_f96261ccc2ad47178227b19a55d5c6a8.jpg,80,80,362975,"Set de Constructie Sistem Solar Motorizat, Excitat®, 1098 Piese, Rotativ, cu Mod Electric si Manual, cu Functii Mecanice, Cadou STEM, piesa de decor interactiva, cadou creativ pentru copii si adulti"
20,D5ZHSW3BM,main_gallery,5,products/20_D5ZHSW3BM_Set-de-Constructie-Sistem-Solar-Motorizat-Excitat-1098-Piese-Rotativ-cu-Mod-Electric-si-/main_gallery/05_a1d3c962.jpg,https://s13emagst.akamaized.net/products/114111/114110809/images/res_d4577252a15d453afd8313e5a6a576b7.jpg,80,80,387531,"Set de Constructie Sistem Solar Motorizat, Excitat®, 1098 Piese, Rotativ, cu Mod Electric si Manual, cu Functii Mecanice, Cadou STEM, piesa de decor interactiva, cadou creativ pentru copii si adulti"
20,D5ZHSW3BM,main_gallery,6,products/20_D5ZHSW3BM_Set-de-Constructie-Sistem-Solar-Motorizat-Excitat-1098-Piese-Rotativ-cu-Mod-Electric-si-/main_gallery/06_da71de5c.jpg,https://s13emagst.akamaized.net/products/114111/114110809/images/res_c7d5b4d8d83265679c8c6487ba873a1b.jpg,80,80,432053,"Set de Constructie Sistem Solar Motorizat, Excitat®, 1098 Piese, Rotativ, cu Mod Electric si Manual, cu Functii Mecanice, Cadou STEM, piesa de decor interactiva, cadou creativ pentru copii si adulti"
20,D5ZHSW3BM,main_gallery,7,products/20_D5ZHSW3BM_Set-de-Constructie-Sistem-Solar-Motorizat-Excitat-1098-Piese-Rotativ-cu-Mod-Electric-si-/main_gallery/07_221ce2ea.jpg,https://s13emagst.akamaized.net/products/114111/114110809/images/res_5343b5469ef85ba7393817b7415eaed7.jpg,80,80,357597,"Set de Constructie Sistem Solar Motorizat, Excitat®, 1098 Piese, Rotativ, cu Mod Electric si Manual, cu Functii Mecanice, Cadou STEM, piesa de decor interactiva, cadou creativ pentru copii si adulti"
20,D5ZHSW3BM,main_gallery,8,products/20_D5ZHSW3BM_Set-de-Constructie-Sistem-Solar-Motorizat-Excitat-1098-Piese-Rotativ-cu-Mod-Electric-si-/main_gallery/08_e8d5aa01.jpg,https://s13emagst.akamaized.net/products/114111/114110809/images/res_704adf7fde6238191370ed5adae9fb95.jpg,80,80,399062,"Set de Constructie Sistem Solar Motorizat, Excitat®, 1098 Piese, Rotativ, cu Mod Electric si Manual, cu Functii Mecanice, Cadou STEM, piesa de decor interactiva, cadou creativ pentru copii si adulti"
20,D5ZHSW3BM,main_gallery,9,products/20_D5ZHSW3BM_Set-de-Constructie-Sistem-Solar-Motorizat-Excitat-1098-Piese-Rotativ-cu-Mod-Electric-si-/main_gallery/09_0c57188c.jpg,https://s13emagst.akamaized.net/products/114111/114110809/images/res_14e49492a991f44b49a4681f0cf36a22.jpg,80,80,477825,"Set de Constructie Sistem Solar Motorizat, Excitat®, 1098 Piese, Rotativ, cu Mod Electric si Manual, cu Functii Mecanice, Cadou STEM, piesa de decor interactiva, cadou creativ pentru copii si adulti"
20,D5ZHSW3BM,main_gallery,10,products/20_D5ZHSW3BM_Set-de-Constructie-Sistem-Solar-Motorizat-Excitat-1098-Piese-Rotativ-cu-Mod-Electric-si-/main_gallery/10_259f7ef0.jpg,https://s13emagst.akamaized.net/products/114111/114110809/images/res_11e7c08792b0c7a49b31db4113e66d84.jpg,80,80,362424,"Set de Constructie Sistem Solar Motorizat, Excitat®, 1098 Piese, Rotativ, cu Mod Electric si Manual, cu Functii Mecanice, Cadou STEM, piesa de decor interactiva, cadou creativ pentru copii si adulti"
20,D5ZHSW3BM,detail_image,1,products/20_D5ZHSW3BM_Set-de-Constructie-Sistem-Solar-Motorizat-Excitat-1098-Piese-Rotativ-cu-Mod-Electric-si-/detail_images/01_7dca51a9.jpg,https://i.postimg.cc/3wXhR797/pin-pai-tu.jpg,0,0,160897,"Set de Constructie Sistem Solar Motorizat, Excitat®, 1098 Piese, Rotativ, cu Mod Electric si Manual, cu Functii Mecanice, Cadou STEM, piesa de decor interactiva, cadou creativ pentru copii si adulti"
20,D5ZHSW3BM,detail_image,2,products/20_D5ZHSW3BM_Set-de-Constructie-Sistem-Solar-Motorizat-Excitat-1098-Piese-Rotativ-cu-Mod-Electric-si-/detail_images/02_8da89da0.jpg,https://i.postimg.cc/8TC7yYn8/1.jpg,0,0,767867,"Set de Constructie Sistem Solar Motorizat, Excitat®, 1098 Piese, Rotativ, cu Mod Electric si Manual, cu Functii Mecanice, Cadou STEM, piesa de decor interactiva, cadou creativ pentru copii si adulti"
20,D5ZHSW3BM,detail_image,3,products/20_D5ZHSW3BM_Set-de-Constructie-Sistem-Solar-Motorizat-Excitat-1098-Piese-Rotativ-cu-Mod-Electric-si-/detail_images/03_062afdc9.jpg,https://i.postimg.cc/fZhJ4ygH/2.jpg,0,0,1381172,"Set de Constructie Sistem Solar Motorizat, Excitat®, 1098 Piese, Rotativ, cu Mod Electric si Manual, cu Functii Mecanice, Cadou STEM, piesa de decor interactiva, cadou creativ pentru copii si adulti"
20,D5ZHSW3BM,detail_image,4,products/20_D5ZHSW3BM_Set-de-Constructie-Sistem-Solar-Motorizat-Excitat-1098-Piese-Rotativ-cu-Mod-Electric-si-/detail_images/04_de5c7c4d.jpg,https://i.postimg.cc/Ykfjt7Jx/3.jpg,0,0,2336762,"Set de Constructie Sistem Solar Motorizat, Excitat®, 1098 Piese, Rotativ, cu Mod Electric si Manual, cu Functii Mecanice, Cadou STEM, piesa de decor interactiva, cadou creativ pentru copii si adulti"
20,D5ZHSW3BM,detail_image,5,products/20_D5ZHSW3BM_Set-de-Constructie-Sistem-Solar-Motorizat-Excitat-1098-Piese-Rotativ-cu-Mod-Electric-si-/detail_images/05_8ca33742.jpg,https://i.postimg.cc/9W7FKHdb/4.jpg,0,0,2858012,"Set de Constructie Sistem Solar Motorizat, Excitat®, 1098 Piese, Rotativ, cu Mod Electric si Manual, cu Functii Mecanice, Cadou STEM, piesa de decor interactiva, cadou creativ pentru copii si adulti"
20,D5ZHSW3BM,detail_image,6,products/20_D5ZHSW3BM_Set-de-Constructie-Sistem-Solar-Motorizat-Excitat-1098-Piese-Rotativ-cu-Mod-Electric-si-/detail_images/06_c08ad4fe.jpg,https://i.postimg.cc/VzTkKkCW/5.jpg,0,0,1014994,"Set de Constructie Sistem Solar Motorizat, Excitat®, 1098 Piese, Rotativ, cu Mod Electric si Manual, cu Functii Mecanice, Cadou STEM, piesa de decor interactiva, cadou creativ pentru copii si adulti"
20,D5ZHSW3BM,detail_image,7,products/20_D5ZHSW3BM_Set-de-Constructie-Sistem-Solar-Motorizat-Excitat-1098-Piese-Rotativ-cu-Mod-Electric-si-/detail_images/07_85482da0.jpg,https://i.postimg.cc/Gb9pPyHd/6.jpg,0,0,561681,"Set de Constructie Sistem Solar Motorizat, Excitat®, 1098 Piese, Rotativ, cu Mod Electric si Manual, cu Functii Mecanice, Cadou STEM, piesa de decor interactiva, cadou creativ pentru copii si adulti"
20,D5ZHSW3BM,detail_image,8,products/20_D5ZHSW3BM_Set-de-Constructie-Sistem-Solar-Motorizat-Excitat-1098-Piese-Rotativ-cu-Mod-Electric-si-/detail_images/08_1d19f250.jpg,https://i.postimg.cc/2C35dZVb/7.jpg,0,0,560496,"Set de Constructie Sistem Solar Motorizat, Excitat®, 1098 Piese, Rotativ, cu Mod Electric si Manual, cu Functii Mecanice, Cadou STEM, piesa de decor interactiva, cadou creativ pentru copii si adulti"
20,D5ZHSW3BM,detail_image,9,products/20_D5ZHSW3BM_Set-de-Constructie-Sistem-Solar-Motorizat-Excitat-1098-Piese-Rotativ-cu-Mod-Electric-si-/detail_images/09_f32b9420.jpg,https://i.postimg.cc/Fh1KbL7H/8.jpg,0,0,409864,"Set de Constructie Sistem Solar Motorizat, Excitat®, 1098 Piese, Rotativ, cu Mod Electric si Manual, cu Functii Mecanice, Cadou STEM, piesa de decor interactiva, cadou creativ pentru copii si adulti"
20,D5ZHSW3BM,detail_image,10,products/20_D5ZHSW3BM_Set-de-Constructie-Sistem-Solar-Motorizat-Excitat-1098-Piese-Rotativ-cu-Mod-Electric-si-/detail_images/10_b2f1559a.jpg,https://i.postimg.cc/1yT3v3qm/9.jpg,0,0,1060121,"Set de Constructie Sistem Solar Motorizat, Excitat®, 1098 Piese, Rotativ, cu Mod Electric si Manual, cu Functii Mecanice, Cadou STEM, piesa de decor interactiva, cadou creativ pentru copii si adulti"
21,DMF1PY2BM,main_gallery,1,products/21_DMF1PY2BM_Set-cosuri-de-fermentare-pentru-paine-Excitat-9-rotund-10-oval-33-piese-complete-de-coac/main_gallery/01_c37ead2a.jpg,https://s13emagst.akamaized.net/products/116744/116743707/images/res_c8db6d75ad4468f69a987617e273b39c.jpg,80,80,537177,"Set cosuri de fermentare pentru paine, Excitat®, 9"" rotund & 10"" oval, 33 piese complete de coacere (17 ustensile), bej"
21,DMF1PY2BM,main_gallery,2,products/21_DMF1PY2BM_Set-cosuri-de-fermentare-pentru-paine-Excitat-9-rotund-10-oval-33-piese-complete-de-coac/main_gallery/02_89bba8de.jpg,https://s13emagst.akamaized.net/products/116744/116743707/images/res_d47928e14351feb8adf9258d6908c5fe.jpg,80,80,358035,"Set cosuri de fermentare pentru paine, Excitat®, 9"" rotund & 10"" oval, 33 piese complete de coacere (17 ustensile), bej"
21,DMF1PY2BM,main_gallery,3,products/21_DMF1PY2BM_Set-cosuri-de-fermentare-pentru-paine-Excitat-9-rotund-10-oval-33-piese-complete-de-coac/main_gallery/03_0094a1b8.jpg,https://s13emagst.akamaized.net/products/116744/116743707/images/res_2d4c84197453df3276103dff56c090cb.jpg,80,80,301566,"Set cosuri de fermentare pentru paine, Excitat®, 9"" rotund & 10"" oval, 33 piese complete de coacere (17 ustensile), bej"
21,DMF1PY2BM,main_gallery,4,products/21_DMF1PY2BM_Set-cosuri-de-fermentare-pentru-paine-Excitat-9-rotund-10-oval-33-piese-complete-de-coac/main_gallery/04_80ceb057.jpg,https://s13emagst.akamaized.net/products/116744/116743707/images/res_9db249cd2ee5801717297ccd43e21885.jpg,80,80,257783,"Set cosuri de fermentare pentru paine, Excitat®, 9"" rotund & 10"" oval, 33 piese complete de coacere (17 ustensile), bej"
21,DMF1PY2BM,main_gallery,5,products/21_DMF1PY2BM_Set-cosuri-de-fermentare-pentru-paine-Excitat-9-rotund-10-oval-33-piese-complete-de-coac/main_gallery/05_19214e38.jpg,https://s13emagst.akamaized.net/products/116744/116743707/images/res_03bf3ed496d78e57299795aed24c9e0f.jpg,80,80,252566,"Set cosuri de fermentare pentru paine, Excitat®, 9"" rotund & 10"" oval, 33 piese complete de coacere (17 ustensile), bej"
21,DMF1PY2BM,main_gallery,6,products/21_DMF1PY2BM_Set-cosuri-de-fermentare-pentru-paine-Excitat-9-rotund-10-oval-33-piese-complete-de-coac/main_gallery/06_03589d7c.jpg,https://s13emagst.akamaized.net/products/116744/116743707/images/res_77e1981c7a16aa9c335469ea10eb7da2.jpg,80,80,327331,"Set cosuri de fermentare pentru paine, Excitat®, 9"" rotund & 10"" oval, 33 piese complete de coacere (17 ustensile), bej"
21,DMF1PY2BM,main_gallery,7,products/21_DMF1PY2BM_Set-cosuri-de-fermentare-pentru-paine-Excitat-9-rotund-10-oval-33-piese-complete-de-coac/main_gallery/07_687c943b.jpg,https://s13emagst.akamaized.net/products/116744/116743707/images/res_34abc40e827a630243f6a7d66e5baf64.jpg,80,80,313184,"Set cosuri de fermentare pentru paine, Excitat®, 9"" rotund & 10"" oval, 33 piese complete de coacere (17 ustensile), bej"
21,DMF1PY2BM,main_gallery,8,products/21_DMF1PY2BM_Set-cosuri-de-fermentare-pentru-paine-Excitat-9-rotund-10-oval-33-piese-complete-de-coac/main_gallery/08_e965d0c1.jpg,https://s13emagst.akamaized.net/products/116744/116743707/images/res_b1c1a9d404545435e1d51132b59fe09e.jpg,80,80,270516,"Set cosuri de fermentare pentru paine, Excitat®, 9"" rotund & 10"" oval, 33 piese complete de coacere (17 ustensile), bej"
21,DMF1PY2BM,detail_image,1,products/21_DMF1PY2BM_Set-cosuri-de-fermentare-pentru-paine-Excitat-9-rotund-10-oval-33-piese-complete-de-coac/detail_images/01_31c49745.jpg,https://i.postimg.cc/L52k167J/dao-tu.jpg,1279,546,172605,"Set cosuri de fermentare pentru paine, Excitat®, 9"" rotund & 10"" oval, 33 piese complete de coacere (17 ustensile), bej"
21,DMF1PY2BM,detail_image,2,products/21_DMF1PY2BM_Set-cosuri-de-fermentare-pentru-paine-Excitat-9-rotund-10-oval-33-piese-complete-de-coac/detail_images/02_2d839fcf.jpg,https://i.postimg.cc/prRQFX7r/1.jpg,1280,525,186902,"Set cosuri de fermentare pentru paine, Excitat®, 9"" rotund & 10"" oval, 33 piese complete de coacere (17 ustensile), bej"
21,DMF1PY2BM,detail_image,3,products/21_DMF1PY2BM_Set-cosuri-de-fermentare-pentru-paine-Excitat-9-rotund-10-oval-33-piese-complete-de-coac/detail_images/03_8cfc6d95.jpg,https://i.postimg.cc/tJpdxCfY/2.jpg,1280,525,227982,"Set cosuri de fermentare pentru paine, Excitat®, 9"" rotund & 10"" oval, 33 piese complete de coacere (17 ustensile), bej"
21,DMF1PY2BM,detail_image,4,products/21_DMF1PY2BM_Set-cosuri-de-fermentare-pentru-paine-Excitat-9-rotund-10-oval-33-piese-complete-de-coac/detail_images/04_2f721ae1.jpg,https://i.postimg.cc/8cNd6P3s/3.jpg,1280,525,186298,"Set cosuri de fermentare pentru paine, Excitat®, 9"" rotund & 10"" oval, 33 piese complete de coacere (17 ustensile), bej"
21,DMF1PY2BM,detail_image,5,products/21_DMF1PY2BM_Set-cosuri-de-fermentare-pentru-paine-Excitat-9-rotund-10-oval-33-piese-complete-de-coac/detail_images/05_f9813eab.jpg,https://i.postimg.cc/GtdPyhNP/4.jpg,1280,525,219150,"Set cosuri de fermentare pentru paine, Excitat®, 9"" rotund & 10"" oval, 33 piese complete de coacere (17 ustensile), bej"
21,DMF1PY2BM,detail_image,6,products/21_DMF1PY2BM_Set-cosuri-de-fermentare-pentru-paine-Excitat-9-rotund-10-oval-33-piese-complete-de-coac/detail_images/06_0b36fbbc.jpg,https://i.postimg.cc/Vs6JZtwN/E-zhu-tu.jpg,1500,1500,1255291,"Set cosuri de fermentare pentru paine, Excitat®, 9"" rotund & 10"" oval, 33 piese complete de coacere (17 ustensile), bej"
21,DMF1PY2BM,detail_image,7,products/21_DMF1PY2BM_Set-cosuri-de-fermentare-pentru-paine-Excitat-9-rotund-10-oval-33-piese-complete-de-coac/detail_images/07_25d46ffe.gif,https://marketplace-static.emag.ro/resources/000/062/418/886/62418886.gif,970,450,671105,"Set cosuri de fermentare pentru paine, Excitat®, 9"" rotund & 10"" oval, 33 piese complete de coacere (17 ustensile), bej"
22,D0HYFS3BM,main_gallery,1,products/22_D0HYFS3BM_Sistem-de-prindere-pe-gat-Excitat-Design-fix-Prindere-magnetica-Silicon-Suport-pentru-ca/main_gallery/01_3535f428.jpg,https://s13emagst.akamaized.net/products/102037/102036448/images/res_1c0ddc1136c2dd30776f499778fab721.jpg,80,80,315917,"Sistem de prindere pe gat, Excitat®, Design fix, Prindere magnetica, Silicon, Suport pentru camera de actiune pentru ciclism, Compatibil cu GoPro 12/11/10/9, Insta360 X3 Go3, DJI Action 4, Gri"
22,D0HYFS3BM,main_gallery,2,products/22_D0HYFS3BM_Sistem-de-prindere-pe-gat-Excitat-Design-fix-Prindere-magnetica-Silicon-Suport-pentru-ca/main_gallery/02_64ab6d2f.jpg,https://s13emagst.akamaized.net/products/101791/101790396/images/res_21c1a50003343e126f63caf7c7931852.jpg,80,80,297821,"Sistem de prindere pe gat, Excitat®, Design fix, Prindere magnetica, Silicon, Suport pentru camera de actiune pentru ciclism, Compatibil cu GoPro 12/11/10/9, Insta360 X3 Go3, DJI Action 4, Gri"
22,D0HYFS3BM,main_gallery,3,products/22_D0HYFS3BM_Sistem-de-prindere-pe-gat-Excitat-Design-fix-Prindere-magnetica-Silicon-Suport-pentru-ca/main_gallery/03_137c81c9.jpg,https://s13emagst.akamaized.net/products/101791/101790396/images/res_4379939040169cbe34685151e70fbf35.jpg,80,80,274276,"Sistem de prindere pe gat, Excitat®, Design fix, Prindere magnetica, Silicon, Suport pentru camera de actiune pentru ciclism, Compatibil cu GoPro 12/11/10/9, Insta360 X3 Go3, DJI Action 4, Gri"
22,D0HYFS3BM,main_gallery,4,products/22_D0HYFS3BM_Sistem-de-prindere-pe-gat-Excitat-Design-fix-Prindere-magnetica-Silicon-Suport-pentru-ca/main_gallery/04_ca131e68.jpg,https://s13emagst.akamaized.net/products/101791/101790396/images/res_479854ea69e19072765ba6106f3bd049.jpg,80,80,371761,"Sistem de prindere pe gat, Excitat®, Design fix, Prindere magnetica, Silicon, Suport pentru camera de actiune pentru ciclism, Compatibil cu GoPro 12/11/10/9, Insta360 X3 Go3, DJI Action 4, Gri"
22,D0HYFS3BM,main_gallery,5,products/22_D0HYFS3BM_Sistem-de-prindere-pe-gat-Excitat-Design-fix-Prindere-magnetica-Silicon-Suport-pentru-ca/main_gallery/05_9b46aa80.jpg,https://s13emagst.akamaized.net/products/101791/101790396/images/res_b6c75a6527d99148821032f6e04de132.jpg,80,80,333029,"Sistem de prindere pe gat, Excitat®, Design fix, Prindere magnetica, Silicon, Suport pentru camera de actiune pentru ciclism, Compatibil cu GoPro 12/11/10/9, Insta360 X3 Go3, DJI Action 4, Gri"
22,D0HYFS3BM,main_gallery,6,products/22_D0HYFS3BM_Sistem-de-prindere-pe-gat-Excitat-Design-fix-Prindere-magnetica-Silicon-Suport-pentru-ca/main_gallery/06_41fe71b6.jpg,https://s13emagst.akamaized.net/products/101791/101790396/images/res_b1e0642a52f2379ae3664b14a1b0a1d6.jpg,80,80,379187,"Sistem de prindere pe gat, Excitat®, Design fix, Prindere magnetica, Silicon, Suport pentru camera de actiune pentru ciclism, Compatibil cu GoPro 12/11/10/9, Insta360 X3 Go3, DJI Action 4, Gri"
22,D0HYFS3BM,main_gallery,7,products/22_D0HYFS3BM_Sistem-de-prindere-pe-gat-Excitat-Design-fix-Prindere-magnetica-Silicon-Suport-pentru-ca/main_gallery/07_00cf65cc.jpg,https://s13emagst.akamaized.net/products/101791/101790396/images/res_bacd6de790bbe194efe83ed3c7b01bb2.jpg,80,80,539923,"Sistem de prindere pe gat, Excitat®, Design fix, Prindere magnetica, Silicon, Suport pentru camera de actiune pentru ciclism, Compatibil cu GoPro 12/11/10/9, Insta360 X3 Go3, DJI Action 4, Gri"
22,D0HYFS3BM,main_gallery,8,products/22_D0HYFS3BM_Sistem-de-prindere-pe-gat-Excitat-Design-fix-Prindere-magnetica-Silicon-Suport-pentru-ca/main_gallery/08_80e4e37b.jpg,https://s13emagst.akamaized.net/products/101791/101790396/images/res_b34e2ef746c8f27b8df0606b3999fa73.jpg,80,80,330600,"Sistem de prindere pe gat, Excitat®, Design fix, Prindere magnetica, Silicon, Suport pentru camera de actiune pentru ciclism, Compatibil cu GoPro 12/11/10/9, Insta360 X3 Go3, DJI Action 4, Gri"
22,D0HYFS3BM,detail_image,1,products/22_D0HYFS3BM_Sistem-de-prindere-pe-gat-Excitat-Design-fix-Prindere-magnetica-Silicon-Suport-pentru-ca/detail_images/01_84ba448f.jpg,https://i.postimg.cc/BbNPhy6w/detail-4cf3e7c8-8f0a-11f0-a945-751e56ff4634.jpg,970,600,260223,"Sistem de prindere pe gat, Excitat®, Design fix, Prindere magnetica, Silicon, Suport pentru camera de actiune pentru ciclism, Compatibil cu GoPro 12/11/10/9, Insta360 X3 Go3, DJI Action 4, Gri"
22,D0HYFS3BM,detail_image,2,products/22_D0HYFS3BM_Sistem-de-prindere-pe-gat-Excitat-Design-fix-Prindere-magnetica-Silicon-Suport-pentru-ca/detail_images/02_cb7b9e82.jpg,https://i.postimg.cc/wTTmt6fb/detail-6fda01e4-8f30-11f0-a945-751e56ff4634.jpg,0,0,90330,"Sistem de prindere pe gat, Excitat®, Design fix, Prindere magnetica, Silicon, Suport pentru camera de actiune pentru ciclism, Compatibil cu GoPro 12/11/10/9, Insta360 X3 Go3, DJI Action 4, Gri"
22,D0HYFS3BM,detail_image,3,products/22_D0HYFS3BM_Sistem-de-prindere-pe-gat-Excitat-Design-fix-Prindere-magnetica-Silicon-Suport-pentru-ca/detail_images/03_87be463d.jpg,https://i.postimg.cc/441cNK57/detail-4cf3e7c9-8f0a-11f0-a945-751e56ff4634.jpg,0,0,138322,"Sistem de prindere pe gat, Excitat®, Design fix, Prindere magnetica, Silicon, Suport pentru camera de actiune pentru ciclism, Compatibil cu GoPro 12/11/10/9, Insta360 X3 Go3, DJI Action 4, Gri"
22,D0HYFS3BM,detail_image,4,products/22_D0HYFS3BM_Sistem-de-prindere-pe-gat-Excitat-Design-fix-Prindere-magnetica-Silicon-Suport-pentru-ca/detail_images/04_7902f288.jpg,https://i.postimg.cc/Y0tmzkpz/detail-4cf3e7c7-8f0a-11f0-a945-751e56ff4634.jpg,0,0,206430,"Sistem de prindere pe gat, Excitat®, Design fix, Prindere magnetica, Silicon, Suport pentru camera de actiune pentru ciclism, Compatibil cu GoPro 12/11/10/9, Insta360 X3 Go3, DJI Action 4, Gri"
22,D0HYFS3BM,detail_image,5,products/22_D0HYFS3BM_Sistem-de-prindere-pe-gat-Excitat-Design-fix-Prindere-magnetica-Silicon-Suport-pentru-ca/detail_images/05_9e071e5f.jpg,https://i.postimg.cc/kG7tv9nG/detail-4cf3e7c6-8f0a-11f0-a945-751e56ff4634.jpg,0,0,109938,"Sistem de prindere pe gat, Excitat®, Design fix, Prindere magnetica, Silicon, Suport pentru camera de actiune pentru ciclism, Compatibil cu GoPro 12/11/10/9, Insta360 X3 Go3, DJI Action 4, Gri"
22,D0HYFS3BM,detail_image,6,products/22_D0HYFS3BM_Sistem-de-prindere-pe-gat-Excitat-Design-fix-Prindere-magnetica-Silicon-Suport-pentru-ca/detail_images/06_9ad49b08.jpg,https://i.postimg.cc/HxDMjXRq/detail-4cf3e7c4-8f0a-11f0-a945-751e56ff4634.jpg,0,0,96628,"Sistem de prindere pe gat, Excitat®, Design fix, Prindere magnetica, Silicon, Suport pentru camera de actiune pentru ciclism, Compatibil cu GoPro 12/11/10/9, Insta360 X3 Go3, DJI Action 4, Gri"
22,D0HYFS3BM,detail_image,7,products/22_D0HYFS3BM_Sistem-de-prindere-pe-gat-Excitat-Design-fix-Prindere-magnetica-Silicon-Suport-pentru-ca/detail_images/07_866f63bb.jpg,https://i.postimg.cc/FRyLS1QQ/detail-4cf3e7c5-8f0a-11f0-a945-751e56ff4634.jpg,0,0,55890,"Sistem de prindere pe gat, Excitat®, Design fix, Prindere magnetica, Silicon, Suport pentru camera de actiune pentru ciclism, Compatibil cu GoPro 12/11/10/9, Insta360 X3 Go3, DJI Action 4, Gri"
22,D0HYFS3BM,detail_image,8,products/22_D0HYFS3BM_Sistem-de-prindere-pe-gat-Excitat-Design-fix-Prindere-magnetica-Silicon-Suport-pentru-ca/detail_images/08_a21bb47a.jpg,https://i.postimg.cc/P5Cv4SkL/detail-b944db4c-8f35-11f0-a945-751e56ff4634.jpg,0,0,226034,"Sistem de prindere pe gat, Excitat®, Design fix, Prindere magnetica, Silicon, Suport pentru camera de actiune pentru ciclism, Compatibil cu GoPro 12/11/10/9, Insta360 X3 Go3, DJI Action 4, Gri"
23,D9S4DV3BM,main_gallery,1,products/23_D9S4DV3BM_Consola-Retro-Portabila-X7M-Excitat-500-jocuri-ecran-3.5-inch-baterie-1200mAh-conectare-/main_gallery/01_90b73688.jpg,https://s13emagst.akamaized.net/products/102709/102708377/images/res_a1de2fa7c8f03ad4a1c0b76011d47856.jpg,80,80,499404,"Consola Retro Portabila X7M, Excitat®, 500 jocuri, ecran 3.5 inch, baterie 1200mAh, conectare la TV, suporta 2 jucatori cu controller inclus, ideala acasa sau in aer liber, Rosu-Albastru"
23,D9S4DV3BM,main_gallery,2,products/23_D9S4DV3BM_Consola-Retro-Portabila-X7M-Excitat-500-jocuri-ecran-3.5-inch-baterie-1200mAh-conectare-/main_gallery/02_29a8175b.jpg,https://s13emagst.akamaized.net/products/102709/102708377/images/res_7954ea52c819ccf2022aff3dfc42a5ff.jpg,80,80,259354,"Consola Retro Portabila X7M, Excitat®, 500 jocuri, ecran 3.5 inch, baterie 1200mAh, conectare la TV, suporta 2 jucatori cu controller inclus, ideala acasa sau in aer liber, Rosu-Albastru"
23,D9S4DV3BM,main_gallery,3,products/23_D9S4DV3BM_Consola-Retro-Portabila-X7M-Excitat-500-jocuri-ecran-3.5-inch-baterie-1200mAh-conectare-/main_gallery/03_187a1a36.jpg,https://s13emagst.akamaized.net/products/102709/102708377/images/res_5cec0326475c269fbe023d1a72a490c4.jpg,80,80,225512,"Consola Retro Portabila X7M, Excitat®, 500 jocuri, ecran 3.5 inch, baterie 1200mAh, conectare la TV, suporta 2 jucatori cu controller inclus, ideala acasa sau in aer liber, Rosu-Albastru"
23,D9S4DV3BM,main_gallery,4,products/23_D9S4DV3BM_Consola-Retro-Portabila-X7M-Excitat-500-jocuri-ecran-3.5-inch-baterie-1200mAh-conectare-/main_gallery/04_589eb5d1.jpg,https://s13emagst.akamaized.net/products/102709/102708377/images/res_45dcbf8962466c28dce9d2bf6288e79b.jpg,80,80,222700,"Consola Retro Portabila X7M, Excitat®, 500 jocuri, ecran 3.5 inch, baterie 1200mAh, conectare la TV, suporta 2 jucatori cu controller inclus, ideala acasa sau in aer liber, Rosu-Albastru"
23,D9S4DV3BM,main_gallery,5,products/23_D9S4DV3BM_Consola-Retro-Portabila-X7M-Excitat-500-jocuri-ecran-3.5-inch-baterie-1200mAh-conectare-/main_gallery/05_d0ee00c7.jpg,https://s13emagst.akamaized.net/products/102709/102708377/images/res_3e4db29849228b94eda64b459976b2be.jpg,80,80,294328,"Consola Retro Portabila X7M, Excitat®, 500 jocuri, ecran 3.5 inch, baterie 1200mAh, conectare la TV, suporta 2 jucatori cu controller inclus, ideala acasa sau in aer liber, Rosu-Albastru"
23,D9S4DV3BM,main_gallery,6,products/23_D9S4DV3BM_Consola-Retro-Portabila-X7M-Excitat-500-jocuri-ecran-3.5-inch-baterie-1200mAh-conectare-/main_gallery/06_e582bf13.jpg,https://s13emagst.akamaized.net/products/102709/102708377/images/res_a6a2a5e0ea857e11f8881fee5b5dcbe4.jpg,80,80,247289,"Consola Retro Portabila X7M, Excitat®, 500 jocuri, ecran 3.5 inch, baterie 1200mAh, conectare la TV, suporta 2 jucatori cu controller inclus, ideala acasa sau in aer liber, Rosu-Albastru"
23,D9S4DV3BM,main_gallery,7,products/23_D9S4DV3BM_Consola-Retro-Portabila-X7M-Excitat-500-jocuri-ecran-3.5-inch-baterie-1200mAh-conectare-/main_gallery/07_e63b4c16.jpg,https://s13emagst.akamaized.net/products/102709/102708377/images/res_7d1d6f24fa03e1111a69798c2bb6ed88.jpg,80,80,275273,"Consola Retro Portabila X7M, Excitat®, 500 jocuri, ecran 3.5 inch, baterie 1200mAh, conectare la TV, suporta 2 jucatori cu controller inclus, ideala acasa sau in aer liber, Rosu-Albastru"
23,D9S4DV3BM,main_gallery,8,products/23_D9S4DV3BM_Consola-Retro-Portabila-X7M-Excitat-500-jocuri-ecran-3.5-inch-baterie-1200mAh-conectare-/main_gallery/08_4692b153.jpg,https://s13emagst.akamaized.net/products/102709/102708377/images/res_46807bbc24ddaabeb12de855cdbf5c7b.jpg,80,80,484977,"Consola Retro Portabila X7M, Excitat®, 500 jocuri, ecran 3.5 inch, baterie 1200mAh, conectare la TV, suporta 2 jucatori cu controller inclus, ideala acasa sau in aer liber, Rosu-Albastru"
23,D9S4DV3BM,main_gallery,9,products/23_D9S4DV3BM_Consola-Retro-Portabila-X7M-Excitat-500-jocuri-ecran-3.5-inch-baterie-1200mAh-conectare-/main_gallery/09_812325f9.jpg,https://s13emagst.akamaized.net/products/102709/102708377/images/res_52d90a0b97016deee8ec29480ec5716c.jpg,80,80,360415,"Consola Retro Portabila X7M, Excitat®, 500 jocuri, ecran 3.5 inch, baterie 1200mAh, conectare la TV, suporta 2 jucatori cu controller inclus, ideala acasa sau in aer liber, Rosu-Albastru"
23,D9S4DV3BM,main_gallery,10,products/23_D9S4DV3BM_Consola-Retro-Portabila-X7M-Excitat-500-jocuri-ecran-3.5-inch-baterie-1200mAh-conectare-/main_gallery/10_5c08eabe.jpg,https://s13emagst.akamaized.net/products/102709/102708377/images/res_04132c85f6fce63ae664035ab1781b9e.jpg,80,80,213196,"Consola Retro Portabila X7M, Excitat®, 500 jocuri, ecran 3.5 inch, baterie 1200mAh, conectare la TV, suporta 2 jucatori cu controller inclus, ideala acasa sau in aer liber, Rosu-Albastru"
23,D9S4DV3BM,detail_image,1,products/23_D9S4DV3BM_Consola-Retro-Portabila-X7M-Excitat-500-jocuri-ecran-3.5-inch-baterie-1200mAh-conectare-/detail_images/01_0896fa85.gif,https://marketplace-static.emag.ro/resources/000/057/648/772/57648772.gif,970,400,720892,"Consola Retro Portabila X7M, Excitat®, 500 jocuri, ecran 3.5 inch, baterie 1200mAh, conectare la TV, suporta 2 jucatori cu controller inclus, ideala acasa sau in aer liber, Rosu-Albastru"
23,D9S4DV3BM,detail_image,2,products/23_D9S4DV3BM_Consola-Retro-Portabila-X7M-Excitat-500-jocuri-ecran-3.5-inch-baterie-1200mAh-conectare-/detail_images/02_62d3e820.jpg,https://i.postimg.cc/2SLMDfD0/detail-94e0860f-97b4-11f0-a945-751e56ff4634.jpg,970,600,379234,"Consola Retro Portabila X7M, Excitat®, 500 jocuri, ecran 3.5 inch, baterie 1200mAh, conectare la TV, suporta 2 jucatori cu controller inclus, ideala acasa sau in aer liber, Rosu-Albastru"
23,D9S4DV3BM,detail_image,3,products/23_D9S4DV3BM_Consola-Retro-Portabila-X7M-Excitat-500-jocuri-ecran-3.5-inch-baterie-1200mAh-conectare-/detail_images/03_529b5ebf.gif,https://i.postimg.cc/26k03sPP/detail-d5d42c08-97c9-11f0-a945-751e56ff4634.gif,320,320,3461578,"Consola Retro Portabila X7M, Excitat®, 500 jocuri, ecran 3.5 inch, baterie 1200mAh, conectare la TV, suporta 2 jucatori cu controller inclus, ideala acasa sau in aer liber, Rosu-Albastru"
23,D9S4DV3BM,detail_image,4,products/23_D9S4DV3BM_Consola-Retro-Portabila-X7M-Excitat-500-jocuri-ecran-3.5-inch-baterie-1200mAh-conectare-/detail_images/04_73ecbe6c.jpg,https://i.postimg.cc/Kjsq60pw/detail-94e0860d-97b4-11f0-a945-751e56ff4634.jpg,970,600,380505,"Consola Retro Portabila X7M, Excitat®, 500 jocuri, ecran 3.5 inch, baterie 1200mAh, conectare la TV, suporta 2 jucatori cu controller inclus, ideala acasa sau in aer liber, Rosu-Albastru"
23,D9S4DV3BM,detail_image,5,products/23_D9S4DV3BM_Consola-Retro-Portabila-X7M-Excitat-500-jocuri-ecran-3.5-inch-baterie-1200mAh-conectare-/detail_images/05_a747746b.jpg,https://i.postimg.cc/zB8cKbRV/detail-94e0860c-97b4-11f0-a945-751e56ff4634.jpg,0,0,292095,"Consola Retro Portabila X7M, Excitat®, 500 jocuri, ecran 3.5 inch, baterie 1200mAh, conectare la TV, suporta 2 jucatori cu controller inclus, ideala acasa sau in aer liber, Rosu-Albastru"
23,D9S4DV3BM,detail_image,6,products/23_D9S4DV3BM_Consola-Retro-Portabila-X7M-Excitat-500-jocuri-ecran-3.5-inch-baterie-1200mAh-conectare-/detail_images/06_2d74adb8.jpg,https://i.postimg.cc/43z0Ybyj/detail-94e0860e-97b4-11f0-a945-751e56ff4634.jpg,0,0,381601,"Consola Retro Portabila X7M, Excitat®, 500 jocuri, ecran 3.5 inch, baterie 1200mAh, conectare la TV, suporta 2 jucatori cu controller inclus, ideala acasa sau in aer liber, Rosu-Albastru"
23,D9S4DV3BM,detail_image,7,products/23_D9S4DV3BM_Consola-Retro-Portabila-X7M-Excitat-500-jocuri-ecran-3.5-inch-baterie-1200mAh-conectare-/detail_images/07_55193f16.jpg,https://i.postimg.cc/tTkm5q3G/detail-94e08610-97b4-11f0-a945-751e56ff4634.jpg,0,0,139013,"Consola Retro Portabila X7M, Excitat®, 500 jocuri, ecran 3.5 inch, baterie 1200mAh, conectare la TV, suporta 2 jucatori cu controller inclus, ideala acasa sau in aer liber, Rosu-Albastru"
23,D9S4DV3BM,detail_image,8,products/23_D9S4DV3BM_Consola-Retro-Portabila-X7M-Excitat-500-jocuri-ecran-3.5-inch-baterie-1200mAh-conectare-/detail_images/08_dcae806d.jpg,https://i.postimg.cc/4xcL0b67/detail-94e08612-97b4-11f0-a945-751e56ff4634.jpg,0,0,152139,"Consola Retro Portabila X7M, Excitat®, 500 jocuri, ecran 3.5 inch, baterie 1200mAh, conectare la TV, suporta 2 jucatori cu controller inclus, ideala acasa sau in aer liber, Rosu-Albastru"
23,D9S4DV3BM,detail_image,9,products/23_D9S4DV3BM_Consola-Retro-Portabila-X7M-Excitat-500-jocuri-ecran-3.5-inch-baterie-1200mAh-conectare-/detail_images/09_b3cd6628.jpg,https://i.postimg.cc/qBm567Bm/detail-94e08611-97b4-11f0-a945-751e56ff4634.jpg,0,0,514648,"Consola Retro Portabila X7M, Excitat®, 500 jocuri, ecran 3.5 inch, baterie 1200mAh, conectare la TV, suporta 2 jucatori cu controller inclus, ideala acasa sau in aer liber, Rosu-Albastru"
23,D9S4DV3BM,detail_image,10,products/23_D9S4DV3BM_Consola-Retro-Portabila-X7M-Excitat-500-jocuri-ecran-3.5-inch-baterie-1200mAh-conectare-/detail_images/10_44a4fa81.jpg,https://i.postimg.cc/7LMBHHQy/detail-9bc208c4-97c3-11f0-a945-751e56ff4634.jpg,0,0,457960,"Consola Retro Portabila X7M, Excitat®, 500 jocuri, ecran 3.5 inch, baterie 1200mAh, conectare la TV, suporta 2 jucatori cu controller inclus, ideala acasa sau in aer liber, Rosu-Albastru"
24,D3JCBV3BM,main_gallery,1,products/24_D3JCBV3BM_Joc-Sah-Junior-Educational-pentru-Copii-Excitat-Interactiv-Blocuri-de-Constructie-Echipa/main_gallery/01_759ea557.jpg,https://s13emagst.akamaized.net/products/102469/102468775/images/res_cb09cb555b5783c2492a6893d2b47d95.jpg,80,80,538333,"Joc Sah Junior Educational pentru Copii, Excitat®, Interactiv, Blocuri de Constructie, Echipa cu 4 roluri, Ghid Color Interactiv Sah incluse"
24,D3JCBV3BM,main_gallery,2,products/24_D3JCBV3BM_Joc-Sah-Junior-Educational-pentru-Copii-Excitat-Interactiv-Blocuri-de-Constructie-Echipa/main_gallery/02_cd2bf127.jpg,https://s13emagst.akamaized.net/products/102469/102468775/images/res_09e0188d73d07cc7e1b548ce113fe9c1.jpg,80,80,524690,"Joc Sah Junior Educational pentru Copii, Excitat®, Interactiv, Blocuri de Constructie, Echipa cu 4 roluri, Ghid Color Interactiv Sah incluse"
24,D3JCBV3BM,main_gallery,3,products/24_D3JCBV3BM_Joc-Sah-Junior-Educational-pentru-Copii-Excitat-Interactiv-Blocuri-de-Constructie-Echipa/main_gallery/03_3e6df86a.jpg,https://s13emagst.akamaized.net/products/102469/102468775/images/res_1248e4a9cff57ce2a22c6db346b9d733.jpg,80,80,482127,"Joc Sah Junior Educational pentru Copii, Excitat®, Interactiv, Blocuri de Constructie, Echipa cu 4 roluri, Ghid Color Interactiv Sah incluse"
24,D3JCBV3BM,main_gallery,4,products/24_D3JCBV3BM_Joc-Sah-Junior-Educational-pentru-Copii-Excitat-Interactiv-Blocuri-de-Constructie-Echipa/main_gallery/04_79b2842f.jpg,https://s13emagst.akamaized.net/products/102469/102468775/images/res_01f75f9ee37928848c19700b52873a8c.jpg,80,80,461506,"Joc Sah Junior Educational pentru Copii, Excitat®, Interactiv, Blocuri de Constructie, Echipa cu 4 roluri, Ghid Color Interactiv Sah incluse"
24,D3JCBV3BM,main_gallery,5,products/24_D3JCBV3BM_Joc-Sah-Junior-Educational-pentru-Copii-Excitat-Interactiv-Blocuri-de-Constructie-Echipa/main_gallery/05_4087ab12.jpg,https://s13emagst.akamaized.net/products/102469/102468775/images/res_f51d3e8ede3fdfedda1f37c2aeb1a6a3.jpg,80,80,393923,"Joc Sah Junior Educational pentru Copii, Excitat®, Interactiv, Blocuri de Constructie, Echipa cu 4 roluri, Ghid Color Interactiv Sah incluse"
24,D3JCBV3BM,main_gallery,6,products/24_D3JCBV3BM_Joc-Sah-Junior-Educational-pentru-Copii-Excitat-Interactiv-Blocuri-de-Constructie-Echipa/main_gallery/06_fd242122.jpg,https://s13emagst.akamaized.net/products/102469/102468775/images/res_51b8dbb2d147bef50928f9aeb361232c.jpg,80,80,448949,"Joc Sah Junior Educational pentru Copii, Excitat®, Interactiv, Blocuri de Constructie, Echipa cu 4 roluri, Ghid Color Interactiv Sah incluse"
24,D3JCBV3BM,main_gallery,7,products/24_D3JCBV3BM_Joc-Sah-Junior-Educational-pentru-Copii-Excitat-Interactiv-Blocuri-de-Constructie-Echipa/main_gallery/07_50313c6e.jpg,https://s13emagst.akamaized.net/products/102469/102468775/images/res_bb98f276ec3b6c4b18803bc89df689fa.jpg,80,80,401540,"Joc Sah Junior Educational pentru Copii, Excitat®, Interactiv, Blocuri de Constructie, Echipa cu 4 roluri, Ghid Color Interactiv Sah incluse"
24,D3JCBV3BM,main_gallery,8,products/24_D3JCBV3BM_Joc-Sah-Junior-Educational-pentru-Copii-Excitat-Interactiv-Blocuri-de-Constructie-Echipa/main_gallery/08_3fe58ff0.jpg,https://s13emagst.akamaized.net/products/102469/102468775/images/res_b965a56197167f45f3d4f65a39dbb3c9.jpg,80,80,383785,"Joc Sah Junior Educational pentru Copii, Excitat®, Interactiv, Blocuri de Constructie, Echipa cu 4 roluri, Ghid Color Interactiv Sah incluse"
24,D3JCBV3BM,main_gallery,9,products/24_D3JCBV3BM_Joc-Sah-Junior-Educational-pentru-Copii-Excitat-Interactiv-Blocuri-de-Constructie-Echipa/main_gallery/09_129bba8a.jpg,https://s13emagst.akamaized.net/products/102469/102468775/images/res_c1992375aecdc66fa0ff8854d910d6e7.jpg,80,80,512773,"Joc Sah Junior Educational pentru Copii, Excitat®, Interactiv, Blocuri de Constructie, Echipa cu 4 roluri, Ghid Color Interactiv Sah incluse"
24,D3JCBV3BM,main_gallery,10,products/24_D3JCBV3BM_Joc-Sah-Junior-Educational-pentru-Copii-Excitat-Interactiv-Blocuri-de-Constructie-Echipa/main_gallery/10_5a0d2dfb.jpg,https://s13emagst.akamaized.net/products/102469/102468775/images/res_8db54514aa95e04227fc1a8b9755e152.jpg,80,80,385320,"Joc Sah Junior Educational pentru Copii, Excitat®, Interactiv, Blocuri de Constructie, Echipa cu 4 roluri, Ghid Color Interactiv Sah incluse"
24,D3JCBV3BM,main_gallery,11,products/24_D3JCBV3BM_Joc-Sah-Junior-Educational-pentru-Copii-Excitat-Interactiv-Blocuri-de-Constructie-Echipa/main_gallery/11_ad272a1a.jpg,https://s13emagst.akamaized.net/products/102469/102468775/images/res_57e45f7728102d65e0ce54544d647585.jpg,80,80,517590,"Joc Sah Junior Educational pentru Copii, Excitat®, Interactiv, Blocuri de Constructie, Echipa cu 4 roluri, Ghid Color Interactiv Sah incluse"
24,D3JCBV3BM,detail_image,1,products/24_D3JCBV3BM_Joc-Sah-Junior-Educational-pentru-Copii-Excitat-Interactiv-Blocuri-de-Constructie-Echipa/detail_images/01_8c52efdf.jpg,https://i.postimg.cc/2S4pWfKy/detail-a5af2335-9d0e-11f0-aad8-23a3b6d8f861.jpg,1280,720,387927,"Joc Sah Junior Educational pentru Copii, Excitat®, Interactiv, Blocuri de Constructie, Echipa cu 4 roluri, Ghid Color Interactiv Sah incluse"
24,D3JCBV3BM,detail_image,2,products/24_D3JCBV3BM_Joc-Sah-Junior-Educational-pentru-Copii-Excitat-Interactiv-Blocuri-de-Constructie-Echipa/detail_images/02_e1f737b1.gif,https://marketplace-static.emag.ro/resources/000/057/606/326/57606326.gif,970,400,924694,"Joc Sah Junior Educational pentru Copii, Excitat®, Interactiv, Blocuri de Constructie, Echipa cu 4 roluri, Ghid Color Interactiv Sah incluse"
24,D3JCBV3BM,detail_image,3,products/24_D3JCBV3BM_Joc-Sah-Junior-Educational-pentru-Copii-Excitat-Interactiv-Blocuri-de-Constructie-Echipa/detail_images/03_54fd7f52.jpg,https://i.postimg.cc/QdLGVMSW/detail-a5af2334-9d0e-11f0-aad8-23a3b6d8f861.jpg,1280,627,250851,"Joc Sah Junior Educational pentru Copii, Excitat®, Interactiv, Blocuri de Constructie, Echipa cu 4 roluri, Ghid Color Interactiv Sah incluse"
24,D3JCBV3BM,detail_image,4,products/24_D3JCBV3BM_Joc-Sah-Junior-Educational-pentru-Copii-Excitat-Interactiv-Blocuri-de-Constructie-Echipa/detail_images/04_0e14ee95.jpg,https://i.postimg.cc/tJw03Rbb/detail-a5af2331-9d0e-11f0-aad8-23a3b6d8f861.jpg,1139,800,273292,"Joc Sah Junior Educational pentru Copii, Excitat®, Interactiv, Blocuri de Constructie, Echipa cu 4 roluri, Ghid Color Interactiv Sah incluse"
24,D3JCBV3BM,detail_image,5,products/24_D3JCBV3BM_Joc-Sah-Junior-Educational-pentru-Copii-Excitat-Interactiv-Blocuri-de-Constructie-Echipa/detail_images/05_ce7fe0da.jpg,https://i.postimg.cc/vTcFxgJd/detail-a5af2330-9d0e-11f0-aad8-23a3b6d8f861.jpg,640,800,204226,"Joc Sah Junior Educational pentru Copii, Excitat®, Interactiv, Blocuri de Constructie, Echipa cu 4 roluri, Ghid Color Interactiv Sah incluse"
24,D3JCBV3BM,detail_image,6,products/24_D3JCBV3BM_Joc-Sah-Junior-Educational-pentru-Copii-Excitat-Interactiv-Blocuri-de-Constructie-Echipa/detail_images/06_628b7db8.jpg,https://i.postimg.cc/SQvpFd9h/detail-a5af2333-9d0e-11f0-aad8-23a3b6d8f861.jpg,800,800,263162,"Joc Sah Junior Educational pentru Copii, Excitat®, Interactiv, Blocuri de Constructie, Echipa cu 4 roluri, Ghid Color Interactiv Sah incluse"
24,D3JCBV3BM,detail_image,7,products/24_D3JCBV3BM_Joc-Sah-Junior-Educational-pentru-Copii-Excitat-Interactiv-Blocuri-de-Constructie-Echipa/detail_images/07_ee7a0d68.jpg,https://i.postimg.cc/DZC3zdYs/detail-a4d7635a-9d0e-11f0-aad8-23a3b6d8f861.jpg,1280,683,146438,"Joc Sah Junior Educational pentru Copii, Excitat®, Interactiv, Blocuri de Constructie, Echipa cu 4 roluri, Ghid Color Interactiv Sah incluse"
24,D3JCBV3BM,detail_image,8,products/24_D3JCBV3BM_Joc-Sah-Junior-Educational-pentru-Copii-Excitat-Interactiv-Blocuri-de-Constructie-Echipa/detail_images/08_6689d28a.jpg,https://i.postimg.cc/D08k4JtB/detail-a4d7635b-9d0e-11f0-aad8-23a3b6d8f861.jpg,0,0,159007,"Joc Sah Junior Educational pentru Copii, Excitat®, Interactiv, Blocuri de Constructie, Echipa cu 4 roluri, Ghid Color Interactiv Sah incluse"
24,D3JCBV3BM,detail_image,9,products/24_D3JCBV3BM_Joc-Sah-Junior-Educational-pentru-Copii-Excitat-Interactiv-Blocuri-de-Constructie-Echipa/detail_images/09_6cfc9635.jpg,https://i.postimg.cc/hv6FL4nd/detail-a5af2332-9d0e-11f0-aad8-23a3b6d8f861.jpg,0,0,243340,"Joc Sah Junior Educational pentru Copii, Excitat®, Interactiv, Blocuri de Constructie, Echipa cu 4 roluri, Ghid Color Interactiv Sah incluse"
24,D3JCBV3BM,detail_image,10,products/24_D3JCBV3BM_Joc-Sah-Junior-Educational-pentru-Copii-Excitat-Interactiv-Blocuri-de-Constructie-Echipa/detail_images/10_86ec642b.gif,https://i.postimg.cc/Mp1WRmJT/9-21-1-1.gif,0,0,13247033,"Joc Sah Junior Educational pentru Copii, Excitat®, Interactiv, Blocuri de Constructie, Echipa cu 4 roluri, Ghid Color Interactiv Sah incluse"
25,DBZFYC3BM,main_gallery,1,products/25_DBZFYC3BM_Antena-Outdoor-5G-LTE-Excitat-15-dBi-banda-6006000-MHz-cablu-RG58-3m-SMA-adaptor-RP-SMA-/main_gallery/01_a2dc961f.jpg,https://s13emagst.akamaized.net/products/104433/104432552/images/res_3a843bc76e2229347580e64c5d4a7b3e.jpg,80,80,328199,"Antena Outdoor 5G LTE, Excitat®, 15 dBi, banda 600–6000 MHz, cablu RG58 3m, SMA + adaptor RP-SMA, Impermeabila, pentru IoT/WiFi, Negru"
25,DBZFYC3BM,main_gallery,2,products/25_DBZFYC3BM_Antena-Outdoor-5G-LTE-Excitat-15-dBi-banda-6006000-MHz-cablu-RG58-3m-SMA-adaptor-RP-SMA-/main_gallery/02_4931ed3c.jpg,https://s13emagst.akamaized.net/products/104433/104432552/images/res_751fdbd51fe7ad88a13f037935fa5e82.jpg,80,80,292934,"Antena Outdoor 5G LTE, Excitat®, 15 dBi, banda 600–6000 MHz, cablu RG58 3m, SMA + adaptor RP-SMA, Impermeabila, pentru IoT/WiFi, Negru"
25,DBZFYC3BM,main_gallery,3,products/25_DBZFYC3BM_Antena-Outdoor-5G-LTE-Excitat-15-dBi-banda-6006000-MHz-cablu-RG58-3m-SMA-adaptor-RP-SMA-/main_gallery/03_efbd3dab.jpg,https://s13emagst.akamaized.net/products/104433/104432552/images/res_1a23db4adba3016302b435f8e9e05009.jpg,80,80,98737,"Antena Outdoor 5G LTE, Excitat®, 15 dBi, banda 600–6000 MHz, cablu RG58 3m, SMA + adaptor RP-SMA, Impermeabila, pentru IoT/WiFi, Negru"
25,DBZFYC3BM,main_gallery,4,products/25_DBZFYC3BM_Antena-Outdoor-5G-LTE-Excitat-15-dBi-banda-6006000-MHz-cablu-RG58-3m-SMA-adaptor-RP-SMA-/main_gallery/04_24ea8376.jpg,https://s13emagst.akamaized.net/products/104433/104432552/images/res_d6cca960fd89b54e638c2b908d091df3.jpg,80,80,167403,"Antena Outdoor 5G LTE, Excitat®, 15 dBi, banda 600–6000 MHz, cablu RG58 3m, SMA + adaptor RP-SMA, Impermeabila, pentru IoT/WiFi, Negru"
25,DBZFYC3BM,main_gallery,5,products/25_DBZFYC3BM_Antena-Outdoor-5G-LTE-Excitat-15-dBi-banda-6006000-MHz-cablu-RG58-3m-SMA-adaptor-RP-SMA-/main_gallery/05_f1679a7d.jpg,https://s13emagst.akamaized.net/products/104433/104432552/images/res_44b9a2fe9d090f939681d32c5ea836fe.jpg,80,80,104894,"Antena Outdoor 5G LTE, Excitat®, 15 dBi, banda 600–6000 MHz, cablu RG58 3m, SMA + adaptor RP-SMA, Impermeabila, pentru IoT/WiFi, Negru"
25,DBZFYC3BM,main_gallery,6,products/25_DBZFYC3BM_Antena-Outdoor-5G-LTE-Excitat-15-dBi-banda-6006000-MHz-cablu-RG58-3m-SMA-adaptor-RP-SMA-/main_gallery/06_e9e36c52.jpg,https://s13emagst.akamaized.net/products/104433/104432552/images/res_1113bacfce065b9865d5507dfe18f247.jpg,80,80,291990,"Antena Outdoor 5G LTE, Excitat®, 15 dBi, banda 600–6000 MHz, cablu RG58 3m, SMA + adaptor RP-SMA, Impermeabila, pentru IoT/WiFi, Negru"
25,DBZFYC3BM,main_gallery,7,products/25_DBZFYC3BM_Antena-Outdoor-5G-LTE-Excitat-15-dBi-banda-6006000-MHz-cablu-RG58-3m-SMA-adaptor-RP-SMA-/main_gallery/07_2fa77eb5.jpg,https://s13emagst.akamaized.net/products/104433/104432552/images/res_3d53f5c10252feb1166dc20521664e9a.jpg,80,80,508621,"Antena Outdoor 5G LTE, Excitat®, 15 dBi, banda 600–6000 MHz, cablu RG58 3m, SMA + adaptor RP-SMA, Impermeabila, pentru IoT/WiFi, Negru"
25,DBZFYC3BM,main_gallery,8,products/25_DBZFYC3BM_Antena-Outdoor-5G-LTE-Excitat-15-dBi-banda-6006000-MHz-cablu-RG58-3m-SMA-adaptor-RP-SMA-/main_gallery/08_5360cf28.jpg,https://s13emagst.akamaized.net/products/104433/104432552/images/res_f4b1ade5cedcdbb5d38a11cadb325496.jpg,80,80,387715,"Antena Outdoor 5G LTE, Excitat®, 15 dBi, banda 600–6000 MHz, cablu RG58 3m, SMA + adaptor RP-SMA, Impermeabila, pentru IoT/WiFi, Negru"
25,DBZFYC3BM,main_gallery,9,products/25_DBZFYC3BM_Antena-Outdoor-5G-LTE-Excitat-15-dBi-banda-6006000-MHz-cablu-RG58-3m-SMA-adaptor-RP-SMA-/main_gallery/09_db24a719.jpg,https://s13emagst.akamaized.net/products/104433/104432552/images/res_4468f63fda68d65b676d99ee81b7488a.jpg,80,80,327553,"Antena Outdoor 5G LTE, Excitat®, 15 dBi, banda 600–6000 MHz, cablu RG58 3m, SMA + adaptor RP-SMA, Impermeabila, pentru IoT/WiFi, Negru"
25,DBZFYC3BM,detail_image,1,products/25_DBZFYC3BM_Antena-Outdoor-5G-LTE-Excitat-15-dBi-banda-6006000-MHz-cablu-RG58-3m-SMA-adaptor-RP-SMA-/detail_images/01_a271dd22.jpg,https://i.postimg.cc/cCRj2Fjz/dao-tu.jpg,0,0,178089,"Antena Outdoor 5G LTE, Excitat®, 15 dBi, banda 600–6000 MHz, cablu RG58 3m, SMA + adaptor RP-SMA, Impermeabila, pentru IoT/WiFi, Negru"
25,DBZFYC3BM,detail_image,2,products/25_DBZFYC3BM_Antena-Outdoor-5G-LTE-Excitat-15-dBi-banda-6006000-MHz-cablu-RG58-3m-SMA-adaptor-RP-SMA-/detail_images/02_edd5bae0.gif,https://i.postimg.cc/SRd440Vn/image.gif,0,0,766157,"Antena Outdoor 5G LTE, Excitat®, 15 dBi, banda 600–6000 MHz, cablu RG58 3m, SMA + adaptor RP-SMA, Impermeabila, pentru IoT/WiFi, Negru"
25,DBZFYC3BM,detail_image,3,products/25_DBZFYC3BM_Antena-Outdoor-5G-LTE-Excitat-15-dBi-banda-6006000-MHz-cablu-RG58-3m-SMA-adaptor-RP-SMA-/detail_images/03_857dfead.jpg,https://i.postimg.cc/NMXZH0dP/5.jpg,0,0,149129,"Antena Outdoor 5G LTE, Excitat®, 15 dBi, banda 600–6000 MHz, cablu RG58 3m, SMA + adaptor RP-SMA, Impermeabila, pentru IoT/WiFi, Negru"
25,DBZFYC3BM,detail_image,4,products/25_DBZFYC3BM_Antena-Outdoor-5G-LTE-Excitat-15-dBi-banda-6006000-MHz-cablu-RG58-3m-SMA-adaptor-RP-SMA-/detail_images/04_7600e704.jpg,https://i.postimg.cc/rFMY3BWQ/2.jpg,0,0,254140,"Antena Outdoor 5G LTE, Excitat®, 15 dBi, banda 600–6000 MHz, cablu RG58 3m, SMA + adaptor RP-SMA, Impermeabila, pentru IoT/WiFi, Negru"
25,DBZFYC3BM,detail_image,5,products/25_DBZFYC3BM_Antena-Outdoor-5G-LTE-Excitat-15-dBi-banda-6006000-MHz-cablu-RG58-3m-SMA-adaptor-RP-SMA-/detail_images/05_85f625ad.jpg,https://i.postimg.cc/ZK4D2G3Q/3.jpg,0,0,457911,"Antena Outdoor 5G LTE, Excitat®, 15 dBi, banda 600–6000 MHz, cablu RG58 3m, SMA + adaptor RP-SMA, Impermeabila, pentru IoT/WiFi, Negru"
25,DBZFYC3BM,detail_image,6,products/25_DBZFYC3BM_Antena-Outdoor-5G-LTE-Excitat-15-dBi-banda-6006000-MHz-cablu-RG58-3m-SMA-adaptor-RP-SMA-/detail_images/06_664987d8.jpg,https://i.postimg.cc/wTgbZCJF/6.jpg,0,0,211352,"Antena Outdoor 5G LTE, Excitat®, 15 dBi, banda 600–6000 MHz, cablu RG58 3m, SMA + adaptor RP-SMA, Impermeabila, pentru IoT/WiFi, Negru"
25,DBZFYC3BM,detail_image,7,products/25_DBZFYC3BM_Antena-Outdoor-5G-LTE-Excitat-15-dBi-banda-6006000-MHz-cablu-RG58-3m-SMA-adaptor-RP-SMA-/detail_images/07_c4456676.jpg,https://i.postimg.cc/vHbSkJ92/1.jpg,0,0,141585,"Antena Outdoor 5G LTE, Excitat®, 15 dBi, banda 600–6000 MHz, cablu RG58 3m, SMA + adaptor RP-SMA, Impermeabila, pentru IoT/WiFi, Negru"
25,DBZFYC3BM,detail_image,8,products/25_DBZFYC3BM_Antena-Outdoor-5G-LTE-Excitat-15-dBi-banda-6006000-MHz-cablu-RG58-3m-SMA-adaptor-RP-SMA-/detail_images/08_e346db10.jpg,https://i.postimg.cc/DynYH9sR/4.jpg,0,0,268046,"Antena Outdoor 5G LTE, Excitat®, 15 dBi, banda 600–6000 MHz, cablu RG58 3m, SMA + adaptor RP-SMA, Impermeabila, pentru IoT/WiFi, Negru"
26,D8QH0S3BM,main_gallery,1,products/26_D8QH0S3BM_Perie-Termica-3-in-1-Excitat-1.5-Inch-3-Trepte-de-Temperatura-pentru-Toate-Tipurile-de-P/main_gallery/01_7bb30e6f.jpg,https://s13emagst.akamaized.net/products/101827/101826236/images/res_b10a0499a05ad37ce117a10d0c7d4ce3.jpg,80,80,405589,"Perie Termica 3-in-1, Excitat®, 1.5 Inch, 3 Trepte de Temperatura pentru Toate Tipurile de Par, Incalzire Rapida 30s, Tehnologie cu Ioni si Invelis Ceramic, LCD, Cablu Rotativ 360°, 110-240V, Negru/Roz"
26,D8QH0S3BM,main_gallery,2,products/26_D8QH0S3BM_Perie-Termica-3-in-1-Excitat-1.5-Inch-3-Trepte-de-Temperatura-pentru-Toate-Tipurile-de-P/main_gallery/02_3311e242.jpg,https://s13emagst.akamaized.net/products/101827/101826236/images/res_bd141dc8d25433f26c7dac8986fe4e06.jpg,80,80,315176,"Perie Termica 3-in-1, Excitat®, 1.5 Inch, 3 Trepte de Temperatura pentru Toate Tipurile de Par, Incalzire Rapida 30s, Tehnologie cu Ioni si Invelis Ceramic, LCD, Cablu Rotativ 360°, 110-240V, Negru/Roz"
26,D8QH0S3BM,main_gallery,3,products/26_D8QH0S3BM_Perie-Termica-3-in-1-Excitat-1.5-Inch-3-Trepte-de-Temperatura-pentru-Toate-Tipurile-de-P/main_gallery/03_9f5dc039.jpg,https://s13emagst.akamaized.net/products/101827/101826236/images/res_4a573eb5659b2604098f5add662cba30.jpg,80,80,195326,"Perie Termica 3-in-1, Excitat®, 1.5 Inch, 3 Trepte de Temperatura pentru Toate Tipurile de Par, Incalzire Rapida 30s, Tehnologie cu Ioni si Invelis Ceramic, LCD, Cablu Rotativ 360°, 110-240V, Negru/Roz"
26,D8QH0S3BM,main_gallery,4,products/26_D8QH0S3BM_Perie-Termica-3-in-1-Excitat-1.5-Inch-3-Trepte-de-Temperatura-pentru-Toate-Tipurile-de-P/main_gallery/04_a336abac.jpg,https://s13emagst.akamaized.net/products/101827/101826236/images/res_88b305ebfd2ae43439386f1326f4390b.jpg,80,80,260256,"Perie Termica 3-in-1, Excitat®, 1.5 Inch, 3 Trepte de Temperatura pentru Toate Tipurile de Par, Incalzire Rapida 30s, Tehnologie cu Ioni si Invelis Ceramic, LCD, Cablu Rotativ 360°, 110-240V, Negru/Roz"
26,D8QH0S3BM,main_gallery,5,products/26_D8QH0S3BM_Perie-Termica-3-in-1-Excitat-1.5-Inch-3-Trepte-de-Temperatura-pentru-Toate-Tipurile-de-P/main_gallery/05_326a1233.jpg,https://s13emagst.akamaized.net/products/101827/101826236/images/res_50b2bd2850da5e2b14636cba8fb6a435.jpg,80,80,323182,"Perie Termica 3-in-1, Excitat®, 1.5 Inch, 3 Trepte de Temperatura pentru Toate Tipurile de Par, Incalzire Rapida 30s, Tehnologie cu Ioni si Invelis Ceramic, LCD, Cablu Rotativ 360°, 110-240V, Negru/Roz"
26,D8QH0S3BM,main_gallery,6,products/26_D8QH0S3BM_Perie-Termica-3-in-1-Excitat-1.5-Inch-3-Trepte-de-Temperatura-pentru-Toate-Tipurile-de-P/main_gallery/06_fd272fa1.jpg,https://s13emagst.akamaized.net/products/101827/101826236/images/res_9b87184bf7d8c6c88b14d49be74d189b.jpg,80,80,261693,"Perie Termica 3-in-1, Excitat®, 1.5 Inch, 3 Trepte de Temperatura pentru Toate Tipurile de Par, Incalzire Rapida 30s, Tehnologie cu Ioni si Invelis Ceramic, LCD, Cablu Rotativ 360°, 110-240V, Negru/Roz"
26,D8QH0S3BM,main_gallery,7,products/26_D8QH0S3BM_Perie-Termica-3-in-1-Excitat-1.5-Inch-3-Trepte-de-Temperatura-pentru-Toate-Tipurile-de-P/main_gallery/07_15a1ccfd.jpg,https://s13emagst.akamaized.net/products/101827/101826236/images/res_b043e4d6e97defe177f8da297ddfa502.jpg,80,80,293918,"Perie Termica 3-in-1, Excitat®, 1.5 Inch, 3 Trepte de Temperatura pentru Toate Tipurile de Par, Incalzire Rapida 30s, Tehnologie cu Ioni si Invelis Ceramic, LCD, Cablu Rotativ 360°, 110-240V, Negru/Roz"
26,D8QH0S3BM,main_gallery,8,products/26_D8QH0S3BM_Perie-Termica-3-in-1-Excitat-1.5-Inch-3-Trepte-de-Temperatura-pentru-Toate-Tipurile-de-P/main_gallery/08_0bce3446.jpg,https://s13emagst.akamaized.net/products/101827/101826236/images/res_0db2fcde157d6c5636d1ee27924161c0.jpg,80,80,172507,"Perie Termica 3-in-1, Excitat®, 1.5 Inch, 3 Trepte de Temperatura pentru Toate Tipurile de Par, Incalzire Rapida 30s, Tehnologie cu Ioni si Invelis Ceramic, LCD, Cablu Rotativ 360°, 110-240V, Negru/Roz"
26,D8QH0S3BM,detail_image,1,products/26_D8QH0S3BM_Perie-Termica-3-in-1-Excitat-1.5-Inch-3-Trepte-de-Temperatura-pentru-Toate-Tipurile-de-P/detail_images/01_2ffad58b.gif,https://marketplace-static.emag.ro/resources/000/057/598/710/57598710.gif,970,400,1072658,"Perie Termica 3-in-1, Excitat®, 1.5 Inch, 3 Trepte de Temperatura pentru Toate Tipurile de Par, Incalzire Rapida 30s, Tehnologie cu Ioni si Invelis Ceramic, LCD, Cablu Rotativ 360°, 110-240V, Negru/Roz"
26,D8QH0S3BM,detail_image,2,products/26_D8QH0S3BM_Perie-Termica-3-in-1-Excitat-1.5-Inch-3-Trepte-de-Temperatura-pentru-Toate-Tipurile-de-P/detail_images/02_2f8ed222.jpg,https://i.postimg.cc/wM9pxTfk/image.jpg,1280,525,126631,"Perie Termica 3-in-1, Excitat®, 1.5 Inch, 3 Trepte de Temperatura pentru Toate Tipurile de Par, Incalzire Rapida 30s, Tehnologie cu Ioni si Invelis Ceramic, LCD, Cablu Rotativ 360°, 110-240V, Negru/Roz"
26,D8QH0S3BM,detail_image,3,products/26_D8QH0S3BM_Perie-Termica-3-in-1-Excitat-1.5-Inch-3-Trepte-de-Temperatura-pentru-Toate-Tipurile-de-P/detail_images/03_03dfd77b.jpg,https://i.postimg.cc/9MVSZgdm/2ce24ac7-be0d-453b-9eb8-d7e2d429c544-CR0-0-1464-600-PT0-SX1464-V1.jpg,1280,525,140446,"Perie Termica 3-in-1, Excitat®, 1.5 Inch, 3 Trepte de Temperatura pentru Toate Tipurile de Par, Incalzire Rapida 30s, Tehnologie cu Ioni si Invelis Ceramic, LCD, Cablu Rotativ 360°, 110-240V, Negru/Roz"
26,D8QH0S3BM,detail_image,4,products/26_D8QH0S3BM_Perie-Termica-3-in-1-Excitat-1.5-Inch-3-Trepte-de-Temperatura-pentru-Toate-Tipurile-de-P/detail_images/04_609d99ac.jpg,https://i.postimg.cc/503r35gw/5ce66cfb-efd4-41e9-8d33-85d79e30fd92-CR0-0-1464-600-PT0-SX1464-V1.jpg,1280,525,118511,"Perie Termica 3-in-1, Excitat®, 1.5 Inch, 3 Trepte de Temperatura pentru Toate Tipurile de Par, Incalzire Rapida 30s, Tehnologie cu Ioni si Invelis Ceramic, LCD, Cablu Rotativ 360°, 110-240V, Negru/Roz"
26,D8QH0S3BM,detail_image,5,products/26_D8QH0S3BM_Perie-Termica-3-in-1-Excitat-1.5-Inch-3-Trepte-de-Temperatura-pentru-Toate-Tipurile-de-P/detail_images/05_143b2ead.jpg,https://i.postimg.cc/rFbPQw1Y/f3a528a9-162b-474f-a9df-9fc78ea15645-CR0-0-1464-600-PT0-SX1464-V1.jpg,1280,525,116301,"Perie Termica 3-in-1, Excitat®, 1.5 Inch, 3 Trepte de Temperatura pentru Toate Tipurile de Par, Incalzire Rapida 30s, Tehnologie cu Ioni si Invelis Ceramic, LCD, Cablu Rotativ 360°, 110-240V, Negru/Roz"
26,D8QH0S3BM,detail_image,6,products/26_D8QH0S3BM_Perie-Termica-3-in-1-Excitat-1.5-Inch-3-Trepte-de-Temperatura-pentru-Toate-Tipurile-de-P/detail_images/06_4b411060.jpg,https://i.postimg.cc/Z5dDgzjY/0cedacd9-d8e3-4429-94e1-1e60f6d00c31-CR0-0-1464-600-PT0-SX1464-V1.jpg,1280,525,119836,"Perie Termica 3-in-1, Excitat®, 1.5 Inch, 3 Trepte de Temperatura pentru Toate Tipurile de Par, Incalzire Rapida 30s, Tehnologie cu Ioni si Invelis Ceramic, LCD, Cablu Rotativ 360°, 110-240V, Negru/Roz"
26,D8QH0S3BM,detail_image,7,products/26_D8QH0S3BM_Perie-Termica-3-in-1-Excitat-1.5-Inch-3-Trepte-de-Temperatura-pentru-Toate-Tipurile-de-P/detail_images/07_65eea10a.jpg,https://i.postimg.cc/8kZ3fHjG/531b5f1c-cf8f-4d06-8b74-c4611d2fc243-CR0-0-1464-600-PT0-SX1464-V1.jpg,1280,525,129835,"Perie Termica 3-in-1, Excitat®, 1.5 Inch, 3 Trepte de Temperatura pentru Toate Tipurile de Par, Incalzire Rapida 30s, Tehnologie cu Ioni si Invelis Ceramic, LCD, Cablu Rotativ 360°, 110-240V, Negru/Roz"
26,D8QH0S3BM,detail_image,8,products/26_D8QH0S3BM_Perie-Termica-3-in-1-Excitat-1.5-Inch-3-Trepte-de-Temperatura-pentru-Toate-Tipurile-de-P/detail_images/08_3cd4e9b4.png,https://i.postimg.cc/d3NxMqz3/5fee03bf-3fb1-404b-bdef-f47845e08d96-CR0-0-1464-600-PT0-SX1464-V1.png,1280,525,913544,"Perie Termica 3-in-1, Excitat®, 1.5 Inch, 3 Trepte de Temperatura pentru Toate Tipurile de Par, Incalzire Rapida 30s, Tehnologie cu Ioni si Invelis Ceramic, LCD, Cablu Rotativ 360°, 110-240V, Negru/Roz"
26,D8QH0S3BM,detail_image,9,products/26_D8QH0S3BM_Perie-Termica-3-in-1-Excitat-1.5-Inch-3-Trepte-de-Temperatura-pentru-Toate-Tipurile-de-P/detail_images/09_1bf5a57a.jpg,https://i.postimg.cc/sX3RJgYZ/61-TQDrd-MYPL-AC-SL1500.jpg,136,800,36356,"Perie Termica 3-in-1, Excitat®, 1.5 Inch, 3 Trepte de Temperatura pentru Toate Tipurile de Par, Incalzire Rapida 30s, Tehnologie cu Ioni si Invelis Ceramic, LCD, Cablu Rotativ 360°, 110-240V, Negru/Roz"
26,D8QH0S3BM,detail_image,10,products/26_D8QH0S3BM_Perie-Termica-3-in-1-Excitat-1.5-Inch-3-Trepte-de-Temperatura-pentru-Toate-Tipurile-de-P/detail_images/10_ac48c643.jpg,https://i.postimg.cc/J0z2dyYS/8f68993b-b8fd-44e3-885a-59a8452cc23a-CR0-0-1464-600-PT0-SX1464-V1.jpg,1280,525,84768,"Perie Termica 3-in-1, Excitat®, 1.5 Inch, 3 Trepte de Temperatura pentru Toate Tipurile de Par, Incalzire Rapida 30s, Tehnologie cu Ioni si Invelis Ceramic, LCD, Cablu Rotativ 360°, 110-240V, Negru/Roz"
26,D8QH0S3BM,detail_image,11,products/26_D8QH0S3BM_Perie-Termica-3-in-1-Excitat-1.5-Inch-3-Trepte-de-Temperatura-pentru-Toate-Tipurile-de-P/detail_images/11_d7d90030.jpg,https://i.postimg.cc/kXDHQbbb/f42999dc-4672-40dc-8d85-b1a6284df88c-CR0-0-1464-600-PT0-SX1464-V1.jpg,1280,525,98483,"Perie Termica 3-in-1, Excitat®, 1.5 Inch, 3 Trepte de Temperatura pentru Toate Tipurile de Par, Incalzire Rapida 30s, Tehnologie cu Ioni si Invelis Ceramic, LCD, Cablu Rotativ 360°, 110-240V, Negru/Roz"
27,D31FLS3BM,main_gallery,1,products/27_D31FLS3BM_Avertizor-Semnalizator-Luminos-Inteligent-pentru-Lanseta-Feeder-Excitat-cu-Clopotei-Set-/main_gallery/01_2d0ff140.jpg,https://s13emagst.akamaized.net/products/102229/102228052/images/res_6884f7653d2d74053880f1653b6c6fd1.jpg,80,80,421060,"Avertizor Semnalizator Luminos Inteligent pentru Lanseta Feeder, Excitat®, cu Clopotei, Set 20 buc, Ideal pentru pescuitul de noapte, Avertizare sonora + optica, Alarma dubla cu LED si clopotel, Baterie LR41 Inclusa"
27,D31FLS3BM,main_gallery,2,products/27_D31FLS3BM_Avertizor-Semnalizator-Luminos-Inteligent-pentru-Lanseta-Feeder-Excitat-cu-Clopotei-Set-/main_gallery/02_b7d40a98.jpg,https://s13emagst.akamaized.net/products/102229/102228052/images/res_2691a659fe56b4d6e841d6e76e4f9742.jpg,80,80,322284,"Avertizor Semnalizator Luminos Inteligent pentru Lanseta Feeder, Excitat®, cu Clopotei, Set 20 buc, Ideal pentru pescuitul de noapte, Avertizare sonora + optica, Alarma dubla cu LED si clopotel, Baterie LR41 Inclusa"
27,D31FLS3BM,main_gallery,3,products/27_D31FLS3BM_Avertizor-Semnalizator-Luminos-Inteligent-pentru-Lanseta-Feeder-Excitat-cu-Clopotei-Set-/main_gallery/03_145c4a7c.jpg,https://s13emagst.akamaized.net/products/102229/102228052/images/res_f7b706a3b013022f9277a49ef6194df2.jpg,80,80,379744,"Avertizor Semnalizator Luminos Inteligent pentru Lanseta Feeder, Excitat®, cu Clopotei, Set 20 buc, Ideal pentru pescuitul de noapte, Avertizare sonora + optica, Alarma dubla cu LED si clopotel, Baterie LR41 Inclusa"
27,D31FLS3BM,main_gallery,4,products/27_D31FLS3BM_Avertizor-Semnalizator-Luminos-Inteligent-pentru-Lanseta-Feeder-Excitat-cu-Clopotei-Set-/main_gallery/04_61311146.jpg,https://s13emagst.akamaized.net/products/102229/102228052/images/res_6c435edbf40a3433222032b050a893a7.jpg,80,80,386813,"Avertizor Semnalizator Luminos Inteligent pentru Lanseta Feeder, Excitat®, cu Clopotei, Set 20 buc, Ideal pentru pescuitul de noapte, Avertizare sonora + optica, Alarma dubla cu LED si clopotel, Baterie LR41 Inclusa"
27,D31FLS3BM,main_gallery,5,products/27_D31FLS3BM_Avertizor-Semnalizator-Luminos-Inteligent-pentru-Lanseta-Feeder-Excitat-cu-Clopotei-Set-/main_gallery/05_5151fdee.jpg,https://s13emagst.akamaized.net/products/102229/102228052/images/res_cef3cb199dd201fbda642b5c8cb67bf5.jpg,80,80,292879,"Avertizor Semnalizator Luminos Inteligent pentru Lanseta Feeder, Excitat®, cu Clopotei, Set 20 buc, Ideal pentru pescuitul de noapte, Avertizare sonora + optica, Alarma dubla cu LED si clopotel, Baterie LR41 Inclusa"
27,D31FLS3BM,main_gallery,6,products/27_D31FLS3BM_Avertizor-Semnalizator-Luminos-Inteligent-pentru-Lanseta-Feeder-Excitat-cu-Clopotei-Set-/main_gallery/06_03df2349.jpg,https://s13emagst.akamaized.net/products/102229/102228052/images/res_1039dc8ff97d6e5b8fcfbe039d8adc08.jpg,80,80,326798,"Avertizor Semnalizator Luminos Inteligent pentru Lanseta Feeder, Excitat®, cu Clopotei, Set 20 buc, Ideal pentru pescuitul de noapte, Avertizare sonora + optica, Alarma dubla cu LED si clopotel, Baterie LR41 Inclusa"
27,D31FLS3BM,main_gallery,7,products/27_D31FLS3BM_Avertizor-Semnalizator-Luminos-Inteligent-pentru-Lanseta-Feeder-Excitat-cu-Clopotei-Set-/main_gallery/07_16e0ffea.jpg,https://s13emagst.akamaized.net/products/102229/102228052/images/res_c79f68c17c7cafa8e0cf53930ed3d38d.jpg,80,80,230890,"Avertizor Semnalizator Luminos Inteligent pentru Lanseta Feeder, Excitat®, cu Clopotei, Set 20 buc, Ideal pentru pescuitul de noapte, Avertizare sonora + optica, Alarma dubla cu LED si clopotel, Baterie LR41 Inclusa"
27,D31FLS3BM,main_gallery,8,products/27_D31FLS3BM_Avertizor-Semnalizator-Luminos-Inteligent-pentru-Lanseta-Feeder-Excitat-cu-Clopotei-Set-/main_gallery/08_fe1ff0b2.jpg,https://s13emagst.akamaized.net/products/102229/102228052/images/res_c990381d89a6bb398228a3fd54c3b500.jpg,80,80,242665,"Avertizor Semnalizator Luminos Inteligent pentru Lanseta Feeder, Excitat®, cu Clopotei, Set 20 buc, Ideal pentru pescuitul de noapte, Avertizare sonora + optica, Alarma dubla cu LED si clopotel, Baterie LR41 Inclusa"
27,D31FLS3BM,detail_image,1,products/27_D31FLS3BM_Avertizor-Semnalizator-Luminos-Inteligent-pentru-Lanseta-Feeder-Excitat-cu-Clopotei-Set-/detail_images/01_89e4fca4.gif,https://marketplace-static.emag.ro/resources/000/063/107/229/63107229.gif,970,400,1313294,"Avertizor Semnalizator Luminos Inteligent pentru Lanseta Feeder, Excitat®, cu Clopotei, Set 20 buc, Ideal pentru pescuitul de noapte, Avertizare sonora + optica, Alarma dubla cu LED si clopotel, Baterie LR41 Inclusa"
27,D31FLS3BM,detail_image,2,products/27_D31FLS3BM_Avertizor-Semnalizator-Luminos-Inteligent-pentru-Lanseta-Feeder-Excitat-cu-Clopotei-Set-/detail_images/02_505c8bb7.jpg,https://i.postimg.cc/qRs17kbc/detail-212801b8-93a4-11f0-a945-751e56ff4634.jpg,970,600,267545,"Avertizor Semnalizator Luminos Inteligent pentru Lanseta Feeder, Excitat®, cu Clopotei, Set 20 buc, Ideal pentru pescuitul de noapte, Avertizare sonora + optica, Alarma dubla cu LED si clopotel, Baterie LR41 Inclusa"
27,D31FLS3BM,detail_image,3,products/27_D31FLS3BM_Avertizor-Semnalizator-Luminos-Inteligent-pentru-Lanseta-Feeder-Excitat-cu-Clopotei-Set-/detail_images/03_3855e748.jpg,https://i.postimg.cc/Pxs6hLMV/detail-f9656827-93a1-11f0-a945-751e56ff4634.jpg,970,600,162380,"Avertizor Semnalizator Luminos Inteligent pentru Lanseta Feeder, Excitat®, cu Clopotei, Set 20 buc, Ideal pentru pescuitul de noapte, Avertizare sonora + optica, Alarma dubla cu LED si clopotel, Baterie LR41 Inclusa"
27,D31FLS3BM,detail_image,4,products/27_D31FLS3BM_Avertizor-Semnalizator-Luminos-Inteligent-pentru-Lanseta-Feeder-Excitat-cu-Clopotei-Set-/detail_images/04_9a0fca7f.jpg,https://i.postimg.cc/mgnXXp11/detail-f9656822-93a1-11f0-a945-751e56ff4634.jpg,300,300,43743,"Avertizor Semnalizator Luminos Inteligent pentru Lanseta Feeder, Excitat®, cu Clopotei, Set 20 buc, Ideal pentru pescuitul de noapte, Avertizare sonora + optica, Alarma dubla cu LED si clopotel, Baterie LR41 Inclusa"
27,D31FLS3BM,detail_image,5,products/27_D31FLS3BM_Avertizor-Semnalizator-Luminos-Inteligent-pentru-Lanseta-Feeder-Excitat-cu-Clopotei-Set-/detail_images/05_c23a7e82.jpg,https://i.postimg.cc/3wDLPj2G/detail-f9656821-93a1-11f0-a945-751e56ff4634.jpg,300,300,47360,"Avertizor Semnalizator Luminos Inteligent pentru Lanseta Feeder, Excitat®, cu Clopotei, Set 20 buc, Ideal pentru pescuitul de noapte, Avertizare sonora + optica, Alarma dubla cu LED si clopotel, Baterie LR41 Inclusa"
27,D31FLS3BM,detail_image,6,products/27_D31FLS3BM_Avertizor-Semnalizator-Luminos-Inteligent-pentru-Lanseta-Feeder-Excitat-cu-Clopotei-Set-/detail_images/06_5dffb816.jpg,https://i.postimg.cc/YC0DxB9P/detail-f9656820-93a1-11f0-a945-751e56ff4634.jpg,300,300,33933,"Avertizor Semnalizator Luminos Inteligent pentru Lanseta Feeder, Excitat®, cu Clopotei, Set 20 buc, Ideal pentru pescuitul de noapte, Avertizare sonora + optica, Alarma dubla cu LED si clopotel, Baterie LR41 Inclusa"
27,D31FLS3BM,detail_image,7,products/27_D31FLS3BM_Avertizor-Semnalizator-Luminos-Inteligent-pentru-Lanseta-Feeder-Excitat-cu-Clopotei-Set-/detail_images/07_f2f41627.jpg,https://i.postimg.cc/xTtFH10T/detail-f9656825-93a1-11f0-a945-751e56ff4634.jpg,300,300,66325,"Avertizor Semnalizator Luminos Inteligent pentru Lanseta Feeder, Excitat®, cu Clopotei, Set 20 buc, Ideal pentru pescuitul de noapte, Avertizare sonora + optica, Alarma dubla cu LED si clopotel, Baterie LR41 Inclusa"
27,D31FLS3BM,detail_image,8,products/27_D31FLS3BM_Avertizor-Semnalizator-Luminos-Inteligent-pentru-Lanseta-Feeder-Excitat-cu-Clopotei-Set-/detail_images/08_f0048e28.jpg,https://i.postimg.cc/DzbCtQ1B/detail-f9656826-93a1-11f0-a945-751e56ff4634.jpg,0,0,87636,"Avertizor Semnalizator Luminos Inteligent pentru Lanseta Feeder, Excitat®, cu Clopotei, Set 20 buc, Ideal pentru pescuitul de noapte, Avertizare sonora + optica, Alarma dubla cu LED si clopotel, Baterie LR41 Inclusa"
27,D31FLS3BM,detail_image,9,products/27_D31FLS3BM_Avertizor-Semnalizator-Luminos-Inteligent-pentru-Lanseta-Feeder-Excitat-cu-Clopotei-Set-/detail_images/09_3ce19202.jpg,https://i.postimg.cc/VLDHMkY9/detail-f9656823-93a1-11f0-a945-751e56ff4634.jpg,0,0,70184,"Avertizor Semnalizator Luminos Inteligent pentru Lanseta Feeder, Excitat®, cu Clopotei, Set 20 buc, Ideal pentru pescuitul de noapte, Avertizare sonora + optica, Alarma dubla cu LED si clopotel, Baterie LR41 Inclusa"
27,D31FLS3BM,detail_image,10,products/27_D31FLS3BM_Avertizor-Semnalizator-Luminos-Inteligent-pentru-Lanseta-Feeder-Excitat-cu-Clopotei-Set-/detail_images/10_8e706dce.jpg,https://i.postimg.cc/HxDSHJ2T/detail-f9656828-93a1-11f0-a945-751e56ff4634.jpg,0,0,196867,"Avertizor Semnalizator Luminos Inteligent pentru Lanseta Feeder, Excitat®, cu Clopotei, Set 20 buc, Ideal pentru pescuitul de noapte, Avertizare sonora + optica, Alarma dubla cu LED si clopotel, Baterie LR41 Inclusa"
27,D31FLS3BM,detail_image,11,products/27_D31FLS3BM_Avertizor-Semnalizator-Luminos-Inteligent-pentru-Lanseta-Feeder-Excitat-cu-Clopotei-Set-/detail_images/11_39a19f02.jpg,https://i.postimg.cc/85RZC1KD/detail-f9656829-93a1-11f0-a945-751e56ff4634.jpg,0,0,296120,"Avertizor Semnalizator Luminos Inteligent pentru Lanseta Feeder, Excitat®, cu Clopotei, Set 20 buc, Ideal pentru pescuitul de noapte, Avertizare sonora + optica, Alarma dubla cu LED si clopotel, Baterie LR41 Inclusa"
28,DHS2SS3BM,main_gallery,1,products/28_DHS2SS3BM_Excitat-Set-8-Butoni-Camasa-Cutie-cadou-6-Stud-Buttons-1-Pereche-Butoni-Manseta-Stilat-A/main_gallery/01_dbcbbb11.jpg,https://s13emagst.akamaized.net/products/102099/102098139/images/res_50e8d44787a03b65c46822fce9e79e11.jpg,58,80,177379,"Set 8 Butoni Camasa, Excitat®, Cutie cadou, 6 Stud Buttons, 1 Pereche Butoni Manseta, Stilat, Aspect Elegant, Aliaj Metalic, Rotunzi, Argintiu/Negru"
28,DHS2SS3BM,main_gallery,2,products/28_DHS2SS3BM_Excitat-Set-8-Butoni-Camasa-Cutie-cadou-6-Stud-Buttons-1-Pereche-Butoni-Manseta-Stilat-A/main_gallery/02_157b5760.jpg,https://s13emagst.akamaized.net/products/102099/102098139/images/res_3300e2d58f338e798caa5a589fbb3551.jpg,58,80,174116,"Set 8 Butoni Camasa, Excitat®, Cutie cadou, 6 Stud Buttons, 1 Pereche Butoni Manseta, Stilat, Aspect Elegant, Aliaj Metalic, Rotunzi, Argintiu/Negru"
28,DHS2SS3BM,main_gallery,3,products/28_DHS2SS3BM_Excitat-Set-8-Butoni-Camasa-Cutie-cadou-6-Stud-Buttons-1-Pereche-Butoni-Manseta-Stilat-A/main_gallery/03_abaddcf9.jpg,https://s13emagst.akamaized.net/products/102099/102098139/images/res_ab56005d35a260d7a6192254411d2ef7.jpg,58,80,174018,"Set 8 Butoni Camasa, Excitat®, Cutie cadou, 6 Stud Buttons, 1 Pereche Butoni Manseta, Stilat, Aspect Elegant, Aliaj Metalic, Rotunzi, Argintiu/Negru"
28,DHS2SS3BM,main_gallery,4,products/28_DHS2SS3BM_Excitat-Set-8-Butoni-Camasa-Cutie-cadou-6-Stud-Buttons-1-Pereche-Butoni-Manseta-Stilat-A/main_gallery/04_d96e4591.jpg,https://s13emagst.akamaized.net/products/102099/102098139/images/res_959bc712d17ebab2c106d4ae1f94494f.jpg,58,80,186252,"Set 8 Butoni Camasa, Excitat®, Cutie cadou, 6 Stud Buttons, 1 Pereche Butoni Manseta, Stilat, Aspect Elegant, Aliaj Metalic, Rotunzi, Argintiu/Negru"
28,DHS2SS3BM,main_gallery,5,products/28_DHS2SS3BM_Excitat-Set-8-Butoni-Camasa-Cutie-cadou-6-Stud-Buttons-1-Pereche-Butoni-Manseta-Stilat-A/main_gallery/05_ee386473.jpg,https://s13emagst.akamaized.net/products/102099/102098139/images/res_16579f0a2247809ea5a069818a6b809e.jpg,58,80,215943,"Set 8 Butoni Camasa, Excitat®, Cutie cadou, 6 Stud Buttons, 1 Pereche Butoni Manseta, Stilat, Aspect Elegant, Aliaj Metalic, Rotunzi, Argintiu/Negru"
28,DHS2SS3BM,main_gallery,6,products/28_DHS2SS3BM_Excitat-Set-8-Butoni-Camasa-Cutie-cadou-6-Stud-Buttons-1-Pereche-Butoni-Manseta-Stilat-A/main_gallery/06_bd81812c.jpg,https://s13emagst.akamaized.net/products/102099/102098139/images/res_f33e72b9d50dc0fb485507576876ce3d.jpg,58,80,149024,"Set 8 Butoni Camasa, Excitat®, Cutie cadou, 6 Stud Buttons, 1 Pereche Butoni Manseta, Stilat, Aspect Elegant, Aliaj Metalic, Rotunzi, Argintiu/Negru"
28,DHS2SS3BM,main_gallery,7,products/28_DHS2SS3BM_Excitat-Set-8-Butoni-Camasa-Cutie-cadou-6-Stud-Buttons-1-Pereche-Butoni-Manseta-Stilat-A/main_gallery/07_29514066.jpg,https://s13emagst.akamaized.net/products/102099/102098139/images/res_3ad33d7c8e7cec982c174563717e7a70.jpg,58,80,152666,"Set 8 Butoni Camasa, Excitat®, Cutie cadou, 6 Stud Buttons, 1 Pereche Butoni Manseta, Stilat, Aspect Elegant, Aliaj Metalic, Rotunzi, Argintiu/Negru"
28,DHS2SS3BM,detail_image,1,products/28_DHS2SS3BM_Excitat-Set-8-Butoni-Camasa-Cutie-cadou-6-Stud-Buttons-1-Pereche-Butoni-Manseta-Stilat-A/detail_images/01_5db15b3a.jpg,https://i.postimg.cc/W17p0rDR/detail-675496a0-9223-11f0-a945-751e56ff4634.jpg,0,0,286645,"Set 8 Butoni Camasa, Excitat®, Cutie cadou, 6 Stud Buttons, 1 Pereche Butoni Manseta, Stilat, Aspect Elegant, Aliaj Metalic, Rotunzi, Argintiu/Negru"
28,DHS2SS3BM,detail_image,2,products/28_DHS2SS3BM_Excitat-Set-8-Butoni-Camasa-Cutie-cadou-6-Stud-Buttons-1-Pereche-Butoni-Manseta-Stilat-A/detail_images/02_60913a64.jpg,https://i.postimg.cc/4x14ptYp/detail-6754969f-9223-11f0-a945-751e56ff4634.jpg,0,0,190281,"Set 8 Butoni Camasa, Excitat®, Cutie cadou, 6 Stud Buttons, 1 Pereche Butoni Manseta, Stilat, Aspect Elegant, Aliaj Metalic, Rotunzi, Argintiu/Negru"
28,DHS2SS3BM,detail_image,3,products/28_DHS2SS3BM_Excitat-Set-8-Butoni-Camasa-Cutie-cadou-6-Stud-Buttons-1-Pereche-Butoni-Manseta-Stilat-A/detail_images/03_128253b8.jpg,https://i.postimg.cc/rFxwF7c7/detail-6754969c-9223-11f0-a945-751e56ff4634.jpg,0,0,61330,"Set 8 Butoni Camasa, Excitat®, Cutie cadou, 6 Stud Buttons, 1 Pereche Butoni Manseta, Stilat, Aspect Elegant, Aliaj Metalic, Rotunzi, Argintiu/Negru"
28,DHS2SS3BM,detail_image,4,products/28_DHS2SS3BM_Excitat-Set-8-Butoni-Camasa-Cutie-cadou-6-Stud-Buttons-1-Pereche-Butoni-Manseta-Stilat-A/detail_images/04_4782853c.jpg,https://i.postimg.cc/8zGPFwzk/detail-6754969e-9223-11f0-a945-751e56ff4634.jpg,0,0,84802,"Set 8 Butoni Camasa, Excitat®, Cutie cadou, 6 Stud Buttons, 1 Pereche Butoni Manseta, Stilat, Aspect Elegant, Aliaj Metalic, Rotunzi, Argintiu/Negru"
28,DHS2SS3BM,detail_image,5,products/28_DHS2SS3BM_Excitat-Set-8-Butoni-Camasa-Cutie-cadou-6-Stud-Buttons-1-Pereche-Butoni-Manseta-Stilat-A/detail_images/05_1bb66cb6.jpg,https://i.postimg.cc/sD7gDbsf/detail-6754969d-9223-11f0-a945-751e56ff4634.jpg,0,0,77515,"Set 8 Butoni Camasa, Excitat®, Cutie cadou, 6 Stud Buttons, 1 Pereche Butoni Manseta, Stilat, Aspect Elegant, Aliaj Metalic, Rotunzi, Argintiu/Negru"
28,DHS2SS3BM,detail_image,6,products/28_DHS2SS3BM_Excitat-Set-8-Butoni-Camasa-Cutie-cadou-6-Stud-Buttons-1-Pereche-Butoni-Manseta-Stilat-A/detail_images/06_c6fdc8e9.jpg,https://i.postimg.cc/ydDVqbvt/detail-68f7e604-9223-11f0-a945-751e56ff4634.jpg,0,0,112451,"Set 8 Butoni Camasa, Excitat®, Cutie cadou, 6 Stud Buttons, 1 Pereche Butoni Manseta, Stilat, Aspect Elegant, Aliaj Metalic, Rotunzi, Argintiu/Negru"
28,DHS2SS3BM,detail_image,7,products/28_DHS2SS3BM_Excitat-Set-8-Butoni-Camasa-Cutie-cadou-6-Stud-Buttons-1-Pereche-Butoni-Manseta-Stilat-A/detail_images/07_2ea61b51.jpg,https://i.postimg.cc/R0sMDBQf/detail-68f7e603-9223-11f0-a945-751e56ff4634.jpg,0,0,112134,"Set 8 Butoni Camasa, Excitat®, Cutie cadou, 6 Stud Buttons, 1 Pereche Butoni Manseta, Stilat, Aspect Elegant, Aliaj Metalic, Rotunzi, Argintiu/Negru"
28,DHS2SS3BM,detail_image,8,products/28_DHS2SS3BM_Excitat-Set-8-Butoni-Camasa-Cutie-cadou-6-Stud-Buttons-1-Pereche-Butoni-Manseta-Stilat-A/detail_images/08_9fc6cdd4.jpg,https://i.postimg.cc/mr2LjDMD/detail-68f7e602-9223-11f0-a945-751e56ff4634.jpg,0,0,125671,"Set 8 Butoni Camasa, Excitat®, Cutie cadou, 6 Stud Buttons, 1 Pereche Butoni Manseta, Stilat, Aspect Elegant, Aliaj Metalic, Rotunzi, Argintiu/Negru"
28,DHS2SS3BM,detail_image,9,,https://i.postimg.cc/rm7qqNH6/detail-68f7e605-9223-11f0-a945-751e56ff4634.png,0,0,,"Set 8 Butoni Camasa, Excitat®, Cutie cadou, 6 Stud Buttons, 1 Pereche Butoni Manseta, Stilat, Aspect Elegant, Aliaj Metalic, Rotunzi, Argintiu/Negru"
29,DWSHGS3BM,main_gallery,1,products/29_DWSHGS3BM_Set-18-accesorii-de-tir-cu-arcul-Excitat-varfuri-cu-3-lame-aluminiu-anodizat-otel-inoxid/main_gallery/01_e363e566.jpg,https://s13emagst.akamaized.net/products/102173/102172621/images/res_89aea2f41d09581e97da30f9af08ab79.jpg,80,80,449971,"Set 18 accesorii de tir cu arcul, Excitat®, varfuri cu 3 lame, aluminiu anodizat, otel inoxidabil, cutie de depozitare"
29,DWSHGS3BM,main_gallery,2,products/29_DWSHGS3BM_Set-18-accesorii-de-tir-cu-arcul-Excitat-varfuri-cu-3-lame-aluminiu-anodizat-otel-inoxid/main_gallery/02_9f34040b.jpg,https://s13emagst.akamaized.net/products/102173/102172621/images/res_1ea5a3af03387cb9bdec2340b0461869.jpg,80,80,232669,"Set 18 accesorii de tir cu arcul, Excitat®, varfuri cu 3 lame, aluminiu anodizat, otel inoxidabil, cutie de depozitare"
29,DWSHGS3BM,main_gallery,3,products/29_DWSHGS3BM_Set-18-accesorii-de-tir-cu-arcul-Excitat-varfuri-cu-3-lame-aluminiu-anodizat-otel-inoxid/main_gallery/03_b644574a.jpg,https://s13emagst.akamaized.net/products/102173/102172621/images/res_99181dbf1b119484dbe20425f80a0bf8.jpg,80,80,200467,"Set 18 accesorii de tir cu arcul, Excitat®, varfuri cu 3 lame, aluminiu anodizat, otel inoxidabil, cutie de depozitare"
29,DWSHGS3BM,main_gallery,4,products/29_DWSHGS3BM_Set-18-accesorii-de-tir-cu-arcul-Excitat-varfuri-cu-3-lame-aluminiu-anodizat-otel-inoxid/main_gallery/04_987cf02d.jpg,https://s13emagst.akamaized.net/products/102173/102172621/images/res_68f27acd7912f38735abde05e5f20668.jpg,80,80,212153,"Set 18 accesorii de tir cu arcul, Excitat®, varfuri cu 3 lame, aluminiu anodizat, otel inoxidabil, cutie de depozitare"
29,DWSHGS3BM,main_gallery,5,products/29_DWSHGS3BM_Set-18-accesorii-de-tir-cu-arcul-Excitat-varfuri-cu-3-lame-aluminiu-anodizat-otel-inoxid/main_gallery/05_4bb0a798.jpg,https://s13emagst.akamaized.net/products/102173/102172621/images/res_df368f08d57325f40b4dedd5a6a0fe78.jpg,80,80,282140,"Set 18 accesorii de tir cu arcul, Excitat®, varfuri cu 3 lame, aluminiu anodizat, otel inoxidabil, cutie de depozitare"
29,DWSHGS3BM,main_gallery,6,products/29_DWSHGS3BM_Set-18-accesorii-de-tir-cu-arcul-Excitat-varfuri-cu-3-lame-aluminiu-anodizat-otel-inoxid/main_gallery/06_dd0e10c6.jpg,https://s13emagst.akamaized.net/products/102173/102172621/images/res_a1eb6ff2d676b2a85c1ff237242c8f9b.jpg,80,80,472126,"Set 18 accesorii de tir cu arcul, Excitat®, varfuri cu 3 lame, aluminiu anodizat, otel inoxidabil, cutie de depozitare"
29,DWSHGS3BM,main_gallery,7,products/29_DWSHGS3BM_Set-18-accesorii-de-tir-cu-arcul-Excitat-varfuri-cu-3-lame-aluminiu-anodizat-otel-inoxid/main_gallery/07_e278107e.jpg,https://s13emagst.akamaized.net/products/102173/102172621/images/res_5ce7446a99256f1530a0cc3f69f0cfe3.jpg,80,80,187530,"Set 18 accesorii de tir cu arcul, Excitat®, varfuri cu 3 lame, aluminiu anodizat, otel inoxidabil, cutie de depozitare"
29,DWSHGS3BM,main_gallery,8,products/29_DWSHGS3BM_Set-18-accesorii-de-tir-cu-arcul-Excitat-varfuri-cu-3-lame-aluminiu-anodizat-otel-inoxid/main_gallery/08_2695b772.jpg,https://s13emagst.akamaized.net/products/102173/102172621/images/res_b7d24c03b30a77f7a7d49bcc7b8a77fd.jpg,80,80,364125,"Set 18 accesorii de tir cu arcul, Excitat®, varfuri cu 3 lame, aluminiu anodizat, otel inoxidabil, cutie de depozitare"
29,DWSHGS3BM,main_gallery,9,products/29_DWSHGS3BM_Set-18-accesorii-de-tir-cu-arcul-Excitat-varfuri-cu-3-lame-aluminiu-anodizat-otel-inoxid/main_gallery/09_19d7d9e2.jpg,https://s13emagst.akamaized.net/products/102173/102172621/images/res_9cad6f39b454710a390421810ba8d2ce.jpg,80,80,284638,"Set 18 accesorii de tir cu arcul, Excitat®, varfuri cu 3 lame, aluminiu anodizat, otel inoxidabil, cutie de depozitare"
29,DWSHGS3BM,main_gallery,10,products/29_DWSHGS3BM_Set-18-accesorii-de-tir-cu-arcul-Excitat-varfuri-cu-3-lame-aluminiu-anodizat-otel-inoxid/main_gallery/10_ffbf766e.jpg,https://s13emagst.akamaized.net/products/102173/102172621/images/res_aaa79e10cff70f7311d27d3804c8456b.jpg,80,80,238076,"Set 18 accesorii de tir cu arcul, Excitat®, varfuri cu 3 lame, aluminiu anodizat, otel inoxidabil, cutie de depozitare"
29,DWSHGS3BM,detail_image,1,products/29_DWSHGS3BM_Set-18-accesorii-de-tir-cu-arcul-Excitat-varfuri-cu-3-lame-aluminiu-anodizat-otel-inoxid/detail_images/01_dabcd69b.jpg,https://i.postimg.cc/SRv4g7WD/detail-cbe99504-9bbe-11f0-aad8-23a3b6d8f861.jpg,1280,547,163528,"Set 18 accesorii de tir cu arcul, Excitat®, varfuri cu 3 lame, aluminiu anodizat, otel inoxidabil, cutie de depozitare"
29,DWSHGS3BM,detail_image,2,products/29_DWSHGS3BM_Set-18-accesorii-de-tir-cu-arcul-Excitat-varfuri-cu-3-lame-aluminiu-anodizat-otel-inoxid/detail_images/02_3e0be3ad.jpg,https://i.postimg.cc/VkbfHTHc/detail-37d52ea9-9bbc-11f0-aad8-23a3b6d8f861.jpg,970,600,335332,"Set 18 accesorii de tir cu arcul, Excitat®, varfuri cu 3 lame, aluminiu anodizat, otel inoxidabil, cutie de depozitare"
29,DWSHGS3BM,detail_image,3,products/29_DWSHGS3BM_Set-18-accesorii-de-tir-cu-arcul-Excitat-varfuri-cu-3-lame-aluminiu-anodizat-otel-inoxid/detail_images/03_abf27bf2.jpg,https://i.postimg.cc/JhZhtgbs/detail-37d52ea2-9bbc-11f0-aad8-23a3b6d8f861.jpg,0,0,27505,"Set 18 accesorii de tir cu arcul, Excitat®, varfuri cu 3 lame, aluminiu anodizat, otel inoxidabil, cutie de depozitare"
29,DWSHGS3BM,detail_image,4,products/29_DWSHGS3BM_Set-18-accesorii-de-tir-cu-arcul-Excitat-varfuri-cu-3-lame-aluminiu-anodizat-otel-inoxid/detail_images/04_74508340.jpg,https://i.postimg.cc/ZRm5Nccj/detail-37d52ea3-9bbc-11f0-aad8-23a3b6d8f861.jpg,0,0,42767,"Set 18 accesorii de tir cu arcul, Excitat®, varfuri cu 3 lame, aluminiu anodizat, otel inoxidabil, cutie de depozitare"
29,DWSHGS3BM,detail_image,5,products/29_DWSHGS3BM_Set-18-accesorii-de-tir-cu-arcul-Excitat-varfuri-cu-3-lame-aluminiu-anodizat-otel-inoxid/detail_images/05_e8df6830.jpg,https://i.postimg.cc/ydTYyZpg/detail-37d52ea4-9bbc-11f0-aad8-23a3b6d8f861.jpg,0,0,65522,"Set 18 accesorii de tir cu arcul, Excitat®, varfuri cu 3 lame, aluminiu anodizat, otel inoxidabil, cutie de depozitare"
29,DWSHGS3BM,detail_image,6,products/29_DWSHGS3BM_Set-18-accesorii-de-tir-cu-arcul-Excitat-varfuri-cu-3-lame-aluminiu-anodizat-otel-inoxid/detail_images/06_583d1fdc.jpg,https://i.postimg.cc/50pbCMjw/detail-28726e0a-9bbe-11f0-aad8-23a3b6d8f861.jpg,0,0,111944,"Set 18 accesorii de tir cu arcul, Excitat®, varfuri cu 3 lame, aluminiu anodizat, otel inoxidabil, cutie de depozitare"
29,DWSHGS3BM,detail_image,7,products/29_DWSHGS3BM_Set-18-accesorii-de-tir-cu-arcul-Excitat-varfuri-cu-3-lame-aluminiu-anodizat-otel-inoxid/detail_images/07_e5ce20bb.jpg,https://i.postimg.cc/L6W4DRDq/detail-37d52ea8-9bbc-11f0-aad8-23a3b6d8f861.jpg,0,0,311289,"Set 18 accesorii de tir cu arcul, Excitat®, varfuri cu 3 lame, aluminiu anodizat, otel inoxidabil, cutie de depozitare"
29,DWSHGS3BM,detail_image,8,products/29_DWSHGS3BM_Set-18-accesorii-de-tir-cu-arcul-Excitat-varfuri-cu-3-lame-aluminiu-anodizat-otel-inoxid/detail_images/08_e5a022fd.jpg,https://i.postimg.cc/5td4c3ZH/detail-37d52eaa-9bbc-11f0-aad8-23a3b6d8f861.jpg,0,0,505123,"Set 18 accesorii de tir cu arcul, Excitat®, varfuri cu 3 lame, aluminiu anodizat, otel inoxidabil, cutie de depozitare"
29,DWSHGS3BM,detail_image,9,products/29_DWSHGS3BM_Set-18-accesorii-de-tir-cu-arcul-Excitat-varfuri-cu-3-lame-aluminiu-anodizat-otel-inoxid/detail_images/09_46e553a2.jpg,https://i.postimg.cc/T2C3ynWD/detail-37d52ea6-9bbc-11f0-aad8-23a3b6d8f861.jpg,0,0,192884,"Set 18 accesorii de tir cu arcul, Excitat®, varfuri cu 3 lame, aluminiu anodizat, otel inoxidabil, cutie de depozitare"
29,DWSHGS3BM,detail_image,10,products/29_DWSHGS3BM_Set-18-accesorii-de-tir-cu-arcul-Excitat-varfuri-cu-3-lame-aluminiu-anodizat-otel-inoxid/detail_images/10_ee74f74c.jpg,https://i.postimg.cc/Ghthv9kS/detail-37d52ea7-9bbc-11f0-aad8-23a3b6d8f861.jpg,0,0,210289,"Set 18 accesorii de tir cu arcul, Excitat®, varfuri cu 3 lame, aluminiu anodizat, otel inoxidabil, cutie de depozitare"
29,DWSHGS3BM,detail_image,11,products/29_DWSHGS3BM_Set-18-accesorii-de-tir-cu-arcul-Excitat-varfuri-cu-3-lame-aluminiu-anodizat-otel-inoxid/detail_images/11_3a4a6775.jpg,https://i.postimg.cc/k477G5Mm/detail-37d52eab-9bbc-11f0-aad8-23a3b6d8f861.jpg,0,0,178189,"Set 18 accesorii de tir cu arcul, Excitat®, varfuri cu 3 lame, aluminiu anodizat, otel inoxidabil, cutie de depozitare"
29,DWSHGS3BM,detail_image,12,products/29_DWSHGS3BM_Set-18-accesorii-de-tir-cu-arcul-Excitat-varfuri-cu-3-lame-aluminiu-anodizat-otel-inoxid/detail_images/12_1bf38677.jpg,https://i.postimg.cc/NFfGJjZd/detail-37d52ea5-9bbc-11f0-aad8-23a3b6d8f861.jpg,0,0,192363,"Set 18 accesorii de tir cu arcul, Excitat®, varfuri cu 3 lame, aluminiu anodizat, otel inoxidabil, cutie de depozitare"
30,DVXCBB2BM,main_gallery,1,products/30_DVXCBB2BM_Puzzle-din-Lemn-372-Piese-Excitat-Model-Artistic-Cathedral-Cat-30x30-cm-Puzzle-cu-Pisici/main_gallery/01_a604a4ac.jpg,https://s13emagst.akamaized.net/products/114537/114536245/images/res_f814e019cd73972fcab8571b8366ae9e.jpg,80,80,412595,"Puzzle din Lemn 372 Piese, Excitat®, Model Artistic Cathedral Cat, 30x30 cm, Puzzle cu Pisici pentru Adulti si Adolescenti, Design Arhitectural Detaliat, Set Cadou Premium, Joc Educativ Antistres"
30,DVXCBB2BM,main_gallery,2,products/30_DVXCBB2BM_Puzzle-din-Lemn-372-Piese-Excitat-Model-Artistic-Cathedral-Cat-30x30-cm-Puzzle-cu-Pisici/main_gallery/02_c3b9c4db.jpg,https://s13emagst.akamaized.net/products/114537/114536245/images/res_d12d1acc091338865ae597ac1289f32e.jpg,80,80,621630,"Puzzle din Lemn 372 Piese, Excitat®, Model Artistic Cathedral Cat, 30x30 cm, Puzzle cu Pisici pentru Adulti si Adolescenti, Design Arhitectural Detaliat, Set Cadou Premium, Joc Educativ Antistres"
30,DVXCBB2BM,main_gallery,3,products/30_DVXCBB2BM_Puzzle-din-Lemn-372-Piese-Excitat-Model-Artistic-Cathedral-Cat-30x30-cm-Puzzle-cu-Pisici/main_gallery/03_57cd5f8e.jpg,https://s13emagst.akamaized.net/products/85303/85302503/images/res_638b828a51968c8c00482051ef1983b1.jpg,80,80,47959,"Puzzle din Lemn 372 Piese, Excitat®, Model Artistic Cathedral Cat, 30x30 cm, Puzzle cu Pisici pentru Adulti si Adolescenti, Design Arhitectural Detaliat, Set Cadou Premium, Joc Educativ Antistres"
30,DVXCBB2BM,main_gallery,4,products/30_DVXCBB2BM_Puzzle-din-Lemn-372-Piese-Excitat-Model-Artistic-Cathedral-Cat-30x30-cm-Puzzle-cu-Pisici/main_gallery/04_d560ca82.jpg,https://s13emagst.akamaized.net/products/82563/82562043/images/res_e766d13e14b99e5a2b4d01301ca5a4fd.jpg,80,80,75003,"Puzzle din Lemn 372 Piese, Excitat®, Model Artistic Cathedral Cat, 30x30 cm, Puzzle cu Pisici pentru Adulti si Adolescenti, Design Arhitectural Detaliat, Set Cadou Premium, Joc Educativ Antistres"
30,DVXCBB2BM,main_gallery,5,products/30_DVXCBB2BM_Puzzle-din-Lemn-372-Piese-Excitat-Model-Artistic-Cathedral-Cat-30x30-cm-Puzzle-cu-Pisici/main_gallery/05_830df1cd.jpg,https://s13emagst.akamaized.net/products/82563/82562043/images/res_ad0bbf42e211fb5a926d73a6825a184e.jpg,80,80,228331,"Puzzle din Lemn 372 Piese, Excitat®, Model Artistic Cathedral Cat, 30x30 cm, Puzzle cu Pisici pentru Adulti si Adolescenti, Design Arhitectural Detaliat, Set Cadou Premium, Joc Educativ Antistres"
30,DVXCBB2BM,main_gallery,6,products/30_DVXCBB2BM_Puzzle-din-Lemn-372-Piese-Excitat-Model-Artistic-Cathedral-Cat-30x30-cm-Puzzle-cu-Pisici/main_gallery/06_f00c239c.jpg,https://s13emagst.akamaized.net/products/82563/82562043/images/res_af576a501d20651a54eea65f41513ac9.jpg,80,80,124345,"Puzzle din Lemn 372 Piese, Excitat®, Model Artistic Cathedral Cat, 30x30 cm, Puzzle cu Pisici pentru Adulti si Adolescenti, Design Arhitectural Detaliat, Set Cadou Premium, Joc Educativ Antistres"
30,DVXCBB2BM,main_gallery,7,products/30_DVXCBB2BM_Puzzle-din-Lemn-372-Piese-Excitat-Model-Artistic-Cathedral-Cat-30x30-cm-Puzzle-cu-Pisici/main_gallery/07_9859ce0f.jpg,https://s13emagst.akamaized.net/products/82563/82562043/images/res_260c7f5330d91bee7eddf6df7b41da23.jpg,80,80,224986,"Puzzle din Lemn 372 Piese, Excitat®, Model Artistic Cathedral Cat, 30x30 cm, Puzzle cu Pisici pentru Adulti si Adolescenti, Design Arhitectural Detaliat, Set Cadou Premium, Joc Educativ Antistres"
30,DVXCBB2BM,main_gallery,8,products/30_DVXCBB2BM_Puzzle-din-Lemn-372-Piese-Excitat-Model-Artistic-Cathedral-Cat-30x30-cm-Puzzle-cu-Pisici/main_gallery/08_8cd73312.jpg,https://s13emagst.akamaized.net/products/82563/82562043/images/res_736fa7ac5d8273a0c8f5e2174eeed2a4.jpg,80,80,195516,"Puzzle din Lemn 372 Piese, Excitat®, Model Artistic Cathedral Cat, 30x30 cm, Puzzle cu Pisici pentru Adulti si Adolescenti, Design Arhitectural Detaliat, Set Cadou Premium, Joc Educativ Antistres"
30,DVXCBB2BM,main_gallery,9,products/30_DVXCBB2BM_Puzzle-din-Lemn-372-Piese-Excitat-Model-Artistic-Cathedral-Cat-30x30-cm-Puzzle-cu-Pisici/main_gallery/09_61b626cd.jpg,https://s13emagst.akamaized.net/products/85303/85302503/images/res_cff69f050be46e1626d750b7fee74466.jpg,80,80,281388,"Puzzle din Lemn 372 Piese, Excitat®, Model Artistic Cathedral Cat, 30x30 cm, Puzzle cu Pisici pentru Adulti si Adolescenti, Design Arhitectural Detaliat, Set Cadou Premium, Joc Educativ Antistres"
30,DVXCBB2BM,main_gallery,10,products/30_DVXCBB2BM_Puzzle-din-Lemn-372-Piese-Excitat-Model-Artistic-Cathedral-Cat-30x30-cm-Puzzle-cu-Pisici/main_gallery/10_8e95a4d8.jpg,https://s13emagst.akamaized.net/products/85303/85302503/images/res_196d3f49963bd5af338d1464a0b589d5.jpg,80,80,341028,"Puzzle din Lemn 372 Piese, Excitat®, Model Artistic Cathedral Cat, 30x30 cm, Puzzle cu Pisici pentru Adulti si Adolescenti, Design Arhitectural Detaliat, Set Cadou Premium, Joc Educativ Antistres"
30,DVXCBB2BM,detail_image,1,products/30_DVXCBB2BM_Puzzle-din-Lemn-372-Piese-Excitat-Model-Artistic-Cathedral-Cat-30x30-cm-Puzzle-cu-Pisici/detail_images/01_a9649ef9.gif,https://i.postimg.cc/3wGLDkDC/real.gif,320,320,10364858,"Puzzle din Lemn 372 Piese, Excitat®, Model Artistic Cathedral Cat, 30x30 cm, Puzzle cu Pisici pentru Adulti si Adolescenti, Design Arhitectural Detaliat, Set Cadou Premium, Joc Educativ Antistres"
30,DVXCBB2BM,detail_image,2,products/30_DVXCBB2BM_Puzzle-din-Lemn-372-Piese-Excitat-Model-Artistic-Cathedral-Cat-30x30-cm-Puzzle-cu-Pisici/detail_images/02_c92c75d3.gif,https://marketplace-static.emag.ro/resources/000/062/778/891/62778891.gif,970,400,1313294,"Puzzle din Lemn 372 Piese, Excitat®, Model Artistic Cathedral Cat, 30x30 cm, Puzzle cu Pisici pentru Adulti si Adolescenti, Design Arhitectural Detaliat, Set Cadou Premium, Joc Educativ Antistres"
30,DVXCBB2BM,detail_image,3,products/30_DVXCBB2BM_Puzzle-din-Lemn-372-Piese-Excitat-Model-Artistic-Cathedral-Cat-30x30-cm-Puzzle-cu-Pisici/detail_images/03_0f2bb320.webp,https://i.ebayimg.com/images/g/CjsAAOSwWANneGg~/s-l960.webp,960,960,331242,"Puzzle din Lemn 372 Piese, Excitat®, Model Artistic Cathedral Cat, 30x30 cm, Puzzle cu Pisici pentru Adulti si Adolescenti, Design Arhitectural Detaliat, Set Cadou Premium, Joc Educativ Antistres"
30,DVXCBB2BM,detail_image,4,products/30_DVXCBB2BM_Puzzle-din-Lemn-372-Piese-Excitat-Model-Artistic-Cathedral-Cat-30x30-cm-Puzzle-cu-Pisici/detail_images/04_f00c239c.jpg,https://s13emagst.akamaized.net/products/82563/82562043/images/res_af576a501d20651a54eea65f41513ac9.jpg,720,720,124345,"Puzzle din Lemn 372 Piese, Excitat®, Model Artistic Cathedral Cat, 30x30 cm, Puzzle cu Pisici pentru Adulti si Adolescenti, Design Arhitectural Detaliat, Set Cadou Premium, Joc Educativ Antistres"
30,DVXCBB2BM,detail_image,5,products/30_DVXCBB2BM_Puzzle-din-Lemn-372-Piese-Excitat-Model-Artistic-Cathedral-Cat-30x30-cm-Puzzle-cu-Pisici/detail_images/05_d560ca82.jpg,https://s13emagst.akamaized.net/products/82563/82562043/images/res_e766d13e14b99e5a2b4d01301ca5a4fd.jpg,720,720,75003,"Puzzle din Lemn 372 Piese, Excitat®, Model Artistic Cathedral Cat, 30x30 cm, Puzzle cu Pisici pentru Adulti si Adolescenti, Design Arhitectural Detaliat, Set Cadou Premium, Joc Educativ Antistres"
30,DVXCBB2BM,detail_image,6,products/30_DVXCBB2BM_Puzzle-din-Lemn-372-Piese-Excitat-Model-Artistic-Cathedral-Cat-30x30-cm-Puzzle-cu-Pisici/detail_images/06_a104ca4e.jpg,https://i.postimg.cc/LRx2g0D5/image.jpg,0,0,720505,"Puzzle din Lemn 372 Piese, Excitat®, Model Artistic Cathedral Cat, 30x30 cm, Puzzle cu Pisici pentru Adulti si Adolescenti, Design Arhitectural Detaliat, Set Cadou Premium, Joc Educativ Antistres"
31,DDD60W3BM,main_gallery,1,products/31_DDD60W3BM_Kit-suport-perete-Excitat-pentru-PS5-Slim-Pro-cu-Incarcator-Dual-pentru-Controlere-si-In/main_gallery/01_6d9b90c4.jpg,https://s13emagst.akamaized.net/products/113918/113917132/images/res_0ce6076f25fc098e9617f09d8e7a3c85.jpg,80,80,301305,"Kit suport perete, Excitat®, pentru PS5, Slim & Pro, cu Incarcator Dual pentru Controlere si Indicator LED Smart, Iluminare RGB Personalizabila, Constructie Rezistenta din Otel"
31,DDD60W3BM,main_gallery,2,products/31_DDD60W3BM_Kit-suport-perete-Excitat-pentru-PS5-Slim-Pro-cu-Incarcator-Dual-pentru-Controlere-si-In/main_gallery/02_c0b82782.jpg,https://s13emagst.akamaized.net/products/113918/113917132/images/res_c5133fdf3e080f245ef66f84be1967bd.jpg,80,80,362395,"Kit suport perete, Excitat®, pentru PS5, Slim & Pro, cu Incarcator Dual pentru Controlere si Indicator LED Smart, Iluminare RGB Personalizabila, Constructie Rezistenta din Otel"
31,DDD60W3BM,main_gallery,3,products/31_DDD60W3BM_Kit-suport-perete-Excitat-pentru-PS5-Slim-Pro-cu-Incarcator-Dual-pentru-Controlere-si-In/main_gallery/03_34d17260.jpg,https://s13emagst.akamaized.net/products/113918/113917132/images/res_da9fe40e7afba82a72eaf5fcbe2d460c.jpg,80,80,90710,"Kit suport perete, Excitat®, pentru PS5, Slim & Pro, cu Incarcator Dual pentru Controlere si Indicator LED Smart, Iluminare RGB Personalizabila, Constructie Rezistenta din Otel"
31,DDD60W3BM,main_gallery,4,products/31_DDD60W3BM_Kit-suport-perete-Excitat-pentru-PS5-Slim-Pro-cu-Incarcator-Dual-pentru-Controlere-si-In/main_gallery/04_ec356a5f.jpg,https://s13emagst.akamaized.net/products/113918/113917132/images/res_4148bb746453205a8fe3831e7ae34bc1.jpg,80,80,481010,"Kit suport perete, Excitat®, pentru PS5, Slim & Pro, cu Incarcator Dual pentru Controlere si Indicator LED Smart, Iluminare RGB Personalizabila, Constructie Rezistenta din Otel"
31,DDD60W3BM,main_gallery,5,products/31_DDD60W3BM_Kit-suport-perete-Excitat-pentru-PS5-Slim-Pro-cu-Incarcator-Dual-pentru-Controlere-si-In/main_gallery/05_c651b035.jpg,https://s13emagst.akamaized.net/products/113918/113917132/images/res_840afdfddc2cbb631127739b23403681.jpg,80,80,468021,"Kit suport perete, Excitat®, pentru PS5, Slim & Pro, cu Incarcator Dual pentru Controlere si Indicator LED Smart, Iluminare RGB Personalizabila, Constructie Rezistenta din Otel"
31,DDD60W3BM,main_gallery,6,products/31_DDD60W3BM_Kit-suport-perete-Excitat-pentru-PS5-Slim-Pro-cu-Incarcator-Dual-pentru-Controlere-si-In/main_gallery/06_7b7fd924.jpg,https://s13emagst.akamaized.net/products/113918/113917132/images/res_d29d80a2b555f84e6a39272d4734223d.jpg,80,80,427345,"Kit suport perete, Excitat®, pentru PS5, Slim & Pro, cu Incarcator Dual pentru Controlere si Indicator LED Smart, Iluminare RGB Personalizabila, Constructie Rezistenta din Otel"
31,DDD60W3BM,main_gallery,7,products/31_DDD60W3BM_Kit-suport-perete-Excitat-pentru-PS5-Slim-Pro-cu-Incarcator-Dual-pentru-Controlere-si-In/main_gallery/07_bd769e8f.jpg,https://s13emagst.akamaized.net/products/113918/113917132/images/res_6180328005428735a0d9fc58eb225dec.jpg,80,80,481458,"Kit suport perete, Excitat®, pentru PS5, Slim & Pro, cu Incarcator Dual pentru Controlere si Indicator LED Smart, Iluminare RGB Personalizabila, Constructie Rezistenta din Otel"
31,DDD60W3BM,main_gallery,8,products/31_DDD60W3BM_Kit-suport-perete-Excitat-pentru-PS5-Slim-Pro-cu-Incarcator-Dual-pentru-Controlere-si-In/main_gallery/08_3028c124.jpg,https://s13emagst.akamaized.net/products/113918/113917132/images/res_6c52707c41ceba27cfa4d7fe62a27889.jpg,80,80,237468,"Kit suport perete, Excitat®, pentru PS5, Slim & Pro, cu Incarcator Dual pentru Controlere si Indicator LED Smart, Iluminare RGB Personalizabila, Constructie Rezistenta din Otel"
31,DDD60W3BM,main_gallery,9,products/31_DDD60W3BM_Kit-suport-perete-Excitat-pentru-PS5-Slim-Pro-cu-Incarcator-Dual-pentru-Controlere-si-In/main_gallery/09_928f31e5.jpg,https://s13emagst.akamaized.net/products/113918/113917132/images/res_d3c59946818249a1d4b7a5768a1b8d99.jpg,80,80,328593,"Kit suport perete, Excitat®, pentru PS5, Slim & Pro, cu Incarcator Dual pentru Controlere si Indicator LED Smart, Iluminare RGB Personalizabila, Constructie Rezistenta din Otel"
31,DDD60W3BM,main_gallery,10,products/31_DDD60W3BM_Kit-suport-perete-Excitat-pentru-PS5-Slim-Pro-cu-Incarcator-Dual-pentru-Controlere-si-In/main_gallery/10_adf59f20.jpg,https://s13emagst.akamaized.net/products/113918/113917132/images/res_c908f8bbb9476d18826025bc341ad014.jpg,80,80,443439,"Kit suport perete, Excitat®, pentru PS5, Slim & Pro, cu Incarcator Dual pentru Controlere si Indicator LED Smart, Iluminare RGB Personalizabila, Constructie Rezistenta din Otel"
31,DDD60W3BM,main_gallery,11,products/31_DDD60W3BM_Kit-suport-perete-Excitat-pentru-PS5-Slim-Pro-cu-Incarcator-Dual-pentru-Controlere-si-In/main_gallery/11_edf02358.jpg,https://s13emagst.akamaized.net/products/113918/113917132/images/res_46d89823fe1a731079da4b2a8a342cdd.jpg,80,80,249264,"Kit suport perete, Excitat®, pentru PS5, Slim & Pro, cu Incarcator Dual pentru Controlere si Indicator LED Smart, Iluminare RGB Personalizabila, Constructie Rezistenta din Otel"
31,DDD60W3BM,main_gallery,12,products/31_DDD60W3BM_Kit-suport-perete-Excitat-pentru-PS5-Slim-Pro-cu-Incarcator-Dual-pentru-Controlere-si-In/main_gallery/12_993bb9e0.jpg,https://s13emagst.akamaized.net/products/113918/113917132/images/res_7324c7ff6c479b28ed469d75dce53f69.jpg,80,80,67541,"Kit suport perete, Excitat®, pentru PS5, Slim & Pro, cu Incarcator Dual pentru Controlere si Indicator LED Smart, Iluminare RGB Personalizabila, Constructie Rezistenta din Otel"
31,DDD60W3BM,main_gallery,13,products/31_DDD60W3BM_Kit-suport-perete-Excitat-pentru-PS5-Slim-Pro-cu-Incarcator-Dual-pentru-Controlere-si-In/main_gallery/13_5fa19b1e.jpg,https://s13emagst.akamaized.net/products/113918/113917132/images/res_7e9a9cf7965411f698090e3e48c749ea.jpg,80,80,106420,"Kit suport perete, Excitat®, pentru PS5, Slim & Pro, cu Incarcator Dual pentru Controlere si Indicator LED Smart, Iluminare RGB Personalizabila, Constructie Rezistenta din Otel"
31,DDD60W3BM,main_gallery,14,products/31_DDD60W3BM_Kit-suport-perete-Excitat-pentru-PS5-Slim-Pro-cu-Incarcator-Dual-pentru-Controlere-si-In/main_gallery/14_d4eb4aaf.jpg,https://s13emagst.akamaized.net/products/113918/113917132/images/res_225f54920cb4f84611f1d5a9b7811803.jpg,80,80,348627,"Kit suport perete, Excitat®, pentru PS5, Slim & Pro, cu Incarcator Dual pentru Controlere si Indicator LED Smart, Iluminare RGB Personalizabila, Constructie Rezistenta din Otel"
31,DDD60W3BM,main_gallery,15,products/31_DDD60W3BM_Kit-suport-perete-Excitat-pentru-PS5-Slim-Pro-cu-Incarcator-Dual-pentru-Controlere-si-In/main_gallery/15_0bb9ff48.jpg,https://s13emagst.akamaized.net/products/113918/113917132/images/res_ae6732009239b37d7216187197c7e36c.jpg,80,80,875924,"Kit suport perete, Excitat®, pentru PS5, Slim & Pro, cu Incarcator Dual pentru Controlere si Indicator LED Smart, Iluminare RGB Personalizabila, Constructie Rezistenta din Otel"
31,DDD60W3BM,detail_image,1,products/31_DDD60W3BM_Kit-suport-perete-Excitat-pentru-PS5-Slim-Pro-cu-Incarcator-Dual-pentru-Controlere-si-In/detail_images/01_20b746ee.jpg,https://i.postimg.cc/9mVJ4q3R/dao-tu.jpg,2200,1600,1298580,"Kit suport perete, Excitat®, pentru PS5, Slim & Pro, cu Incarcator Dual pentru Controlere si Indicator LED Smart, Iluminare RGB Personalizabila, Constructie Rezistenta din Otel"
31,DDD60W3BM,detail_image,2,products/31_DDD60W3BM_Kit-suport-perete-Excitat-pentru-PS5-Slim-Pro-cu-Incarcator-Dual-pentru-Controlere-si-In/detail_images/02_0896fa85.gif,https://marketplace-static.emag.ro/resources/000/057/648/772/57648772.gif,970,400,720892,"Kit suport perete, Excitat®, pentru PS5, Slim & Pro, cu Incarcator Dual pentru Controlere si Indicator LED Smart, Iluminare RGB Personalizabila, Constructie Rezistenta din Otel"
31,DDD60W3BM,detail_image,3,products/31_DDD60W3BM_Kit-suport-perete-Excitat-pentru-PS5-Slim-Pro-cu-Incarcator-Dual-pentru-Controlere-si-In/detail_images/03_543bc138.jpg,https://i.postimg.cc/9mVJ4q30/fu1.jpg,1600,2000,579776,"Kit suport perete, Excitat®, pentru PS5, Slim & Pro, cu Incarcator Dual pentru Controlere si Indicator LED Smart, Iluminare RGB Personalizabila, Constructie Rezistenta din Otel"
31,DDD60W3BM,detail_image,4,products/31_DDD60W3BM_Kit-suport-perete-Excitat-pentru-PS5-Slim-Pro-cu-Incarcator-Dual-pentru-Controlere-si-In/detail_images/04_0eacb529.jpg,https://i.postimg.cc/Yrkb4mcv/1.jpg,1600,2000,792368,"Kit suport perete, Excitat®, pentru PS5, Slim & Pro, cu Incarcator Dual pentru Controlere si Indicator LED Smart, Iluminare RGB Personalizabila, Constructie Rezistenta din Otel"
31,DDD60W3BM,detail_image,5,products/31_DDD60W3BM_Kit-suport-perete-Excitat-pentru-PS5-Slim-Pro-cu-Incarcator-Dual-pentru-Controlere-si-In/detail_images/05_d258aad9.jpg,https://i.postimg.cc/TdGCyW8r/2.jpg,1600,1600,717183,"Kit suport perete, Excitat®, pentru PS5, Slim & Pro, cu Incarcator Dual pentru Controlere si Indicator LED Smart, Iluminare RGB Personalizabila, Constructie Rezistenta din Otel"
31,DDD60W3BM,detail_image,6,products/31_DDD60W3BM_Kit-suport-perete-Excitat-pentru-PS5-Slim-Pro-cu-Incarcator-Dual-pentru-Controlere-si-In/detail_images/06_c36acac8.jpg,https://i.postimg.cc/qRb8Sqvq/3.jpg,800,800,264561,"Kit suport perete, Excitat®, pentru PS5, Slim & Pro, cu Incarcator Dual pentru Controlere si Indicator LED Smart, Iluminare RGB Personalizabila, Constructie Rezistenta din Otel"
31,DDD60W3BM,detail_image,7,products/31_DDD60W3BM_Kit-suport-perete-Excitat-pentru-PS5-Slim-Pro-cu-Incarcator-Dual-pentru-Controlere-si-In/detail_images/07_6dc67bf9.jpg,https://i.postimg.cc/HxZQRnkr/4.jpg,800,800,232457,"Kit suport perete, Excitat®, pentru PS5, Slim & Pro, cu Incarcator Dual pentru Controlere si Indicator LED Smart, Iluminare RGB Personalizabila, Constructie Rezistenta din Otel"
31,DDD60W3BM,detail_image,8,products/31_DDD60W3BM_Kit-suport-perete-Excitat-pentru-PS5-Slim-Pro-cu-Incarcator-Dual-pentru-Controlere-si-In/detail_images/08_049758e9.jpg,https://i.postimg.cc/k41xzGgB/5.jpg,800,800,242328,"Kit suport perete, Excitat®, pentru PS5, Slim & Pro, cu Incarcator Dual pentru Controlere si Indicator LED Smart, Iluminare RGB Personalizabila, Constructie Rezistenta din Otel"
31,DDD60W3BM,detail_image,9,products/31_DDD60W3BM_Kit-suport-perete-Excitat-pentru-PS5-Slim-Pro-cu-Incarcator-Dual-pentru-Controlere-si-In/detail_images/09_52e1a3c8.jpg,https://i.postimg.cc/sxMprzMV/6.jpg,800,800,221738,"Kit suport perete, Excitat®, pentru PS5, Slim & Pro, cu Incarcator Dual pentru Controlere si Indicator LED Smart, Iluminare RGB Personalizabila, Constructie Rezistenta din Otel"
31,DDD60W3BM,detail_image,10,products/31_DDD60W3BM_Kit-suport-perete-Excitat-pentru-PS5-Slim-Pro-cu-Incarcator-Dual-pentru-Controlere-si-In/detail_images/10_b9d0f0fe.jpg,https://i.postimg.cc/FzYj4vYF/7.jpg,800,800,217687,"Kit suport perete, Excitat®, pentru PS5, Slim & Pro, cu Incarcator Dual pentru Controlere si Indicator LED Smart, Iluminare RGB Personalizabila, Constructie Rezistenta din Otel"
31,DDD60W3BM,detail_image,11,products/31_DDD60W3BM_Kit-suport-perete-Excitat-pentru-PS5-Slim-Pro-cu-Incarcator-Dual-pentru-Controlere-si-In/detail_images/11_cd4d17cd.jpg,https://i.postimg.cc/Y9n1Z0Cr/8.jpg,1280,960,180722,"Kit suport perete, Excitat®, pentru PS5, Slim & Pro, cu Incarcator Dual pentru Controlere si Indicator LED Smart, Iluminare RGB Personalizabila, Constructie Rezistenta din Otel"
31,DDD60W3BM,detail_image,12,products/31_DDD60W3BM_Kit-suport-perete-Excitat-pentru-PS5-Slim-Pro-cu-Incarcator-Dual-pentru-Controlere-si-In/detail_images/12_9df312e9.gif,https://marketplace-static.emag.ro/resources/000/057/640/168/57640168.gif,970,400,766157,"Kit suport perete, Excitat®, pentru PS5, Slim & Pro, cu Incarcator Dual pentru Controlere si Indicator LED Smart, Iluminare RGB Personalizabila, Constructie Rezistenta din Otel"
32,DCNYHS3BM,main_gallery,1,products/32_DCNYHS3BM_Jucarii-Interactice-pentru-Baie-Excitat-RataLeuCrocodil-Multicolor-Cadou-Bebe-Timpul-Bai/main_gallery/01_e79efe60.jpg,https://s13emagst.akamaized.net/products/101918/101917232/images/res_0c9facd90b5dd276a79752bc1e60c794.jpg,80,80,466364,"Jucarii Interactice pentru Baie, Excitat®, Rata/Leu/Crocodil, Multicolor, Cadou Bebe Timpul Baii Piscina, cu Ventuza de Perete, Cana de apa pentru joaca in baie, 17.5x15.5x7.5 cm"
32,DCNYHS3BM,main_gallery,2,products/32_DCNYHS3BM_Jucarii-Interactice-pentru-Baie-Excitat-RataLeuCrocodil-Multicolor-Cadou-Bebe-Timpul-Bai/main_gallery/02_f730d879.jpg,https://s13emagst.akamaized.net/products/101918/101917232/images/res_84d50c9358aad7adfe936c0dcaccab5f.jpg,80,80,247824,"Jucarii Interactice pentru Baie, Excitat®, Rata/Leu/Crocodil, Multicolor, Cadou Bebe Timpul Baii Piscina, cu Ventuza de Perete, Cana de apa pentru joaca in baie, 17.5x15.5x7.5 cm"
32,DCNYHS3BM,main_gallery,3,products/32_DCNYHS3BM_Jucarii-Interactice-pentru-Baie-Excitat-RataLeuCrocodil-Multicolor-Cadou-Bebe-Timpul-Bai/main_gallery/03_8cd46614.jpg,https://s13emagst.akamaized.net/products/101918/101917232/images/res_83c889d1da37cd30282366541fcfa703.jpg,80,80,414937,"Jucarii Interactice pentru Baie, Excitat®, Rata/Leu/Crocodil, Multicolor, Cadou Bebe Timpul Baii Piscina, cu Ventuza de Perete, Cana de apa pentru joaca in baie, 17.5x15.5x7.5 cm"
32,DCNYHS3BM,main_gallery,4,products/32_DCNYHS3BM_Jucarii-Interactice-pentru-Baie-Excitat-RataLeuCrocodil-Multicolor-Cadou-Bebe-Timpul-Bai/main_gallery/04_9cae040d.jpg,https://s13emagst.akamaized.net/products/101918/101917232/images/res_f7298fea26bbec2d2db896051f0ce5ab.jpg,80,80,306812,"Jucarii Interactice pentru Baie, Excitat®, Rata/Leu/Crocodil, Multicolor, Cadou Bebe Timpul Baii Piscina, cu Ventuza de Perete, Cana de apa pentru joaca in baie, 17.5x15.5x7.5 cm"
32,DCNYHS3BM,main_gallery,5,products/32_DCNYHS3BM_Jucarii-Interactice-pentru-Baie-Excitat-RataLeuCrocodil-Multicolor-Cadou-Bebe-Timpul-Bai/main_gallery/05_8067f462.jpg,https://s13emagst.akamaized.net/products/101918/101917232/images/res_f11b0f7a0d0e35671afd3bca38c34603.jpg,80,80,319987,"Jucarii Interactice pentru Baie, Excitat®, Rata/Leu/Crocodil, Multicolor, Cadou Bebe Timpul Baii Piscina, cu Ventuza de Perete, Cana de apa pentru joaca in baie, 17.5x15.5x7.5 cm"
32,DCNYHS3BM,main_gallery,6,products/32_DCNYHS3BM_Jucarii-Interactice-pentru-Baie-Excitat-RataLeuCrocodil-Multicolor-Cadou-Bebe-Timpul-Bai/main_gallery/06_2d4b159e.jpg,https://s13emagst.akamaized.net/products/101918/101917232/images/res_fbbe2e0320dce2c4444e48fa3ba0eb3c.jpg,80,80,362458,"Jucarii Interactice pentru Baie, Excitat®, Rata/Leu/Crocodil, Multicolor, Cadou Bebe Timpul Baii Piscina, cu Ventuza de Perete, Cana de apa pentru joaca in baie, 17.5x15.5x7.5 cm"
32,DCNYHS3BM,main_gallery,7,products/32_DCNYHS3BM_Jucarii-Interactice-pentru-Baie-Excitat-RataLeuCrocodil-Multicolor-Cadou-Bebe-Timpul-Bai/main_gallery/07_dd099758.jpg,https://s13emagst.akamaized.net/products/101918/101917232/images/res_af9c199bdf544476e268f194be5e7c79.jpg,80,80,334114,"Jucarii Interactice pentru Baie, Excitat®, Rata/Leu/Crocodil, Multicolor, Cadou Bebe Timpul Baii Piscina, cu Ventuza de Perete, Cana de apa pentru joaca in baie, 17.5x15.5x7.5 cm"
32,DCNYHS3BM,main_gallery,8,products/32_DCNYHS3BM_Jucarii-Interactice-pentru-Baie-Excitat-RataLeuCrocodil-Multicolor-Cadou-Bebe-Timpul-Bai/main_gallery/08_d2985223.jpg,https://s13emagst.akamaized.net/products/101918/101917232/images/res_8e360c10133d1a77dfa7518f33b3e12a.jpg,80,80,390335,"Jucarii Interactice pentru Baie, Excitat®, Rata/Leu/Crocodil, Multicolor, Cadou Bebe Timpul Baii Piscina, cu Ventuza de Perete, Cana de apa pentru joaca in baie, 17.5x15.5x7.5 cm"
32,DCNYHS3BM,main_gallery,9,products/32_DCNYHS3BM_Jucarii-Interactice-pentru-Baie-Excitat-RataLeuCrocodil-Multicolor-Cadou-Bebe-Timpul-Bai/main_gallery/09_9875d2e6.jpg,https://s13emagst.akamaized.net/products/101918/101917232/images/res_f8e991029834a97d2545fcb512fea5e2.jpg,80,80,346263,"Jucarii Interactice pentru Baie, Excitat®, Rata/Leu/Crocodil, Multicolor, Cadou Bebe Timpul Baii Piscina, cu Ventuza de Perete, Cana de apa pentru joaca in baie, 17.5x15.5x7.5 cm"
32,DCNYHS3BM,detail_image,1,products/32_DCNYHS3BM_Jucarii-Interactice-pentru-Baie-Excitat-RataLeuCrocodil-Multicolor-Cadou-Bebe-Timpul-Bai/detail_images/01_54ea4400.jpg,https://i.postimg.cc/PrG7hRSv/detail-d6f7214e-8e1e-11f0-a945-751e56ff4634.jpg,0,0,184620,"Jucarii Interactice pentru Baie, Excitat®, Rata/Leu/Crocodil, Multicolor, Cadou Bebe Timpul Baii Piscina, cu Ventuza de Perete, Cana de apa pentru joaca in baie, 17.5x15.5x7.5 cm"
32,DCNYHS3BM,detail_image,2,products/32_DCNYHS3BM_Jucarii-Interactice-pentru-Baie-Excitat-RataLeuCrocodil-Multicolor-Cadou-Bebe-Timpul-Bai/detail_images/02_b04e23ee.jpg,https://i.postimg.cc/Z54DvykX/detail-d6f72151-8e1e-11f0-a945-751e56ff4634.jpg,0,0,209935,"Jucarii Interactice pentru Baie, Excitat®, Rata/Leu/Crocodil, Multicolor, Cadou Bebe Timpul Baii Piscina, cu Ventuza de Perete, Cana de apa pentru joaca in baie, 17.5x15.5x7.5 cm"
32,DCNYHS3BM,detail_image,3,products/32_DCNYHS3BM_Jucarii-Interactice-pentru-Baie-Excitat-RataLeuCrocodil-Multicolor-Cadou-Bebe-Timpul-Bai/detail_images/03_31857515.jpg,https://i.postimg.cc/MKkLxF9m/detail-d6f7214f-8e1e-11f0-a945-751e56ff4634.jpg,0,0,168282,"Jucarii Interactice pentru Baie, Excitat®, Rata/Leu/Crocodil, Multicolor, Cadou Bebe Timpul Baii Piscina, cu Ventuza de Perete, Cana de apa pentru joaca in baie, 17.5x15.5x7.5 cm"
32,DCNYHS3BM,detail_image,4,products/32_DCNYHS3BM_Jucarii-Interactice-pentru-Baie-Excitat-RataLeuCrocodil-Multicolor-Cadou-Bebe-Timpul-Bai/detail_images/04_2c0f2553.jpg,https://i.postimg.cc/7ZwQJT85/detail-d6f72152-8e1e-11f0-a945-751e56ff4634.jpg,0,0,210908,"Jucarii Interactice pentru Baie, Excitat®, Rata/Leu/Crocodil, Multicolor, Cadou Bebe Timpul Baii Piscina, cu Ventuza de Perete, Cana de apa pentru joaca in baie, 17.5x15.5x7.5 cm"
32,DCNYHS3BM,detail_image,5,products/32_DCNYHS3BM_Jucarii-Interactice-pentru-Baie-Excitat-RataLeuCrocodil-Multicolor-Cadou-Bebe-Timpul-Bai/detail_images/05_a9b5ccb0.jpg,https://i.postimg.cc/L6zbs3WN/detail-d6f72150-8e1e-11f0-a945-751e56ff4634.jpg,0,0,167819,"Jucarii Interactice pentru Baie, Excitat®, Rata/Leu/Crocodil, Multicolor, Cadou Bebe Timpul Baii Piscina, cu Ventuza de Perete, Cana de apa pentru joaca in baie, 17.5x15.5x7.5 cm"
32,DCNYHS3BM,detail_image,6,products/32_DCNYHS3BM_Jucarii-Interactice-pentru-Baie-Excitat-RataLeuCrocodil-Multicolor-Cadou-Bebe-Timpul-Bai/detail_images/06_792b2a3d.jpg,https://i.postimg.cc/kgsYQXqt/detail-0ac8b4bc-8e22-11f0-a945-751e56ff4634.jpg,0,0,502457,"Jucarii Interactice pentru Baie, Excitat®, Rata/Leu/Crocodil, Multicolor, Cadou Bebe Timpul Baii Piscina, cu Ventuza de Perete, Cana de apa pentru joaca in baie, 17.5x15.5x7.5 cm"
32,DCNYHS3BM,detail_image,7,products/32_DCNYHS3BM_Jucarii-Interactice-pentru-Baie-Excitat-RataLeuCrocodil-Multicolor-Cadou-Bebe-Timpul-Bai/detail_images/07_a3b64023.jpg,https://i.postimg.cc/3x1fXJYF/detail-0ac8b4bd-8e22-11f0-a945-751e56ff4634.jpg,0,0,518774,"Jucarii Interactice pentru Baie, Excitat®, Rata/Leu/Crocodil, Multicolor, Cadou Bebe Timpul Baii Piscina, cu Ventuza de Perete, Cana de apa pentru joaca in baie, 17.5x15.5x7.5 cm"
32,DCNYHS3BM,detail_image,8,products/32_DCNYHS3BM_Jucarii-Interactice-pentru-Baie-Excitat-RataLeuCrocodil-Multicolor-Cadou-Bebe-Timpul-Bai/detail_images/08_9f5add93.png,https://i.postimg.cc/3wwSn5wh/detail-0ac8b4be-8e22-11f0-a945-751e56ff4634.png,0,0,1090471,"Jucarii Interactice pentru Baie, Excitat®, Rata/Leu/Crocodil, Multicolor, Cadou Bebe Timpul Baii Piscina, cu Ventuza de Perete, Cana de apa pentru joaca in baie, 17.5x15.5x7.5 cm"
33,DMH7JS3BM,main_gallery,1,products/33_DMH7JS3BM_Lupa-de-cap-Handy-Excitat-23-Niveluri-marire-3-lumini-LED-2-Moduri-de-Iluminare-Unghi-re/main_gallery/01_f4c281fe.jpg,https://s13emagst.akamaized.net/products/102070/102069113/images/res_a9096e6e9ab6a428f8a58edddb06f904.jpg,80,80,247380,"Lupa de cap Handy, Excitat®, 23 Niveluri marire, 3 lumini LED, 2 Moduri de Iluminare, Unghi reglabil, Lentila dubla, Lentile detasabile, 5 Lentile interschimbabile, Zoom de 1X, 1.5X, 2X, 2.5X si 3.5X, lentila auxiliara fixa 8X, pentru reparatii, Alb"
33,DMH7JS3BM,main_gallery,2,products/33_DMH7JS3BM_Lupa-de-cap-Handy-Excitat-23-Niveluri-marire-3-lumini-LED-2-Moduri-de-Iluminare-Unghi-re/main_gallery/02_5906931e.jpg,https://s13emagst.akamaized.net/products/102070/102069113/images/res_05001927402d30d08b0f8ebc472085ac.jpg,80,80,265984,"Lupa de cap Handy, Excitat®, 23 Niveluri marire, 3 lumini LED, 2 Moduri de Iluminare, Unghi reglabil, Lentila dubla, Lentile detasabile, 5 Lentile interschimbabile, Zoom de 1X, 1.5X, 2X, 2.5X si 3.5X, lentila auxiliara fixa 8X, pentru reparatii, Alb"
33,DMH7JS3BM,main_gallery,3,products/33_DMH7JS3BM_Lupa-de-cap-Handy-Excitat-23-Niveluri-marire-3-lumini-LED-2-Moduri-de-Iluminare-Unghi-re/main_gallery/03_c544e511.jpg,https://s13emagst.akamaized.net/products/102070/102069113/images/res_fdeb028df513aa71425c53a2d2dc906b.jpg,80,80,251505,"Lupa de cap Handy, Excitat®, 23 Niveluri marire, 3 lumini LED, 2 Moduri de Iluminare, Unghi reglabil, Lentila dubla, Lentile detasabile, 5 Lentile interschimbabile, Zoom de 1X, 1.5X, 2X, 2.5X si 3.5X, lentila auxiliara fixa 8X, pentru reparatii, Alb"
33,DMH7JS3BM,main_gallery,4,products/33_DMH7JS3BM_Lupa-de-cap-Handy-Excitat-23-Niveluri-marire-3-lumini-LED-2-Moduri-de-Iluminare-Unghi-re/main_gallery/04_6346d8bf.jpg,https://s13emagst.akamaized.net/products/102070/102069113/images/res_d8db0abf9942cd3f5407c63d37fff1e1.jpg,80,80,212830,"Lupa de cap Handy, Excitat®, 23 Niveluri marire, 3 lumini LED, 2 Moduri de Iluminare, Unghi reglabil, Lentila dubla, Lentile detasabile, 5 Lentile interschimbabile, Zoom de 1X, 1.5X, 2X, 2.5X si 3.5X, lentila auxiliara fixa 8X, pentru reparatii, Alb"
33,DMH7JS3BM,main_gallery,5,products/33_DMH7JS3BM_Lupa-de-cap-Handy-Excitat-23-Niveluri-marire-3-lumini-LED-2-Moduri-de-Iluminare-Unghi-re/main_gallery/05_6488ff75.jpg,https://s13emagst.akamaized.net/products/102070/102069113/images/res_ec8906bdf64dc5710c64d1dd5cf1dfb3.jpg,80,80,261359,"Lupa de cap Handy, Excitat®, 23 Niveluri marire, 3 lumini LED, 2 Moduri de Iluminare, Unghi reglabil, Lentila dubla, Lentile detasabile, 5 Lentile interschimbabile, Zoom de 1X, 1.5X, 2X, 2.5X si 3.5X, lentila auxiliara fixa 8X, pentru reparatii, Alb"
33,DMH7JS3BM,main_gallery,6,products/33_DMH7JS3BM_Lupa-de-cap-Handy-Excitat-23-Niveluri-marire-3-lumini-LED-2-Moduri-de-Iluminare-Unghi-re/main_gallery/06_8eccd0de.jpg,https://s13emagst.akamaized.net/products/102070/102069113/images/res_a4fdf498ab2222c9bbb5f510fc322432.jpg,80,80,289255,"Lupa de cap Handy, Excitat®, 23 Niveluri marire, 3 lumini LED, 2 Moduri de Iluminare, Unghi reglabil, Lentila dubla, Lentile detasabile, 5 Lentile interschimbabile, Zoom de 1X, 1.5X, 2X, 2.5X si 3.5X, lentila auxiliara fixa 8X, pentru reparatii, Alb"
33,DMH7JS3BM,main_gallery,7,products/33_DMH7JS3BM_Lupa-de-cap-Handy-Excitat-23-Niveluri-marire-3-lumini-LED-2-Moduri-de-Iluminare-Unghi-re/main_gallery/07_dfea2306.jpg,https://s13emagst.akamaized.net/products/102070/102069113/images/res_e9150450a7ff741ba682f19a16e3ecf0.jpg,80,80,300106,"Lupa de cap Handy, Excitat®, 23 Niveluri marire, 3 lumini LED, 2 Moduri de Iluminare, Unghi reglabil, Lentila dubla, Lentile detasabile, 5 Lentile interschimbabile, Zoom de 1X, 1.5X, 2X, 2.5X si 3.5X, lentila auxiliara fixa 8X, pentru reparatii, Alb"
33,DMH7JS3BM,main_gallery,8,products/33_DMH7JS3BM_Lupa-de-cap-Handy-Excitat-23-Niveluri-marire-3-lumini-LED-2-Moduri-de-Iluminare-Unghi-re/main_gallery/08_c2669e4b.jpg,https://s13emagst.akamaized.net/products/102070/102069113/images/res_92eecce39dfb33b4c909180885af10dc.jpg,80,80,236893,"Lupa de cap Handy, Excitat®, 23 Niveluri marire, 3 lumini LED, 2 Moduri de Iluminare, Unghi reglabil, Lentila dubla, Lentile detasabile, 5 Lentile interschimbabile, Zoom de 1X, 1.5X, 2X, 2.5X si 3.5X, lentila auxiliara fixa 8X, pentru reparatii, Alb"
33,DMH7JS3BM,detail_image,1,products/33_DMH7JS3BM_Lupa-de-cap-Handy-Excitat-23-Niveluri-marire-3-lumini-LED-2-Moduri-de-Iluminare-Unghi-re/detail_images/01_777424dc.jpg,https://i.postimg.cc/0yS2jFsV/detail-0395a6ce-8fcb-11f0-a945-751e56ff4634.jpg,970,600,285690,"Lupa de cap Handy, Excitat®, 23 Niveluri marire, 3 lumini LED, 2 Moduri de Iluminare, Unghi reglabil, Lentila dubla, Lentile detasabile, 5 Lentile interschimbabile, Zoom de 1X, 1.5X, 2X, 2.5X si 3.5X, lentila auxiliara fixa 8X, pentru reparatii, Alb"
33,DMH7JS3BM,detail_image,2,products/33_DMH7JS3BM_Lupa-de-cap-Handy-Excitat-23-Niveluri-marire-3-lumini-LED-2-Moduri-de-Iluminare-Unghi-re/detail_images/02_cc455b6e.jpg,https://i.postimg.cc/QxwdXsRT/detail-0395a6cc-8fcb-11f0-a945-751e56ff4634.jpg,970,600,164471,"Lupa de cap Handy, Excitat®, 23 Niveluri marire, 3 lumini LED, 2 Moduri de Iluminare, Unghi reglabil, Lentila dubla, Lentile detasabile, 5 Lentile interschimbabile, Zoom de 1X, 1.5X, 2X, 2.5X si 3.5X, lentila auxiliara fixa 8X, pentru reparatii, Alb"
33,DMH7JS3BM,detail_image,3,products/33_DMH7JS3BM_Lupa-de-cap-Handy-Excitat-23-Niveluri-marire-3-lumini-LED-2-Moduri-de-Iluminare-Unghi-re/detail_images/03_3f7f1c6a.jpg,https://i.postimg.cc/25FkFW3Q/detail-27dbc641-8fd3-11f0-a945-751e56ff4634.jpg,800,800,103603,"Lupa de cap Handy, Excitat®, 23 Niveluri marire, 3 lumini LED, 2 Moduri de Iluminare, Unghi reglabil, Lentila dubla, Lentile detasabile, 5 Lentile interschimbabile, Zoom de 1X, 1.5X, 2X, 2.5X si 3.5X, lentila auxiliara fixa 8X, pentru reparatii, Alb"
33,DMH7JS3BM,detail_image,4,products/33_DMH7JS3BM_Lupa-de-cap-Handy-Excitat-23-Niveluri-marire-3-lumini-LED-2-Moduri-de-Iluminare-Unghi-re/detail_images/04_f57ebb1c.jpg,https://i.postimg.cc/3R8KLwvQ/detail-27dbc642-8fd3-11f0-a945-751e56ff4634.jpg,0,0,112878,"Lupa de cap Handy, Excitat®, 23 Niveluri marire, 3 lumini LED, 2 Moduri de Iluminare, Unghi reglabil, Lentila dubla, Lentile detasabile, 5 Lentile interschimbabile, Zoom de 1X, 1.5X, 2X, 2.5X si 3.5X, lentila auxiliara fixa 8X, pentru reparatii, Alb"
33,DMH7JS3BM,detail_image,5,products/33_DMH7JS3BM_Lupa-de-cap-Handy-Excitat-23-Niveluri-marire-3-lumini-LED-2-Moduri-de-Iluminare-Unghi-re/detail_images/05_46a3bf2d.jpg,https://i.postimg.cc/rF3w8cvh/detail-0395a6cd-8fcb-11f0-a945-751e56ff4634.jpg,0,0,177899,"Lupa de cap Handy, Excitat®, 23 Niveluri marire, 3 lumini LED, 2 Moduri de Iluminare, Unghi reglabil, Lentila dubla, Lentile detasabile, 5 Lentile interschimbabile, Zoom de 1X, 1.5X, 2X, 2.5X si 3.5X, lentila auxiliara fixa 8X, pentru reparatii, Alb"
33,DMH7JS3BM,detail_image,6,products/33_DMH7JS3BM_Lupa-de-cap-Handy-Excitat-23-Niveluri-marire-3-lumini-LED-2-Moduri-de-Iluminare-Unghi-re/detail_images/06_19c4c303.jpg,https://i.postimg.cc/Sx9NR34h/detail-27dbc640-8fd3-11f0-a945-751e56ff4634.jpg,0,0,83539,"Lupa de cap Handy, Excitat®, 23 Niveluri marire, 3 lumini LED, 2 Moduri de Iluminare, Unghi reglabil, Lentila dubla, Lentile detasabile, 5 Lentile interschimbabile, Zoom de 1X, 1.5X, 2X, 2.5X si 3.5X, lentila auxiliara fixa 8X, pentru reparatii, Alb"
33,DMH7JS3BM,detail_image,7,products/33_DMH7JS3BM_Lupa-de-cap-Handy-Excitat-23-Niveluri-marire-3-lumini-LED-2-Moduri-de-Iluminare-Unghi-re/detail_images/07_db8fd23b.jpg,https://i.postimg.cc/V6Kz2cqB/detail-27dbc644-8fd3-11f0-a945-751e56ff4634.jpg,0,0,129667,"Lupa de cap Handy, Excitat®, 23 Niveluri marire, 3 lumini LED, 2 Moduri de Iluminare, Unghi reglabil, Lentila dubla, Lentile detasabile, 5 Lentile interschimbabile, Zoom de 1X, 1.5X, 2X, 2.5X si 3.5X, lentila auxiliara fixa 8X, pentru reparatii, Alb"
33,DMH7JS3BM,detail_image,8,products/33_DMH7JS3BM_Lupa-de-cap-Handy-Excitat-23-Niveluri-marire-3-lumini-LED-2-Moduri-de-Iluminare-Unghi-re/detail_images/08_8e1a7f5b.jpg,https://i.postimg.cc/tTB98H3R/detail-27dbc643-8fd3-11f0-a945-751e56ff4634.jpg,0,0,130340,"Lupa de cap Handy, Excitat®, 23 Niveluri marire, 3 lumini LED, 2 Moduri de Iluminare, Unghi reglabil, Lentila dubla, Lentile detasabile, 5 Lentile interschimbabile, Zoom de 1X, 1.5X, 2X, 2.5X si 3.5X, lentila auxiliara fixa 8X, pentru reparatii, Alb"
33,DMH7JS3BM,detail_image,9,products/33_DMH7JS3BM_Lupa-de-cap-Handy-Excitat-23-Niveluri-marire-3-lumini-LED-2-Moduri-de-Iluminare-Unghi-re/detail_images/09_38f0f92b.jpg,https://i.postimg.cc/RCP0Dwdb/detail-0395a6ca-8fcb-11f0-a945-751e56ff4634.jpg,0,0,63131,"Lupa de cap Handy, Excitat®, 23 Niveluri marire, 3 lumini LED, 2 Moduri de Iluminare, Unghi reglabil, Lentila dubla, Lentile detasabile, 5 Lentile interschimbabile, Zoom de 1X, 1.5X, 2X, 2.5X si 3.5X, lentila auxiliara fixa 8X, pentru reparatii, Alb"
33,DMH7JS3BM,detail_image,10,products/33_DMH7JS3BM_Lupa-de-cap-Handy-Excitat-23-Niveluri-marire-3-lumini-LED-2-Moduri-de-Iluminare-Unghi-re/detail_images/10_0dd107b7.jpg,https://i.postimg.cc/jdLj0C3B/detail-0395a6c9-8fcb-11f0-a945-751e56ff4634.jpg,0,0,70694,"Lupa de cap Handy, Excitat®, 23 Niveluri marire, 3 lumini LED, 2 Moduri de Iluminare, Unghi reglabil, Lentila dubla, Lentile detasabile, 5 Lentile interschimbabile, Zoom de 1X, 1.5X, 2X, 2.5X si 3.5X, lentila auxiliara fixa 8X, pentru reparatii, Alb"
33,DMH7JS3BM,detail_image,11,products/33_DMH7JS3BM_Lupa-de-cap-Handy-Excitat-23-Niveluri-marire-3-lumini-LED-2-Moduri-de-Iluminare-Unghi-re/detail_images/11_e5183e6d.jpg,https://i.postimg.cc/3NbJ0HWH/detail-0395a6c8-8fcb-11f0-a945-751e56ff4634.jpg,0,0,75210,"Lupa de cap Handy, Excitat®, 23 Niveluri marire, 3 lumini LED, 2 Moduri de Iluminare, Unghi reglabil, Lentila dubla, Lentile detasabile, 5 Lentile interschimbabile, Zoom de 1X, 1.5X, 2X, 2.5X si 3.5X, lentila auxiliara fixa 8X, pentru reparatii, Alb"
33,DMH7JS3BM,detail_image,12,products/33_DMH7JS3BM_Lupa-de-cap-Handy-Excitat-23-Niveluri-marire-3-lumini-LED-2-Moduri-de-Iluminare-Unghi-re/detail_images/12_525a89a5.jpg,https://i.postimg.cc/QxHMGVnH/detail-0395a6cb-8fcb-11f0-a945-751e56ff4634.jpg,0,0,154866,"Lupa de cap Handy, Excitat®, 23 Niveluri marire, 3 lumini LED, 2 Moduri de Iluminare, Unghi reglabil, Lentila dubla, Lentile detasabile, 5 Lentile interschimbabile, Zoom de 1X, 1.5X, 2X, 2.5X si 3.5X, lentila auxiliara fixa 8X, pentru reparatii, Alb"
34,D346JS3BM,main_gallery,1,products/34_D346JS3BM_Set-2-Becuri-LED-Auto-D1S-Excitat-110W-12.000-Lumeni-6500k-Becuri-Faruri-Conversie-HID-L/main_gallery/01_a24640b1.jpg,https://s13emagst.akamaized.net/products/102091/102090505/images/res_13b8de3e68e970fdcb5551a16fe4fde7.jpg,80,80,252749,"Set 2 Becuri LED Auto D1S, Excitat®, 110W, 12.000 Lumeni, 6500k, Becuri Faruri Conversie HID-Led, Conversie de la Xenon la LED Plug&Play, Canbus, Miez Cupru, Radiator Aluminiu Silentios, Calitate Premium"
34,D346JS3BM,main_gallery,2,products/34_D346JS3BM_Set-2-Becuri-LED-Auto-D1S-Excitat-110W-12.000-Lumeni-6500k-Becuri-Faruri-Conversie-HID-L/main_gallery/02_58866443.jpg,https://s13emagst.akamaized.net/products/102091/102090505/images/res_74697a66fc7c86e107ceec214124dbf6.jpg,80,80,392487,"Set 2 Becuri LED Auto D1S, Excitat®, 110W, 12.000 Lumeni, 6500k, Becuri Faruri Conversie HID-Led, Conversie de la Xenon la LED Plug&Play, Canbus, Miez Cupru, Radiator Aluminiu Silentios, Calitate Premium"
34,D346JS3BM,main_gallery,3,products/34_D346JS3BM_Set-2-Becuri-LED-Auto-D1S-Excitat-110W-12.000-Lumeni-6500k-Becuri-Faruri-Conversie-HID-L/main_gallery/03_431b203a.jpg,https://s13emagst.akamaized.net/products/102091/102090505/images/res_bce72ea7f42e7b9803a5e7fc86a7d948.jpg,80,80,297257,"Set 2 Becuri LED Auto D1S, Excitat®, 110W, 12.000 Lumeni, 6500k, Becuri Faruri Conversie HID-Led, Conversie de la Xenon la LED Plug&Play, Canbus, Miez Cupru, Radiator Aluminiu Silentios, Calitate Premium"
34,D346JS3BM,main_gallery,4,products/34_D346JS3BM_Set-2-Becuri-LED-Auto-D1S-Excitat-110W-12.000-Lumeni-6500k-Becuri-Faruri-Conversie-HID-L/main_gallery/04_798b97dd.jpg,https://s13emagst.akamaized.net/products/102091/102090505/images/res_aaf9fae0f65a4ff629d7495507004cf0.jpg,80,80,280306,"Set 2 Becuri LED Auto D1S, Excitat®, 110W, 12.000 Lumeni, 6500k, Becuri Faruri Conversie HID-Led, Conversie de la Xenon la LED Plug&Play, Canbus, Miez Cupru, Radiator Aluminiu Silentios, Calitate Premium"
34,D346JS3BM,main_gallery,5,products/34_D346JS3BM_Set-2-Becuri-LED-Auto-D1S-Excitat-110W-12.000-Lumeni-6500k-Becuri-Faruri-Conversie-HID-L/main_gallery/05_a90c5c23.jpg,https://s13emagst.akamaized.net/products/102091/102090505/images/res_8fa9ae370a4e3bffb929beaf163df14d.jpg,80,80,254548,"Set 2 Becuri LED Auto D1S, Excitat®, 110W, 12.000 Lumeni, 6500k, Becuri Faruri Conversie HID-Led, Conversie de la Xenon la LED Plug&Play, Canbus, Miez Cupru, Radiator Aluminiu Silentios, Calitate Premium"
34,D346JS3BM,main_gallery,6,products/34_D346JS3BM_Set-2-Becuri-LED-Auto-D1S-Excitat-110W-12.000-Lumeni-6500k-Becuri-Faruri-Conversie-HID-L/main_gallery/06_fd311380.jpg,https://s13emagst.akamaized.net/products/102091/102090505/images/res_1e9460ad191b195f501a4e08c553bdd4.jpg,80,80,347437,"Set 2 Becuri LED Auto D1S, Excitat®, 110W, 12.000 Lumeni, 6500k, Becuri Faruri Conversie HID-Led, Conversie de la Xenon la LED Plug&Play, Canbus, Miez Cupru, Radiator Aluminiu Silentios, Calitate Premium"
34,D346JS3BM,detail_image,1,products/34_D346JS3BM_Set-2-Becuri-LED-Auto-D1S-Excitat-110W-12.000-Lumeni-6500k-Becuri-Faruri-Conversie-HID-L/detail_images/01_50603ecf.gif,https://i.postimg.cc/zfvcjbzD/detail-a8659a70-9212-11f0-a945-751e56ff4634.gif,568,236,5474781,"Set 2 Becuri LED Auto D1S, Excitat®, 110W, 12.000 Lumeni, 6500k, Becuri Faruri Conversie HID-Led, Conversie de la Xenon la LED Plug&Play, Canbus, Miez Cupru, Radiator Aluminiu Silentios, Calitate Premium"
34,D346JS3BM,detail_image,2,products/34_D346JS3BM_Set-2-Becuri-LED-Auto-D1S-Excitat-110W-12.000-Lumeni-6500k-Becuri-Faruri-Conversie-HID-L/detail_images/02_d5e8f558.jpg,https://i.postimg.cc/bYKvPqXx/detail-87ac1814-921b-11f0-a945-751e56ff4634.jpg,0,0,151463,"Set 2 Becuri LED Auto D1S, Excitat®, 110W, 12.000 Lumeni, 6500k, Becuri Faruri Conversie HID-Led, Conversie de la Xenon la LED Plug&Play, Canbus, Miez Cupru, Radiator Aluminiu Silentios, Calitate Premium"
34,D346JS3BM,detail_image,3,products/34_D346JS3BM_Set-2-Becuri-LED-Auto-D1S-Excitat-110W-12.000-Lumeni-6500k-Becuri-Faruri-Conversie-HID-L/detail_images/03_4582a48a.jpg,https://i.postimg.cc/BQKGBFV2/detail-23bc4ed6-920f-11f0-a945-751e56ff4634.jpg,0,0,195565,"Set 2 Becuri LED Auto D1S, Excitat®, 110W, 12.000 Lumeni, 6500k, Becuri Faruri Conversie HID-Led, Conversie de la Xenon la LED Plug&Play, Canbus, Miez Cupru, Radiator Aluminiu Silentios, Calitate Premium"
34,D346JS3BM,detail_image,4,products/34_D346JS3BM_Set-2-Becuri-LED-Auto-D1S-Excitat-110W-12.000-Lumeni-6500k-Becuri-Faruri-Conversie-HID-L/detail_images/04_561a53e8.jpg,https://i.postimg.cc/dVRPzYFb/detail-23bc4ed8-920f-11f0-a945-751e56ff4634.jpg,0,0,151009,"Set 2 Becuri LED Auto D1S, Excitat®, 110W, 12.000 Lumeni, 6500k, Becuri Faruri Conversie HID-Led, Conversie de la Xenon la LED Plug&Play, Canbus, Miez Cupru, Radiator Aluminiu Silentios, Calitate Premium"
34,D346JS3BM,detail_image,5,products/34_D346JS3BM_Set-2-Becuri-LED-Auto-D1S-Excitat-110W-12.000-Lumeni-6500k-Becuri-Faruri-Conversie-HID-L/detail_images/05_01daa9ae.jpg,https://i.postimg.cc/Y995GLFC/detail-23bc4edb-920f-11f0-a945-751e56ff4634.jpg,0,0,224391,"Set 2 Becuri LED Auto D1S, Excitat®, 110W, 12.000 Lumeni, 6500k, Becuri Faruri Conversie HID-Led, Conversie de la Xenon la LED Plug&Play, Canbus, Miez Cupru, Radiator Aluminiu Silentios, Calitate Premium"
34,D346JS3BM,detail_image,6,products/34_D346JS3BM_Set-2-Becuri-LED-Auto-D1S-Excitat-110W-12.000-Lumeni-6500k-Becuri-Faruri-Conversie-HID-L/detail_images/06_01bbc824.jpg,https://i.postimg.cc/v81mCcKD/detail-8f46de0a-9217-11f0-a945-751e56ff4634.jpg,0,0,181089,"Set 2 Becuri LED Auto D1S, Excitat®, 110W, 12.000 Lumeni, 6500k, Becuri Faruri Conversie HID-Led, Conversie de la Xenon la LED Plug&Play, Canbus, Miez Cupru, Radiator Aluminiu Silentios, Calitate Premium"
34,D346JS3BM,detail_image,7,products/34_D346JS3BM_Set-2-Becuri-LED-Auto-D1S-Excitat-110W-12.000-Lumeni-6500k-Becuri-Faruri-Conversie-HID-L/detail_images/07_9b792aeb.jpg,https://i.postimg.cc/3wnMxFdq/detail-23bc4eda-920f-11f0-a945-751e56ff4634.jpg,0,0,227975,"Set 2 Becuri LED Auto D1S, Excitat®, 110W, 12.000 Lumeni, 6500k, Becuri Faruri Conversie HID-Led, Conversie de la Xenon la LED Plug&Play, Canbus, Miez Cupru, Radiator Aluminiu Silentios, Calitate Premium"
34,D346JS3BM,detail_image,8,products/34_D346JS3BM_Set-2-Becuri-LED-Auto-D1S-Excitat-110W-12.000-Lumeni-6500k-Becuri-Faruri-Conversie-HID-L/detail_images/08_d7524e0a.jpg,https://i.postimg.cc/Hk11ZLqZ/detail-23bc4ed7-920f-11f0-a945-751e56ff4634.jpg,0,0,208392,"Set 2 Becuri LED Auto D1S, Excitat®, 110W, 12.000 Lumeni, 6500k, Becuri Faruri Conversie HID-Led, Conversie de la Xenon la LED Plug&Play, Canbus, Miez Cupru, Radiator Aluminiu Silentios, Calitate Premium"
34,D346JS3BM,detail_image,9,products/34_D346JS3BM_Set-2-Becuri-LED-Auto-D1S-Excitat-110W-12.000-Lumeni-6500k-Becuri-Faruri-Conversie-HID-L/detail_images/09_befbf3a0.jpg,https://i.postimg.cc/FsLQVSBH/detail-23bc4ed5-920f-11f0-a945-751e56ff4634.jpg,0,0,126189,"Set 2 Becuri LED Auto D1S, Excitat®, 110W, 12.000 Lumeni, 6500k, Becuri Faruri Conversie HID-Led, Conversie de la Xenon la LED Plug&Play, Canbus, Miez Cupru, Radiator Aluminiu Silentios, Calitate Premium"
34,D346JS3BM,detail_image,10,products/34_D346JS3BM_Set-2-Becuri-LED-Auto-D1S-Excitat-110W-12.000-Lumeni-6500k-Becuri-Faruri-Conversie-HID-L/detail_images/10_9f0944ff.jpg,https://i.postimg.cc/tRfj6k27/detail-23bc4ed4-920f-11f0-a945-751e56ff4634.jpg,0,0,73121,"Set 2 Becuri LED Auto D1S, Excitat®, 110W, 12.000 Lumeni, 6500k, Becuri Faruri Conversie HID-Led, Conversie de la Xenon la LED Plug&Play, Canbus, Miez Cupru, Radiator Aluminiu Silentios, Calitate Premium"
34,D346JS3BM,detail_image,11,products/34_D346JS3BM_Set-2-Becuri-LED-Auto-D1S-Excitat-110W-12.000-Lumeni-6500k-Becuri-Faruri-Conversie-HID-L/detail_images/11_034d0d71.jpg,https://i.postimg.cc/fW3b1Jrp/detail-4b057f06-9214-11f0-a945-751e56ff4634.jpg,0,0,131610,"Set 2 Becuri LED Auto D1S, Excitat®, 110W, 12.000 Lumeni, 6500k, Becuri Faruri Conversie HID-Led, Conversie de la Xenon la LED Plug&Play, Canbus, Miez Cupru, Radiator Aluminiu Silentios, Calitate Premium"
35,D0RH0S3BM,main_gallery,1,products/35_D0RH0S3BM_Espressor-Portabil-Reincarcabil-Excitat-Incalzire-Automata-pana-la-90C-compatibil-capsul/main_gallery/01_6513fead.jpg,https://s13emagst.akamaized.net/products/101897/101896576/images/res_6c852ed0ae3d11b2037224dac34b97ae.jpg,80,80,322000,"Espressor Portabil Reincarcabil, Excitat®, Incalzire Automata, pana la 90°C, compatibil capsule mari, capsule mici si cafea macinata, incarcare USB-C, baterie 7500mAh, presiune 20 bar, rezervor apa 80 ml, pentru birou, masina, camping, drumetii, Negru"
35,D0RH0S3BM,main_gallery,2,products/35_D0RH0S3BM_Espressor-Portabil-Reincarcabil-Excitat-Incalzire-Automata-pana-la-90C-compatibil-capsul/main_gallery/02_13c2c69e.jpg,https://s13emagst.akamaized.net/products/101897/101896576/images/res_5d595e26213e4e6a3270e835ce4e0175.jpg,80,80,211011,"Espressor Portabil Reincarcabil, Excitat®, Incalzire Automata, pana la 90°C, compatibil capsule mari, capsule mici si cafea macinata, incarcare USB-C, baterie 7500mAh, presiune 20 bar, rezervor apa 80 ml, pentru birou, masina, camping, drumetii, Negru"
35,D0RH0S3BM,main_gallery,3,products/35_D0RH0S3BM_Espressor-Portabil-Reincarcabil-Excitat-Incalzire-Automata-pana-la-90C-compatibil-capsul/main_gallery/03_0f67e2e9.jpg,https://s13emagst.akamaized.net/products/101897/101896576/images/res_e900429189fe70f75f3a9639b32c6fe0.jpg,80,80,255240,"Espressor Portabil Reincarcabil, Excitat®, Incalzire Automata, pana la 90°C, compatibil capsule mari, capsule mici si cafea macinata, incarcare USB-C, baterie 7500mAh, presiune 20 bar, rezervor apa 80 ml, pentru birou, masina, camping, drumetii, Negru"
35,D0RH0S3BM,main_gallery,4,products/35_D0RH0S3BM_Espressor-Portabil-Reincarcabil-Excitat-Incalzire-Automata-pana-la-90C-compatibil-capsul/main_gallery/04_2d307454.jpg,https://s13emagst.akamaized.net/products/101897/101896576/images/res_7997053901f6e3c3d0bdb4c93ba58580.jpg,80,80,241133,"Espressor Portabil Reincarcabil, Excitat®, Incalzire Automata, pana la 90°C, compatibil capsule mari, capsule mici si cafea macinata, incarcare USB-C, baterie 7500mAh, presiune 20 bar, rezervor apa 80 ml, pentru birou, masina, camping, drumetii, Negru"
35,D0RH0S3BM,main_gallery,5,products/35_D0RH0S3BM_Espressor-Portabil-Reincarcabil-Excitat-Incalzire-Automata-pana-la-90C-compatibil-capsul/main_gallery/05_0cfa8f62.jpg,https://s13emagst.akamaized.net/products/101897/101896576/images/res_89d39ef8bc0edf2532613203e4076751.jpg,80,80,257710,"Espressor Portabil Reincarcabil, Excitat®, Incalzire Automata, pana la 90°C, compatibil capsule mari, capsule mici si cafea macinata, incarcare USB-C, baterie 7500mAh, presiune 20 bar, rezervor apa 80 ml, pentru birou, masina, camping, drumetii, Negru"
35,D0RH0S3BM,main_gallery,6,products/35_D0RH0S3BM_Espressor-Portabil-Reincarcabil-Excitat-Incalzire-Automata-pana-la-90C-compatibil-capsul/main_gallery/06_1c548a57.jpg,https://s13emagst.akamaized.net/products/101897/101896576/images/res_e4aae10eea970a058e90617d92540fb7.jpg,80,80,304266,"Espressor Portabil Reincarcabil, Excitat®, Incalzire Automata, pana la 90°C, compatibil capsule mari, capsule mici si cafea macinata, incarcare USB-C, baterie 7500mAh, presiune 20 bar, rezervor apa 80 ml, pentru birou, masina, camping, drumetii, Negru"
35,D0RH0S3BM,main_gallery,7,products/35_D0RH0S3BM_Espressor-Portabil-Reincarcabil-Excitat-Incalzire-Automata-pana-la-90C-compatibil-capsul/main_gallery/07_ae432653.jpg,https://s13emagst.akamaized.net/products/101897/101896576/images/res_733b414d010b36b39557814cabf8a205.jpg,80,80,261851,"Espressor Portabil Reincarcabil, Excitat®, Incalzire Automata, pana la 90°C, compatibil capsule mari, capsule mici si cafea macinata, incarcare USB-C, baterie 7500mAh, presiune 20 bar, rezervor apa 80 ml, pentru birou, masina, camping, drumetii, Negru"
35,D0RH0S3BM,main_gallery,8,products/35_D0RH0S3BM_Espressor-Portabil-Reincarcabil-Excitat-Incalzire-Automata-pana-la-90C-compatibil-capsul/main_gallery/08_24daa03d.jpg,https://s13emagst.akamaized.net/products/101897/101896576/images/res_3926a1e29cf605f3117c1ecb8e581b34.jpg,80,80,218127,"Espressor Portabil Reincarcabil, Excitat®, Incalzire Automata, pana la 90°C, compatibil capsule mari, capsule mici si cafea macinata, incarcare USB-C, baterie 7500mAh, presiune 20 bar, rezervor apa 80 ml, pentru birou, masina, camping, drumetii, Negru"
35,D0RH0S3BM,main_gallery,9,products/35_D0RH0S3BM_Espressor-Portabil-Reincarcabil-Excitat-Incalzire-Automata-pana-la-90C-compatibil-capsul/main_gallery/09_cf254d73.jpg,https://s13emagst.akamaized.net/products/101897/101896576/images/res_4a93365e2efdbfef543002aea152be0c.jpg,80,80,233556,"Espressor Portabil Reincarcabil, Excitat®, Incalzire Automata, pana la 90°C, compatibil capsule mari, capsule mici si cafea macinata, incarcare USB-C, baterie 7500mAh, presiune 20 bar, rezervor apa 80 ml, pentru birou, masina, camping, drumetii, Negru"
35,D0RH0S3BM,main_gallery,10,products/35_D0RH0S3BM_Espressor-Portabil-Reincarcabil-Excitat-Incalzire-Automata-pana-la-90C-compatibil-capsul/main_gallery/10_acb0764b.jpg,https://s13emagst.akamaized.net/products/101897/101896576/images/res_d6f4f4c18c3004734e11a2fee54621fe.jpg,80,80,144852,"Espressor Portabil Reincarcabil, Excitat®, Incalzire Automata, pana la 90°C, compatibil capsule mari, capsule mici si cafea macinata, incarcare USB-C, baterie 7500mAh, presiune 20 bar, rezervor apa 80 ml, pentru birou, masina, camping, drumetii, Negru"
35,D0RH0S3BM,main_gallery,11,products/35_D0RH0S3BM_Espressor-Portabil-Reincarcabil-Excitat-Incalzire-Automata-pana-la-90C-compatibil-capsul/main_gallery/11_2bb97bed.jpg,https://s13emagst.akamaized.net/products/101897/101896576/images/res_b7a20327cc53514781bc6743ae475d9e.jpg,80,80,199222,"Espressor Portabil Reincarcabil, Excitat®, Incalzire Automata, pana la 90°C, compatibil capsule mari, capsule mici si cafea macinata, incarcare USB-C, baterie 7500mAh, presiune 20 bar, rezervor apa 80 ml, pentru birou, masina, camping, drumetii, Negru"
35,D0RH0S3BM,main_gallery,12,products/35_D0RH0S3BM_Espressor-Portabil-Reincarcabil-Excitat-Incalzire-Automata-pana-la-90C-compatibil-capsul/main_gallery/12_9a961278.jpg,https://s13emagst.akamaized.net/products/101897/101896576/images/res_32ca5b15f2fb31a43c27a17aae5b3635.jpg,80,80,137110,"Espressor Portabil Reincarcabil, Excitat®, Incalzire Automata, pana la 90°C, compatibil capsule mari, capsule mici si cafea macinata, incarcare USB-C, baterie 7500mAh, presiune 20 bar, rezervor apa 80 ml, pentru birou, masina, camping, drumetii, Negru"
35,D0RH0S3BM,main_gallery,13,products/35_D0RH0S3BM_Espressor-Portabil-Reincarcabil-Excitat-Incalzire-Automata-pana-la-90C-compatibil-capsul/main_gallery/13_581a7e39.jpg,https://s13emagst.akamaized.net/products/101897/101896576/images/res_9d89b7eadbdcbf18617112763505d48d.jpg,80,80,233808,"Espressor Portabil Reincarcabil, Excitat®, Incalzire Automata, pana la 90°C, compatibil capsule mari, capsule mici si cafea macinata, incarcare USB-C, baterie 7500mAh, presiune 20 bar, rezervor apa 80 ml, pentru birou, masina, camping, drumetii, Negru"
35,D0RH0S3BM,main_gallery,14,products/35_D0RH0S3BM_Espressor-Portabil-Reincarcabil-Excitat-Incalzire-Automata-pana-la-90C-compatibil-capsul/main_gallery/14_ac03caa6.jpg,https://s13emagst.akamaized.net/products/101897/101896576/images/res_40ebbb59dbe2a7330c48188967ebf363.jpg,80,80,176956,"Espressor Portabil Reincarcabil, Excitat®, Incalzire Automata, pana la 90°C, compatibil capsule mari, capsule mici si cafea macinata, incarcare USB-C, baterie 7500mAh, presiune 20 bar, rezervor apa 80 ml, pentru birou, masina, camping, drumetii, Negru"
35,D0RH0S3BM,main_gallery,15,products/35_D0RH0S3BM_Espressor-Portabil-Reincarcabil-Excitat-Incalzire-Automata-pana-la-90C-compatibil-capsul/main_gallery/15_5967bb87.jpg,https://s13emagst.akamaized.net/products/101897/101896576/images/res_d307913e1c476ec91fc1dfd7b4543196.jpg,80,80,143537,"Espressor Portabil Reincarcabil, Excitat®, Incalzire Automata, pana la 90°C, compatibil capsule mari, capsule mici si cafea macinata, incarcare USB-C, baterie 7500mAh, presiune 20 bar, rezervor apa 80 ml, pentru birou, masina, camping, drumetii, Negru"
35,D0RH0S3BM,main_gallery,16,products/35_D0RH0S3BM_Espressor-Portabil-Reincarcabil-Excitat-Incalzire-Automata-pana-la-90C-compatibil-capsul/main_gallery/16_babc1f08.jpg,https://s13emagst.akamaized.net/products/101897/101896576/images/res_500f789954324fa816d2fabd72728f41.jpg,80,80,160107,"Espressor Portabil Reincarcabil, Excitat®, Incalzire Automata, pana la 90°C, compatibil capsule mari, capsule mici si cafea macinata, incarcare USB-C, baterie 7500mAh, presiune 20 bar, rezervor apa 80 ml, pentru birou, masina, camping, drumetii, Negru"
35,D0RH0S3BM,main_gallery,17,products/35_D0RH0S3BM_Espressor-Portabil-Reincarcabil-Excitat-Incalzire-Automata-pana-la-90C-compatibil-capsul/main_gallery/17_b8b48c27.jpg,https://s13emagst.akamaized.net/products/101897/101896576/images/res_c2f85cf07e9cd8398deccc6adcb386b4.jpg,80,80,161437,"Espressor Portabil Reincarcabil, Excitat®, Incalzire Automata, pana la 90°C, compatibil capsule mari, capsule mici si cafea macinata, incarcare USB-C, baterie 7500mAh, presiune 20 bar, rezervor apa 80 ml, pentru birou, masina, camping, drumetii, Negru"
35,D0RH0S3BM,main_gallery,18,products/35_D0RH0S3BM_Espressor-Portabil-Reincarcabil-Excitat-Incalzire-Automata-pana-la-90C-compatibil-capsul/main_gallery/18_09560258.jpg,https://s13emagst.akamaized.net/products/101897/101896576/images/res_357c6487050aef00b5c348f5f3752dfd.jpg,80,80,133372,"Espressor Portabil Reincarcabil, Excitat®, Incalzire Automata, pana la 90°C, compatibil capsule mari, capsule mici si cafea macinata, incarcare USB-C, baterie 7500mAh, presiune 20 bar, rezervor apa 80 ml, pentru birou, masina, camping, drumetii, Negru"
35,D0RH0S3BM,main_gallery,19,products/35_D0RH0S3BM_Espressor-Portabil-Reincarcabil-Excitat-Incalzire-Automata-pana-la-90C-compatibil-capsul/main_gallery/19_12acf46d.jpg,https://s13emagst.akamaized.net/products/101897/101896576/images/res_f21583a088806b9101bb7dcdc0d3820a.jpg,80,80,190866,"Espressor Portabil Reincarcabil, Excitat®, Incalzire Automata, pana la 90°C, compatibil capsule mari, capsule mici si cafea macinata, incarcare USB-C, baterie 7500mAh, presiune 20 bar, rezervor apa 80 ml, pentru birou, masina, camping, drumetii, Negru"
35,D0RH0S3BM,main_gallery,20,products/35_D0RH0S3BM_Espressor-Portabil-Reincarcabil-Excitat-Incalzire-Automata-pana-la-90C-compatibil-capsul/main_gallery/20_770bc427.jpg,https://s13emagst.akamaized.net/products/101897/101896576/images/res_14fa73a4f5efadeb2c34046ea9e488fb.jpg,80,80,212337,"Espressor Portabil Reincarcabil, Excitat®, Incalzire Automata, pana la 90°C, compatibil capsule mari, capsule mici si cafea macinata, incarcare USB-C, baterie 7500mAh, presiune 20 bar, rezervor apa 80 ml, pentru birou, masina, camping, drumetii, Negru"
35,D0RH0S3BM,detail_image,1,products/35_D0RH0S3BM_Espressor-Portabil-Reincarcabil-Excitat-Incalzire-Automata-pana-la-90C-compatibil-capsul/detail_images/01_f4c5b72d.gif,https://i.postimg.cc/4x8Jk4Jv/57599861.gif,0,0,3223011,"Espressor Portabil Reincarcabil, Excitat®, Incalzire Automata, pana la 90°C, compatibil capsule mari, capsule mici si cafea macinata, incarcare USB-C, baterie 7500mAh, presiune 20 bar, rezervor apa 80 ml, pentru birou, masina, camping, drumetii, Negru"
35,D0RH0S3BM,detail_image,2,products/35_D0RH0S3BM_Espressor-Portabil-Reincarcabil-Excitat-Incalzire-Automata-pana-la-90C-compatibil-capsul/detail_images/02_baec4271.jpg,https://i.postimg.cc/rm3PDnc3/detail-273fed83-8d63-11f0-a945-751e56ff4634.jpg,0,0,230237,"Espressor Portabil Reincarcabil, Excitat®, Incalzire Automata, pana la 90°C, compatibil capsule mari, capsule mici si cafea macinata, incarcare USB-C, baterie 7500mAh, presiune 20 bar, rezervor apa 80 ml, pentru birou, masina, camping, drumetii, Negru"
35,D0RH0S3BM,detail_image,3,products/35_D0RH0S3BM_Espressor-Portabil-Reincarcabil-Excitat-Incalzire-Automata-pana-la-90C-compatibil-capsul/detail_images/03_9eed9683.jpg,https://i.postimg.cc/9MrkF53g/detail-273fed82-8d63-11f0-a945-751e56ff4634.jpg,0,0,139762,"Espressor Portabil Reincarcabil, Excitat®, Incalzire Automata, pana la 90°C, compatibil capsule mari, capsule mici si cafea macinata, incarcare USB-C, baterie 7500mAh, presiune 20 bar, rezervor apa 80 ml, pentru birou, masina, camping, drumetii, Negru"
35,D0RH0S3BM,detail_image,4,products/35_D0RH0S3BM_Espressor-Portabil-Reincarcabil-Excitat-Incalzire-Automata-pana-la-90C-compatibil-capsul/detail_images/04_cf299957.jpg,https://i.postimg.cc/B6XzQ9W6/detail-273fed81-8d63-11f0-a945-751e56ff4634.jpg,0,0,131931,"Espressor Portabil Reincarcabil, Excitat®, Incalzire Automata, pana la 90°C, compatibil capsule mari, capsule mici si cafea macinata, incarcare USB-C, baterie 7500mAh, presiune 20 bar, rezervor apa 80 ml, pentru birou, masina, camping, drumetii, Negru"
35,D0RH0S3BM,detail_image,5,products/35_D0RH0S3BM_Espressor-Portabil-Reincarcabil-Excitat-Incalzire-Automata-pana-la-90C-compatibil-capsul/detail_images/05_042e718d.jpg,https://i.postimg.cc/KY9V2cWy/detail-273fed7f-8d63-11f0-a945-751e56ff4634.jpg,0,0,100541,"Espressor Portabil Reincarcabil, Excitat®, Incalzire Automata, pana la 90°C, compatibil capsule mari, capsule mici si cafea macinata, incarcare USB-C, baterie 7500mAh, presiune 20 bar, rezervor apa 80 ml, pentru birou, masina, camping, drumetii, Negru"
35,D0RH0S3BM,detail_image,6,products/35_D0RH0S3BM_Espressor-Portabil-Reincarcabil-Excitat-Incalzire-Automata-pana-la-90C-compatibil-capsul/detail_images/06_71c92aa4.jpg,https://i.postimg.cc/BnBkmBc0/detail-273fed7c-8d63-11f0-a945-751e56ff4634.jpg,0,0,87220,"Espressor Portabil Reincarcabil, Excitat®, Incalzire Automata, pana la 90°C, compatibil capsule mari, capsule mici si cafea macinata, incarcare USB-C, baterie 7500mAh, presiune 20 bar, rezervor apa 80 ml, pentru birou, masina, camping, drumetii, Negru"
35,D0RH0S3BM,detail_image,7,products/35_D0RH0S3BM_Espressor-Portabil-Reincarcabil-Excitat-Incalzire-Automata-pana-la-90C-compatibil-capsul/detail_images/07_4506d020.jpg,https://i.postimg.cc/Pqfc9v2R/detail-273fed7e-8d63-11f0-a945-751e56ff4634.jpg,0,0,74201,"Espressor Portabil Reincarcabil, Excitat®, Incalzire Automata, pana la 90°C, compatibil capsule mari, capsule mici si cafea macinata, incarcare USB-C, baterie 7500mAh, presiune 20 bar, rezervor apa 80 ml, pentru birou, masina, camping, drumetii, Negru"
35,D0RH0S3BM,detail_image,8,products/35_D0RH0S3BM_Espressor-Portabil-Reincarcabil-Excitat-Incalzire-Automata-pana-la-90C-compatibil-capsul/detail_images/08_558afab2.jpg,https://i.postimg.cc/7Zkj1Wzt/detail-273fed7a-8d63-11f0-a945-751e56ff4634.jpg,0,0,78571,"Espressor Portabil Reincarcabil, Excitat®, Incalzire Automata, pana la 90°C, compatibil capsule mari, capsule mici si cafea macinata, incarcare USB-C, baterie 7500mAh, presiune 20 bar, rezervor apa 80 ml, pentru birou, masina, camping, drumetii, Negru"
35,D0RH0S3BM,detail_image,9,products/35_D0RH0S3BM_Espressor-Portabil-Reincarcabil-Excitat-Incalzire-Automata-pana-la-90C-compatibil-capsul/detail_images/09_7c648df7.jpg,https://i.postimg.cc/0Nt3s54Q/detail-273fed80-8d63-11f0-a945-751e56ff4634.jpg,0,0,93800,"Espressor Portabil Reincarcabil, Excitat®, Incalzire Automata, pana la 90°C, compatibil capsule mari, capsule mici si cafea macinata, incarcare USB-C, baterie 7500mAh, presiune 20 bar, rezervor apa 80 ml, pentru birou, masina, camping, drumetii, Negru"
35,D0RH0S3BM,detail_image,10,products/35_D0RH0S3BM_Espressor-Portabil-Reincarcabil-Excitat-Incalzire-Automata-pana-la-90C-compatibil-capsul/detail_images/10_2055069f.jpg,https://i.postimg.cc/g2W1yTR9/detail-273fed7b-8d63-11f0-a945-751e56ff4634.jpg,0,0,65415,"Espressor Portabil Reincarcabil, Excitat®, Incalzire Automata, pana la 90°C, compatibil capsule mari, capsule mici si cafea macinata, incarcare USB-C, baterie 7500mAh, presiune 20 bar, rezervor apa 80 ml, pentru birou, masina, camping, drumetii, Negru"
35,D0RH0S3BM,detail_image,11,products/35_D0RH0S3BM_Espressor-Portabil-Reincarcabil-Excitat-Incalzire-Automata-pana-la-90C-compatibil-capsul/detail_images/11_ff30ac84.jpg,https://i.postimg.cc/s2f8qGwW/detail-273fed7d-8d63-11f0-a945-751e56ff4634.jpg,0,0,111448,"Espressor Portabil Reincarcabil, Excitat®, Incalzire Automata, pana la 90°C, compatibil capsule mari, capsule mici si cafea macinata, incarcare USB-C, baterie 7500mAh, presiune 20 bar, rezervor apa 80 ml, pentru birou, masina, camping, drumetii, Negru"
35,D0RH0S3BM,detail_image,12,products/35_D0RH0S3BM_Espressor-Portabil-Reincarcabil-Excitat-Incalzire-Automata-pana-la-90C-compatibil-capsul/detail_images/12_f154ad62.jpg,https://i.postimg.cc/tCPLxjs8/detail-273fed79-8d63-11f0-a945-751e56ff4634.jpg,0,0,54471,"Espressor Portabil Reincarcabil, Excitat®, Incalzire Automata, pana la 90°C, compatibil capsule mari, capsule mici si cafea macinata, incarcare USB-C, baterie 7500mAh, presiune 20 bar, rezervor apa 80 ml, pentru birou, masina, camping, drumetii, Negru"
35,D0RH0S3BM,detail_image,13,products/35_D0RH0S3BM_Espressor-Portabil-Reincarcabil-Excitat-Incalzire-Automata-pana-la-90C-compatibil-capsul/detail_images/13_716ddf5c.jpg,https://i.postimg.cc/rFWvrkDz/detail-273fed78-8d63-11f0-a945-751e56ff4634.jpg,0,0,52744,"Espressor Portabil Reincarcabil, Excitat®, Incalzire Automata, pana la 90°C, compatibil capsule mari, capsule mici si cafea macinata, incarcare USB-C, baterie 7500mAh, presiune 20 bar, rezervor apa 80 ml, pentru birou, masina, camping, drumetii, Negru"
36,D263HS3BM,main_gallery,1,products/36_D263HS3BM_Caine-robot-inteligent-Excitat-Caine-Robot-Razboinic-cu-Telecomanda-Programabil-Interact/main_gallery/01_d09d8c48.jpg,https://s13emagst.akamaized.net/products/101919/101918735/images/res_5e3a2839f2191c319ec1ca2168284c69.jpg,80,80,240917,"Caine robot inteligent, Excitat®, Caine Robot Razboinic, cu Telecomanda, Programabil, Interactiv, Cu Tun ce Trage Gloante Soft si Produce Ceata, 2 Moduri de Atac, 28cm, 3 ani+, ABS, Argintiu"
36,D263HS3BM,main_gallery,2,products/36_D263HS3BM_Caine-robot-inteligent-Excitat-Caine-Robot-Razboinic-cu-Telecomanda-Programabil-Interact/main_gallery/02_d5228be0.jpg,https://s13emagst.akamaized.net/products/101919/101918735/images/res_7d6c91b787f7b6454769a9956d74e04d.jpg,80,80,257722,"Caine robot inteligent, Excitat®, Caine Robot Razboinic, cu Telecomanda, Programabil, Interactiv, Cu Tun ce Trage Gloante Soft si Produce Ceata, 2 Moduri de Atac, 28cm, 3 ani+, ABS, Argintiu"
36,D263HS3BM,main_gallery,3,products/36_D263HS3BM_Caine-robot-inteligent-Excitat-Caine-Robot-Razboinic-cu-Telecomanda-Programabil-Interact/main_gallery/03_d78250c9.jpg,https://s13emagst.akamaized.net/products/101919/101918735/images/res_b903ad2aeb46b83eb2d9f72cbb7e4a93.jpg,80,80,199864,"Caine robot inteligent, Excitat®, Caine Robot Razboinic, cu Telecomanda, Programabil, Interactiv, Cu Tun ce Trage Gloante Soft si Produce Ceata, 2 Moduri de Atac, 28cm, 3 ani+, ABS, Argintiu"
36,D263HS3BM,main_gallery,4,products/36_D263HS3BM_Caine-robot-inteligent-Excitat-Caine-Robot-Razboinic-cu-Telecomanda-Programabil-Interact/main_gallery/04_270bdefa.jpg,https://s13emagst.akamaized.net/products/101919/101918735/images/res_3d324fd9b6fadaf7c2fa5a4c8586b2e2.jpg,80,80,206714,"Caine robot inteligent, Excitat®, Caine Robot Razboinic, cu Telecomanda, Programabil, Interactiv, Cu Tun ce Trage Gloante Soft si Produce Ceata, 2 Moduri de Atac, 28cm, 3 ani+, ABS, Argintiu"
36,D263HS3BM,main_gallery,5,products/36_D263HS3BM_Caine-robot-inteligent-Excitat-Caine-Robot-Razboinic-cu-Telecomanda-Programabil-Interact/main_gallery/05_6ded1f8c.jpg,https://s13emagst.akamaized.net/products/101919/101918735/images/res_70b01c577196a057cf435ba322656a0a.jpg,80,80,236015,"Caine robot inteligent, Excitat®, Caine Robot Razboinic, cu Telecomanda, Programabil, Interactiv, Cu Tun ce Trage Gloante Soft si Produce Ceata, 2 Moduri de Atac, 28cm, 3 ani+, ABS, Argintiu"
36,D263HS3BM,main_gallery,6,products/36_D263HS3BM_Caine-robot-inteligent-Excitat-Caine-Robot-Razboinic-cu-Telecomanda-Programabil-Interact/main_gallery/06_c15e0dc2.jpg,https://s13emagst.akamaized.net/products/101919/101918735/images/res_83ec70772b09239027d3df140b9cb265.jpg,80,80,235385,"Caine robot inteligent, Excitat®, Caine Robot Razboinic, cu Telecomanda, Programabil, Interactiv, Cu Tun ce Trage Gloante Soft si Produce Ceata, 2 Moduri de Atac, 28cm, 3 ani+, ABS, Argintiu"
36,D263HS3BM,main_gallery,7,products/36_D263HS3BM_Caine-robot-inteligent-Excitat-Caine-Robot-Razboinic-cu-Telecomanda-Programabil-Interact/main_gallery/07_9f96e991.jpg,https://s13emagst.akamaized.net/products/101919/101918735/images/res_1af81de03152335272f8db0cbc15e059.jpg,80,80,222642,"Caine robot inteligent, Excitat®, Caine Robot Razboinic, cu Telecomanda, Programabil, Interactiv, Cu Tun ce Trage Gloante Soft si Produce Ceata, 2 Moduri de Atac, 28cm, 3 ani+, ABS, Argintiu"
36,D263HS3BM,detail_image,1,products/36_D263HS3BM_Caine-robot-inteligent-Excitat-Caine-Robot-Razboinic-cu-Telecomanda-Programabil-Interact/detail_images/01_fdadb7f2.gif,https://i.postimg.cc/Wbgj36sF/57613919.gif,970,400,537530,"Caine robot inteligent, Excitat®, Caine Robot Razboinic, cu Telecomanda, Programabil, Interactiv, Cu Tun ce Trage Gloante Soft si Produce Ceata, 2 Moduri de Atac, 28cm, 3 ani+, ABS, Argintiu"
36,D263HS3BM,detail_image,2,products/36_D263HS3BM_Caine-robot-inteligent-Excitat-Caine-Robot-Razboinic-cu-Telecomanda-Programabil-Interact/detail_images/02_66df5bbb.jpg,https://i.postimg.cc/J7FTx2wL/detail-f59a4187-8ca6-11f0-a945-751e56ff4634.jpg,436,800,114132,"Caine robot inteligent, Excitat®, Caine Robot Razboinic, cu Telecomanda, Programabil, Interactiv, Cu Tun ce Trage Gloante Soft si Produce Ceata, 2 Moduri de Atac, 28cm, 3 ani+, ABS, Argintiu"
36,D263HS3BM,detail_image,3,products/36_D263HS3BM_Caine-robot-inteligent-Excitat-Caine-Robot-Razboinic-cu-Telecomanda-Programabil-Interact/detail_images/03_5f7e2f0a.jpg,https://i.postimg.cc/FsJTBVm9/detail-f59a4188-8ca6-11f0-a945-751e56ff4634.jpg,437,800,120482,"Caine robot inteligent, Excitat®, Caine Robot Razboinic, cu Telecomanda, Programabil, Interactiv, Cu Tun ce Trage Gloante Soft si Produce Ceata, 2 Moduri de Atac, 28cm, 3 ani+, ABS, Argintiu"
36,D263HS3BM,detail_image,4,products/36_D263HS3BM_Caine-robot-inteligent-Excitat-Caine-Robot-Razboinic-cu-Telecomanda-Programabil-Interact/detail_images/04_a65d6798.jpg,https://i.postimg.cc/s2J6Jfzh/detail-f59a417e-8ca6-11f0-a945-751e56ff4634.jpg,602,800,77390,"Caine robot inteligent, Excitat®, Caine Robot Razboinic, cu Telecomanda, Programabil, Interactiv, Cu Tun ce Trage Gloante Soft si Produce Ceata, 2 Moduri de Atac, 28cm, 3 ani+, ABS, Argintiu"
36,D263HS3BM,detail_image,5,products/36_D263HS3BM_Caine-robot-inteligent-Excitat-Caine-Robot-Razboinic-cu-Telecomanda-Programabil-Interact/detail_images/05_08089ebe.jpg,https://i.postimg.cc/t4QBQnCF/detail-f59a418a-8ca6-11f0-a945-751e56ff4634.jpg,357,800,105286,"Caine robot inteligent, Excitat®, Caine Robot Razboinic, cu Telecomanda, Programabil, Interactiv, Cu Tun ce Trage Gloante Soft si Produce Ceata, 2 Moduri de Atac, 28cm, 3 ani+, ABS, Argintiu"
36,D263HS3BM,detail_image,6,products/36_D263HS3BM_Caine-robot-inteligent-Excitat-Caine-Robot-Razboinic-cu-Telecomanda-Programabil-Interact/detail_images/06_4ee7b181.jpg,https://i.postimg.cc/90sJfrdL/detail-f59a4184-8ca6-11f0-a945-751e56ff4634.jpg,361,800,87691,"Caine robot inteligent, Excitat®, Caine Robot Razboinic, cu Telecomanda, Programabil, Interactiv, Cu Tun ce Trage Gloante Soft si Produce Ceata, 2 Moduri de Atac, 28cm, 3 ani+, ABS, Argintiu"
36,D263HS3BM,detail_image,7,products/36_D263HS3BM_Caine-robot-inteligent-Excitat-Caine-Robot-Razboinic-cu-Telecomanda-Programabil-Interact/detail_images/07_af081845.jpg,https://i.postimg.cc/nzcdS8V6/detail-f59a4180-8ca6-11f0-a945-751e56ff4634.jpg,592,800,125892,"Caine robot inteligent, Excitat®, Caine Robot Razboinic, cu Telecomanda, Programabil, Interactiv, Cu Tun ce Trage Gloante Soft si Produce Ceata, 2 Moduri de Atac, 28cm, 3 ani+, ABS, Argintiu"
36,D263HS3BM,detail_image,8,products/36_D263HS3BM_Caine-robot-inteligent-Excitat-Caine-Robot-Razboinic-cu-Telecomanda-Programabil-Interact/detail_images/08_7b9cb7af.jpg,https://i.postimg.cc/pr3qdpQy/detail-f59a4185-8ca6-11f0-a945-751e56ff4634.jpg,335,800,76130,"Caine robot inteligent, Excitat®, Caine Robot Razboinic, cu Telecomanda, Programabil, Interactiv, Cu Tun ce Trage Gloante Soft si Produce Ceata, 2 Moduri de Atac, 28cm, 3 ani+, ABS, Argintiu"
36,D263HS3BM,detail_image,9,products/36_D263HS3BM_Caine-robot-inteligent-Excitat-Caine-Robot-Razboinic-cu-Telecomanda-Programabil-Interact/detail_images/09_0e0f3ef1.jpg,https://i.postimg.cc/0NCWC5vZ/detail-f59a417f-8ca6-11f0-a945-751e56ff4634.jpg,488,800,82312,"Caine robot inteligent, Excitat®, Caine Robot Razboinic, cu Telecomanda, Programabil, Interactiv, Cu Tun ce Trage Gloante Soft si Produce Ceata, 2 Moduri de Atac, 28cm, 3 ani+, ABS, Argintiu"
36,D263HS3BM,detail_image,10,products/36_D263HS3BM_Caine-robot-inteligent-Excitat-Caine-Robot-Razboinic-cu-Telecomanda-Programabil-Interact/detail_images/10_a76cbcaa.jpg,https://i.postimg.cc/SQPZdtB1/detail-f59a4186-8ca6-11f0-a945-751e56ff4634.jpg,319,800,90845,"Caine robot inteligent, Excitat®, Caine Robot Razboinic, cu Telecomanda, Programabil, Interactiv, Cu Tun ce Trage Gloante Soft si Produce Ceata, 2 Moduri de Atac, 28cm, 3 ani+, ABS, Argintiu"
36,D263HS3BM,detail_image,11,products/36_D263HS3BM_Caine-robot-inteligent-Excitat-Caine-Robot-Razboinic-cu-Telecomanda-Programabil-Interact/detail_images/11_f9852164.jpg,https://i.postimg.cc/CxTcTnL6/detail-f59a418b-8ca6-11f0-a945-751e56ff4634.jpg,294,800,78133,"Caine robot inteligent, Excitat®, Caine Robot Razboinic, cu Telecomanda, Programabil, Interactiv, Cu Tun ce Trage Gloante Soft si Produce Ceata, 2 Moduri de Atac, 28cm, 3 ani+, ABS, Argintiu"
36,D263HS3BM,detail_image,12,products/36_D263HS3BM_Caine-robot-inteligent-Excitat-Caine-Robot-Razboinic-cu-Telecomanda-Programabil-Interact/detail_images/12_69c38f0f.jpg,https://i.postimg.cc/qqN1083D/detail-f59a4183-8ca6-11f0-a945-751e56ff4634.jpg,422,800,81877,"Caine robot inteligent, Excitat®, Caine Robot Razboinic, cu Telecomanda, Programabil, Interactiv, Cu Tun ce Trage Gloante Soft si Produce Ceata, 2 Moduri de Atac, 28cm, 3 ani+, ABS, Argintiu"
36,D263HS3BM,detail_image,13,products/36_D263HS3BM_Caine-robot-inteligent-Excitat-Caine-Robot-Razboinic-cu-Telecomanda-Programabil-Interact/detail_images/13_510bfb60.png,https://i.postimg.cc/BnTMqZXk/detail-3baa92d6-8cbe-11f0-a945-751e56ff4634.png,488,800,379054,"Caine robot inteligent, Excitat®, Caine Robot Razboinic, cu Telecomanda, Programabil, Interactiv, Cu Tun ce Trage Gloante Soft si Produce Ceata, 2 Moduri de Atac, 28cm, 3 ani+, ABS, Argintiu"
36,D263HS3BM,detail_image,14,products/36_D263HS3BM_Caine-robot-inteligent-Excitat-Caine-Robot-Razboinic-cu-Telecomanda-Programabil-Interact/detail_images/14_10c8b406.jpg,https://i.postimg.cc/Qt4fR6HC/detail-f59a4181-8ca6-11f0-a945-751e56ff4634.jpg,542,800,125484,"Caine robot inteligent, Excitat®, Caine Robot Razboinic, cu Telecomanda, Programabil, Interactiv, Cu Tun ce Trage Gloante Soft si Produce Ceata, 2 Moduri de Atac, 28cm, 3 ani+, ABS, Argintiu"
36,D263HS3BM,detail_image,15,products/36_D263HS3BM_Caine-robot-inteligent-Excitat-Caine-Robot-Razboinic-cu-Telecomanda-Programabil-Interact/detail_images/15_914ba64c.jpg,https://i.postimg.cc/Gt4Xrky4/detail-f59a4182-8ca6-11f0-a945-751e56ff4634.jpg,444,800,102631,"Caine robot inteligent, Excitat®, Caine Robot Razboinic, cu Telecomanda, Programabil, Interactiv, Cu Tun ce Trage Gloante Soft si Produce Ceata, 2 Moduri de Atac, 28cm, 3 ani+, ABS, Argintiu"
36,D263HS3BM,detail_image,16,products/36_D263HS3BM_Caine-robot-inteligent-Excitat-Caine-Robot-Razboinic-cu-Telecomanda-Programabil-Interact/detail_images/16_70c0f1ef.jpg,https://i.postimg.cc/R0TsTCmZ/detail-f59a417d-8ca6-11f0-a945-751e56ff4634.jpg,535,800,72635,"Caine robot inteligent, Excitat®, Caine Robot Razboinic, cu Telecomanda, Programabil, Interactiv, Cu Tun ce Trage Gloante Soft si Produce Ceata, 2 Moduri de Atac, 28cm, 3 ani+, ABS, Argintiu"
36,D263HS3BM,detail_image,17,products/36_D263HS3BM_Caine-robot-inteligent-Excitat-Caine-Robot-Razboinic-cu-Telecomanda-Programabil-Interact/detail_images/17_79fa8454.jpg,https://i.postimg.cc/J7BC6cD2/res-435a761563b98c486b13d5cc83fa00fc.jpg,800,800,123886,"Caine robot inteligent, Excitat®, Caine Robot Razboinic, cu Telecomanda, Programabil, Interactiv, Cu Tun ce Trage Gloante Soft si Produce Ceata, 2 Moduri de Atac, 28cm, 3 ani+, ABS, Argintiu"
36,D263HS3BM,detail_image,18,products/36_D263HS3BM_Caine-robot-inteligent-Excitat-Caine-Robot-Razboinic-cu-Telecomanda-Programabil-Interact/detail_images/18_bf461309.jpg,https://i.postimg.cc/W1L5Lqbh/detail-f59a4189-8ca6-11f0-a945-751e56ff4634.jpg,333,800,75859,"Caine robot inteligent, Excitat®, Caine Robot Razboinic, cu Telecomanda, Programabil, Interactiv, Cu Tun ce Trage Gloante Soft si Produce Ceata, 2 Moduri de Atac, 28cm, 3 ani+, ABS, Argintiu"
37,DQ2ZLS3BM,main_gallery,1,products/37_DQ2ZLS3BM_Lampa-UVC-Bactericida-Portabila-Wireless-Excitat-Inrcarcabila-Sterilizare-Rapida-5-10-se/main_gallery/01_cb89e8b6.jpg,https://s13emagst.akamaized.net/products/101827/101826299/images/res_b9fd2f0c466fa7e68bd4bebc0e97dc1e.jpg,80,80,295497,"Lampa UVC Bactericida Portabila Wireless, Excitat®, Inrcarcabila, Sterilizare Rapida 5-10 secunde, 30 LED-uri UVC, Autonomie Max. 2 ore, 1200 mAh, Putere 1.8W, Lungime de unda 270–280 nm, Profesionala, pentru casa, birou, masina si jucarii, Negru"
37,DQ2ZLS3BM,main_gallery,2,products/37_DQ2ZLS3BM_Lampa-UVC-Bactericida-Portabila-Wireless-Excitat-Inrcarcabila-Sterilizare-Rapida-5-10-se/main_gallery/02_7c9f9231.jpg,https://s13emagst.akamaized.net/products/102235/102234211/images/res_9194eb8ee4803042ade50e28b89500c7.jpg,80,80,245656,"Lampa UVC Bactericida Portabila Wireless, Excitat®, Inrcarcabila, Sterilizare Rapida 5-10 secunde, 30 LED-uri UVC, Autonomie Max. 2 ore, 1200 mAh, Putere 1.8W, Lungime de unda 270–280 nm, Profesionala, pentru casa, birou, masina si jucarii, Negru"
37,DQ2ZLS3BM,main_gallery,3,products/37_DQ2ZLS3BM_Lampa-UVC-Bactericida-Portabila-Wireless-Excitat-Inrcarcabila-Sterilizare-Rapida-5-10-se/main_gallery/03_8577c7eb.jpg,https://s13emagst.akamaized.net/products/101827/101826299/images/res_3477694e10f79c27317c7d84a822cf17.jpg,80,80,246013,"Lampa UVC Bactericida Portabila Wireless, Excitat®, Inrcarcabila, Sterilizare Rapida 5-10 secunde, 30 LED-uri UVC, Autonomie Max. 2 ore, 1200 mAh, Putere 1.8W, Lungime de unda 270–280 nm, Profesionala, pentru casa, birou, masina si jucarii, Negru"
37,DQ2ZLS3BM,main_gallery,4,products/37_DQ2ZLS3BM_Lampa-UVC-Bactericida-Portabila-Wireless-Excitat-Inrcarcabila-Sterilizare-Rapida-5-10-se/main_gallery/04_1064e89f.jpg,https://s13emagst.akamaized.net/products/101827/101826299/images/res_c5ccbdc64c62e7774150b74290e51f27.jpg,80,80,164388,"Lampa UVC Bactericida Portabila Wireless, Excitat®, Inrcarcabila, Sterilizare Rapida 5-10 secunde, 30 LED-uri UVC, Autonomie Max. 2 ore, 1200 mAh, Putere 1.8W, Lungime de unda 270–280 nm, Profesionala, pentru casa, birou, masina si jucarii, Negru"
37,DQ2ZLS3BM,main_gallery,5,products/37_DQ2ZLS3BM_Lampa-UVC-Bactericida-Portabila-Wireless-Excitat-Inrcarcabila-Sterilizare-Rapida-5-10-se/main_gallery/05_d23bb6c9.jpg,https://s13emagst.akamaized.net/products/101827/101826299/images/res_ef5a38cd57bc3cb1241d04f152e561a2.jpg,80,80,233700,"Lampa UVC Bactericida Portabila Wireless, Excitat®, Inrcarcabila, Sterilizare Rapida 5-10 secunde, 30 LED-uri UVC, Autonomie Max. 2 ore, 1200 mAh, Putere 1.8W, Lungime de unda 270–280 nm, Profesionala, pentru casa, birou, masina si jucarii, Negru"
37,DQ2ZLS3BM,main_gallery,6,products/37_DQ2ZLS3BM_Lampa-UVC-Bactericida-Portabila-Wireless-Excitat-Inrcarcabila-Sterilizare-Rapida-5-10-se/main_gallery/06_69c739b3.jpg,https://s13emagst.akamaized.net/products/101827/101826299/images/res_89410c709c15316c8fcd4ab389e11d63.jpg,80,80,180452,"Lampa UVC Bactericida Portabila Wireless, Excitat®, Inrcarcabila, Sterilizare Rapida 5-10 secunde, 30 LED-uri UVC, Autonomie Max. 2 ore, 1200 mAh, Putere 1.8W, Lungime de unda 270–280 nm, Profesionala, pentru casa, birou, masina si jucarii, Negru"
37,DQ2ZLS3BM,main_gallery,7,products/37_DQ2ZLS3BM_Lampa-UVC-Bactericida-Portabila-Wireless-Excitat-Inrcarcabila-Sterilizare-Rapida-5-10-se/main_gallery/07_f60deb00.jpg,https://s13emagst.akamaized.net/products/101827/101826299/images/res_ed183e28eca2f96140a562ea29852624.jpg,80,80,202446,"Lampa UVC Bactericida Portabila Wireless, Excitat®, Inrcarcabila, Sterilizare Rapida 5-10 secunde, 30 LED-uri UVC, Autonomie Max. 2 ore, 1200 mAh, Putere 1.8W, Lungime de unda 270–280 nm, Profesionala, pentru casa, birou, masina si jucarii, Negru"
37,DQ2ZLS3BM,main_gallery,8,products/37_DQ2ZLS3BM_Lampa-UVC-Bactericida-Portabila-Wireless-Excitat-Inrcarcabila-Sterilizare-Rapida-5-10-se/main_gallery/08_9ee097e8.jpg,https://s13emagst.akamaized.net/products/101827/101826299/images/res_471b8b7ab69cf25bb32b4f18bbc60634.jpg,80,80,276859,"Lampa UVC Bactericida Portabila Wireless, Excitat®, Inrcarcabila, Sterilizare Rapida 5-10 secunde, 30 LED-uri UVC, Autonomie Max. 2 ore, 1200 mAh, Putere 1.8W, Lungime de unda 270–280 nm, Profesionala, pentru casa, birou, masina si jucarii, Negru"
37,DQ2ZLS3BM,detail_image,1,products/37_DQ2ZLS3BM_Lampa-UVC-Bactericida-Portabila-Wireless-Excitat-Inrcarcabila-Sterilizare-Rapida-5-10-se/detail_images/01_b2f8c35b.gif,https://i.postimg.cc/rmwL4kBs/image.gif,1120,640,6785070,"Lampa UVC Bactericida Portabila Wireless, Excitat®, Inrcarcabila, Sterilizare Rapida 5-10 secunde, 30 LED-uri UVC, Autonomie Max. 2 ore, 1200 mAh, Putere 1.8W, Lungime de unda 270–280 nm, Profesionala, pentru casa, birou, masina si jucarii, Negru"
37,DQ2ZLS3BM,detail_image,2,products/37_DQ2ZLS3BM_Lampa-UVC-Bactericida-Portabila-Wireless-Excitat-Inrcarcabila-Sterilizare-Rapida-5-10-se/detail_images/02_1003072d.jpg,https://i.postimg.cc/fTnBbfWs/fu-dao-tu.jpg,970,600,420716,"Lampa UVC Bactericida Portabila Wireless, Excitat®, Inrcarcabila, Sterilizare Rapida 5-10 secunde, 30 LED-uri UVC, Autonomie Max. 2 ore, 1200 mAh, Putere 1.8W, Lungime de unda 270–280 nm, Profesionala, pentru casa, birou, masina si jucarii, Negru"
37,DQ2ZLS3BM,detail_image,3,products/37_DQ2ZLS3BM_Lampa-UVC-Bactericida-Portabila-Wireless-Excitat-Inrcarcabila-Sterilizare-Rapida-5-10-se/detail_images/03_b10a92ff.jpg,https://i.postimg.cc/wT80BQxm/1.jpg,970,600,62557,"Lampa UVC Bactericida Portabila Wireless, Excitat®, Inrcarcabila, Sterilizare Rapida 5-10 secunde, 30 LED-uri UVC, Autonomie Max. 2 ore, 1200 mAh, Putere 1.8W, Lungime de unda 270–280 nm, Profesionala, pentru casa, birou, masina si jucarii, Negru"
37,DQ2ZLS3BM,detail_image,4,products/37_DQ2ZLS3BM_Lampa-UVC-Bactericida-Portabila-Wireless-Excitat-Inrcarcabila-Sterilizare-Rapida-5-10-se/detail_images/04_9a199057.jpg,https://i.postimg.cc/2jB0mKDd/2.jpg,970,600,484328,"Lampa UVC Bactericida Portabila Wireless, Excitat®, Inrcarcabila, Sterilizare Rapida 5-10 secunde, 30 LED-uri UVC, Autonomie Max. 2 ore, 1200 mAh, Putere 1.8W, Lungime de unda 270–280 nm, Profesionala, pentru casa, birou, masina si jucarii, Negru"
37,DQ2ZLS3BM,detail_image,5,products/37_DQ2ZLS3BM_Lampa-UVC-Bactericida-Portabila-Wireless-Excitat-Inrcarcabila-Sterilizare-Rapida-5-10-se/detail_images/05_dd52f6a0.jpg,https://i.postimg.cc/nVQ3ZPJq/3.jpg,0,0,308453,"Lampa UVC Bactericida Portabila Wireless, Excitat®, Inrcarcabila, Sterilizare Rapida 5-10 secunde, 30 LED-uri UVC, Autonomie Max. 2 ore, 1200 mAh, Putere 1.8W, Lungime de unda 270–280 nm, Profesionala, pentru casa, birou, masina si jucarii, Negru"
37,DQ2ZLS3BM,detail_image,6,products/37_DQ2ZLS3BM_Lampa-UVC-Bactericida-Portabila-Wireless-Excitat-Inrcarcabila-Sterilizare-Rapida-5-10-se/detail_images/06_cb49e104.jpg,https://i.postimg.cc/nVQ3ZPJ4/4.jpg,0,0,464818,"Lampa UVC Bactericida Portabila Wireless, Excitat®, Inrcarcabila, Sterilizare Rapida 5-10 secunde, 30 LED-uri UVC, Autonomie Max. 2 ore, 1200 mAh, Putere 1.8W, Lungime de unda 270–280 nm, Profesionala, pentru casa, birou, masina si jucarii, Negru"
37,DQ2ZLS3BM,detail_image,7,products/37_DQ2ZLS3BM_Lampa-UVC-Bactericida-Portabila-Wireless-Excitat-Inrcarcabila-Sterilizare-Rapida-5-10-se/detail_images/07_64a5a86a.jpg,https://i.postimg.cc/kJYH7StQ/4-fu-ben.jpg,0,0,111436,"Lampa UVC Bactericida Portabila Wireless, Excitat®, Inrcarcabila, Sterilizare Rapida 5-10 secunde, 30 LED-uri UVC, Autonomie Max. 2 ore, 1200 mAh, Putere 1.8W, Lungime de unda 270–280 nm, Profesionala, pentru casa, birou, masina si jucarii, Negru"
37,DQ2ZLS3BM,detail_image,8,products/37_DQ2ZLS3BM_Lampa-UVC-Bactericida-Portabila-Wireless-Excitat-Inrcarcabila-Sterilizare-Rapida-5-10-se/detail_images/08_60932181.jpg,https://i.postimg.cc/X7SQvkN7/5.jpg,0,0,271497,"Lampa UVC Bactericida Portabila Wireless, Excitat®, Inrcarcabila, Sterilizare Rapida 5-10 secunde, 30 LED-uri UVC, Autonomie Max. 2 ore, 1200 mAh, Putere 1.8W, Lungime de unda 270–280 nm, Profesionala, pentru casa, birou, masina si jucarii, Negru"
37,DQ2ZLS3BM,detail_image,9,products/37_DQ2ZLS3BM_Lampa-UVC-Bactericida-Portabila-Wireless-Excitat-Inrcarcabila-Sterilizare-Rapida-5-10-se/detail_images/09_ed422844.gif,https://i.postimg.cc/ZKtVqxYY/9yue18ri-1.gif,0,0,2157755,"Lampa UVC Bactericida Portabila Wireless, Excitat®, Inrcarcabila, Sterilizare Rapida 5-10 secunde, 30 LED-uri UVC, Autonomie Max. 2 ore, 1200 mAh, Putere 1.8W, Lungime de unda 270–280 nm, Profesionala, pentru casa, birou, masina si jucarii, Negru"
38,D718XW3BM,main_gallery,1,products/38_D718XW3BM_Aparat-de-Vidat-si-Sigilat-Alimente-Excitat-120W-75kpa-6-In-1-Functii-UscatUmedVid-Moale/main_gallery/01_c73a3f7b.jpg,https://s13emagst.akamaized.net/products/114008/114007992/images/res_e69b92805ee8512406de47d473531475.jpg,80,80,372429,"Aparat de Vidat si Sigilat Alimente, Excitat®, 120W, 75kpa, 6-In-1, Functii Uscat/Umed/Vid Moale, cu 100 Pungi 17x20cm, 30 cm bara de lipire, Cutter Incorporat, Sterilizare UV, Panou Control Tactil, Gri"
38,D718XW3BM,main_gallery,2,products/38_D718XW3BM_Aparat-de-Vidat-si-Sigilat-Alimente-Excitat-120W-75kpa-6-In-1-Functii-UscatUmedVid-Moale/main_gallery/02_435e62d7.jpg,https://s13emagst.akamaized.net/products/114008/114007992/images/res_dc711395948a6042a3585f48027d67d4.jpg,80,80,462123,"Aparat de Vidat si Sigilat Alimente, Excitat®, 120W, 75kpa, 6-In-1, Functii Uscat/Umed/Vid Moale, cu 100 Pungi 17x20cm, 30 cm bara de lipire, Cutter Incorporat, Sterilizare UV, Panou Control Tactil, Gri"
38,D718XW3BM,main_gallery,3,products/38_D718XW3BM_Aparat-de-Vidat-si-Sigilat-Alimente-Excitat-120W-75kpa-6-In-1-Functii-UscatUmedVid-Moale/main_gallery/03_e27988df.jpg,https://s13emagst.akamaized.net/products/114008/114007992/images/res_96deaa8527c99fe73096094306d644a7.jpg,80,80,396510,"Aparat de Vidat si Sigilat Alimente, Excitat®, 120W, 75kpa, 6-In-1, Functii Uscat/Umed/Vid Moale, cu 100 Pungi 17x20cm, 30 cm bara de lipire, Cutter Incorporat, Sterilizare UV, Panou Control Tactil, Gri"
38,D718XW3BM,main_gallery,4,products/38_D718XW3BM_Aparat-de-Vidat-si-Sigilat-Alimente-Excitat-120W-75kpa-6-In-1-Functii-UscatUmedVid-Moale/main_gallery/04_d0a053d1.jpg,https://s13emagst.akamaized.net/products/114008/114007992/images/res_0edc705458230872fb3e3b8c97be01a6.jpg,80,80,339240,"Aparat de Vidat si Sigilat Alimente, Excitat®, 120W, 75kpa, 6-In-1, Functii Uscat/Umed/Vid Moale, cu 100 Pungi 17x20cm, 30 cm bara de lipire, Cutter Incorporat, Sterilizare UV, Panou Control Tactil, Gri"
38,D718XW3BM,main_gallery,5,products/38_D718XW3BM_Aparat-de-Vidat-si-Sigilat-Alimente-Excitat-120W-75kpa-6-In-1-Functii-UscatUmedVid-Moale/main_gallery/05_69388758.jpg,https://s13emagst.akamaized.net/products/114008/114007992/images/res_1ffb64efeda4f7952240b38701dfa42a.jpg,80,80,365455,"Aparat de Vidat si Sigilat Alimente, Excitat®, 120W, 75kpa, 6-In-1, Functii Uscat/Umed/Vid Moale, cu 100 Pungi 17x20cm, 30 cm bara de lipire, Cutter Incorporat, Sterilizare UV, Panou Control Tactil, Gri"
38,D718XW3BM,main_gallery,6,products/38_D718XW3BM_Aparat-de-Vidat-si-Sigilat-Alimente-Excitat-120W-75kpa-6-In-1-Functii-UscatUmedVid-Moale/main_gallery/06_4d9f01cf.jpg,https://s13emagst.akamaized.net/products/114008/114007992/images/res_3273178095866081efded57507696ef8.jpg,80,80,397424,"Aparat de Vidat si Sigilat Alimente, Excitat®, 120W, 75kpa, 6-In-1, Functii Uscat/Umed/Vid Moale, cu 100 Pungi 17x20cm, 30 cm bara de lipire, Cutter Incorporat, Sterilizare UV, Panou Control Tactil, Gri"
38,D718XW3BM,main_gallery,7,products/38_D718XW3BM_Aparat-de-Vidat-si-Sigilat-Alimente-Excitat-120W-75kpa-6-In-1-Functii-UscatUmedVid-Moale/main_gallery/07_369f3434.jpg,https://s13emagst.akamaized.net/products/114008/114007992/images/res_c9a5e1df4c5ffde4bf048b9ced0273ee.jpg,80,80,235607,"Aparat de Vidat si Sigilat Alimente, Excitat®, 120W, 75kpa, 6-In-1, Functii Uscat/Umed/Vid Moale, cu 100 Pungi 17x20cm, 30 cm bara de lipire, Cutter Incorporat, Sterilizare UV, Panou Control Tactil, Gri"
38,D718XW3BM,main_gallery,8,products/38_D718XW3BM_Aparat-de-Vidat-si-Sigilat-Alimente-Excitat-120W-75kpa-6-In-1-Functii-UscatUmedVid-Moale/main_gallery/08_0fe04fa9.jpg,https://s13emagst.akamaized.net/products/114008/114007992/images/res_1c1980d131e9e3914e13db7059350ad5.jpg,80,80,320638,"Aparat de Vidat si Sigilat Alimente, Excitat®, 120W, 75kpa, 6-In-1, Functii Uscat/Umed/Vid Moale, cu 100 Pungi 17x20cm, 30 cm bara de lipire, Cutter Incorporat, Sterilizare UV, Panou Control Tactil, Gri"
38,D718XW3BM,main_gallery,9,products/38_D718XW3BM_Aparat-de-Vidat-si-Sigilat-Alimente-Excitat-120W-75kpa-6-In-1-Functii-UscatUmedVid-Moale/main_gallery/09_e0187c2d.jpg,https://s13emagst.akamaized.net/products/114008/114007992/images/res_64561ba6808eca5cdcdb9106d6380188.jpg,80,80,214175,"Aparat de Vidat si Sigilat Alimente, Excitat®, 120W, 75kpa, 6-In-1, Functii Uscat/Umed/Vid Moale, cu 100 Pungi 17x20cm, 30 cm bara de lipire, Cutter Incorporat, Sterilizare UV, Panou Control Tactil, Gri"
38,D718XW3BM,detail_image,1,products/38_D718XW3BM_Aparat-de-Vidat-si-Sigilat-Alimente-Excitat-120W-75kpa-6-In-1-Functii-UscatUmedVid-Moale/detail_images/01_044e85df.jpg,https://i.postimg.cc/Rv3Sxd18/dao-tu.jpg,0,0,437498,"Aparat de Vidat si Sigilat Alimente, Excitat®, 120W, 75kpa, 6-In-1, Functii Uscat/Umed/Vid Moale, cu 100 Pungi 17x20cm, 30 cm bara de lipire, Cutter Incorporat, Sterilizare UV, Panou Control Tactil, Gri"
38,D718XW3BM,detail_image,2,products/38_D718XW3BM_Aparat-de-Vidat-si-Sigilat-Alimente-Excitat-120W-75kpa-6-In-1-Functii-UscatUmedVid-Moale/detail_images/02_cb36ed0f.jpg,https://i.postimg.cc/4dv36fPK/1.jpg,0,0,344845,"Aparat de Vidat si Sigilat Alimente, Excitat®, 120W, 75kpa, 6-In-1, Functii Uscat/Umed/Vid Moale, cu 100 Pungi 17x20cm, 30 cm bara de lipire, Cutter Incorporat, Sterilizare UV, Panou Control Tactil, Gri"
38,D718XW3BM,detail_image,3,products/38_D718XW3BM_Aparat-de-Vidat-si-Sigilat-Alimente-Excitat-120W-75kpa-6-In-1-Functii-UscatUmedVid-Moale/detail_images/03_f0098566.jpg,https://i.postimg.cc/L5H8vcQx/2.jpg,0,0,423099,"Aparat de Vidat si Sigilat Alimente, Excitat®, 120W, 75kpa, 6-In-1, Functii Uscat/Umed/Vid Moale, cu 100 Pungi 17x20cm, 30 cm bara de lipire, Cutter Incorporat, Sterilizare UV, Panou Control Tactil, Gri"
38,D718XW3BM,detail_image,4,products/38_D718XW3BM_Aparat-de-Vidat-si-Sigilat-Alimente-Excitat-120W-75kpa-6-In-1-Functii-UscatUmedVid-Moale/detail_images/04_a0033f26.jpg,https://i.postimg.cc/prqXSsgW/3.jpg,0,0,315593,"Aparat de Vidat si Sigilat Alimente, Excitat®, 120W, 75kpa, 6-In-1, Functii Uscat/Umed/Vid Moale, cu 100 Pungi 17x20cm, 30 cm bara de lipire, Cutter Incorporat, Sterilizare UV, Panou Control Tactil, Gri"
38,D718XW3BM,detail_image,5,products/38_D718XW3BM_Aparat-de-Vidat-si-Sigilat-Alimente-Excitat-120W-75kpa-6-In-1-Functii-UscatUmedVid-Moale/detail_images/05_8de1573c.jpg,https://i.postimg.cc/jKVJgwTN/4.jpg,0,0,424935,"Aparat de Vidat si Sigilat Alimente, Excitat®, 120W, 75kpa, 6-In-1, Functii Uscat/Umed/Vid Moale, cu 100 Pungi 17x20cm, 30 cm bara de lipire, Cutter Incorporat, Sterilizare UV, Panou Control Tactil, Gri"
38,D718XW3BM,detail_image,6,products/38_D718XW3BM_Aparat-de-Vidat-si-Sigilat-Alimente-Excitat-120W-75kpa-6-In-1-Functii-UscatUmedVid-Moale/detail_images/06_32461ac4.jpg,https://i.postimg.cc/2mpBcbYT/5.jpg,0,0,535633,"Aparat de Vidat si Sigilat Alimente, Excitat®, 120W, 75kpa, 6-In-1, Functii Uscat/Umed/Vid Moale, cu 100 Pungi 17x20cm, 30 cm bara de lipire, Cutter Incorporat, Sterilizare UV, Panou Control Tactil, Gri"
38,D718XW3BM,detail_image,7,products/38_D718XW3BM_Aparat-de-Vidat-si-Sigilat-Alimente-Excitat-120W-75kpa-6-In-1-Functii-UscatUmedVid-Moale/detail_images/07_8a2b5592.jpg,https://i.postimg.cc/4ZChL7GY/6.jpg,0,0,813518,"Aparat de Vidat si Sigilat Alimente, Excitat®, 120W, 75kpa, 6-In-1, Functii Uscat/Umed/Vid Moale, cu 100 Pungi 17x20cm, 30 cm bara de lipire, Cutter Incorporat, Sterilizare UV, Panou Control Tactil, Gri"
39,D8LFYC3BM,main_gallery,1,products/39_D8LFYC3BM_Cutie-portabila-pentru-bani-Excitat-10-compartimente-cu-2-chei-design-pliabil-cu-clema-c/main_gallery/01_08b51357.jpg,https://s13emagst.akamaized.net/products/104433/104432549/images/res_4fc5535a795b02a39636eab236271a1c.jpg,80,80,362947,"Cutie portabila pentru bani, Excitat®, 10 compartimente, cu 2 chei, design pliabil cu clema, colturi rotunjite, capacitate mare, negru, 300x240x92 mm"
39,D8LFYC3BM,main_gallery,2,products/39_D8LFYC3BM_Cutie-portabila-pentru-bani-Excitat-10-compartimente-cu-2-chei-design-pliabil-cu-clema-c/main_gallery/02_6aeec222.jpg,https://s13emagst.akamaized.net/products/104105/104104518/images/res_921c250b3315e01d03e584bf539cc8ef.jpg,80,80,311843,"Cutie portabila pentru bani, Excitat®, 10 compartimente, cu 2 chei, design pliabil cu clema, colturi rotunjite, capacitate mare, negru, 300x240x92 mm"
39,D8LFYC3BM,main_gallery,3,products/39_D8LFYC3BM_Cutie-portabila-pentru-bani-Excitat-10-compartimente-cu-2-chei-design-pliabil-cu-clema-c/main_gallery/03_3a2df3f3.jpg,https://s13emagst.akamaized.net/products/104105/104104518/images/res_802b18906c4c504b4f2e424c2a9b0928.jpg,80,80,259960,"Cutie portabila pentru bani, Excitat®, 10 compartimente, cu 2 chei, design pliabil cu clema, colturi rotunjite, capacitate mare, negru, 300x240x92 mm"
39,D8LFYC3BM,main_gallery,4,products/39_D8LFYC3BM_Cutie-portabila-pentru-bani-Excitat-10-compartimente-cu-2-chei-design-pliabil-cu-clema-c/main_gallery/04_79f2dc49.jpg,https://s13emagst.akamaized.net/products/104105/104104518/images/res_88e821bae60ddefbc39b481fcd640253.jpg,80,80,151540,"Cutie portabila pentru bani, Excitat®, 10 compartimente, cu 2 chei, design pliabil cu clema, colturi rotunjite, capacitate mare, negru, 300x240x92 mm"
39,D8LFYC3BM,main_gallery,5,products/39_D8LFYC3BM_Cutie-portabila-pentru-bani-Excitat-10-compartimente-cu-2-chei-design-pliabil-cu-clema-c/main_gallery/05_c1f1a2f9.jpg,https://s13emagst.akamaized.net/products/104105/104104518/images/res_dd41db1b22f908f37d27f47671598b21.jpg,80,80,223178,"Cutie portabila pentru bani, Excitat®, 10 compartimente, cu 2 chei, design pliabil cu clema, colturi rotunjite, capacitate mare, negru, 300x240x92 mm"
39,D8LFYC3BM,main_gallery,6,products/39_D8LFYC3BM_Cutie-portabila-pentru-bani-Excitat-10-compartimente-cu-2-chei-design-pliabil-cu-clema-c/main_gallery/06_8c7862b4.jpg,https://s13emagst.akamaized.net/products/104105/104104518/images/res_7f3c08cdac67cb6ef2696664d7d786fc.jpg,80,80,260532,"Cutie portabila pentru bani, Excitat®, 10 compartimente, cu 2 chei, design pliabil cu clema, colturi rotunjite, capacitate mare, negru, 300x240x92 mm"
39,D8LFYC3BM,main_gallery,7,products/39_D8LFYC3BM_Cutie-portabila-pentru-bani-Excitat-10-compartimente-cu-2-chei-design-pliabil-cu-clema-c/main_gallery/07_99ccd0cc.jpg,https://s13emagst.akamaized.net/products/104433/104432549/images/res_f8bf7c54890964d34a1e15d075663a2c.jpg,80,80,468781,"Cutie portabila pentru bani, Excitat®, 10 compartimente, cu 2 chei, design pliabil cu clema, colturi rotunjite, capacitate mare, negru, 300x240x92 mm"
39,D8LFYC3BM,detail_image,1,products/39_D8LFYC3BM_Cutie-portabila-pentru-bani-Excitat-10-compartimente-cu-2-chei-design-pliabil-cu-clema-c/detail_images/01_5f859fb6.jpg,https://i.postimg.cc/nzqWBQFc/E.jpg,1280,546,181164,"Cutie portabila pentru bani, Excitat®, 10 compartimente, cu 2 chei, design pliabil cu clema, colturi rotunjite, capacitate mare, negru, 300x240x92 mm"
39,D8LFYC3BM,detail_image,2,products/39_D8LFYC3BM_Cutie-portabila-pentru-bani-Excitat-10-compartimente-cu-2-chei-design-pliabil-cu-clema-c/detail_images/02_25d46ffe.gif,https://marketplace-static.emag.ro/resources/000/062/418/886/62418886.gif,970,450,671105,"Cutie portabila pentru bani, Excitat®, 10 compartimente, cu 2 chei, design pliabil cu clema, colturi rotunjite, capacitate mare, negru, 300x240x92 mm"
39,D8LFYC3BM,detail_image,3,products/39_D8LFYC3BM_Cutie-portabila-pentru-bani-Excitat-10-compartimente-cu-2-chei-design-pliabil-cu-clema-c/detail_images/03_aaa3b205.jpg,https://i.postimg.cc/2j7cYZ0Q/E1.jpg,1280,525,167082,"Cutie portabila pentru bani, Excitat®, 10 compartimente, cu 2 chei, design pliabil cu clema, colturi rotunjite, capacitate mare, negru, 300x240x92 mm"
39,D8LFYC3BM,detail_image,4,products/39_D8LFYC3BM_Cutie-portabila-pentru-bani-Excitat-10-compartimente-cu-2-chei-design-pliabil-cu-clema-c/detail_images/04_e67226ec.jpg,https://i.postimg.cc/Vk6HDkBm/1.jpg,800,800,165255,"Cutie portabila pentru bani, Excitat®, 10 compartimente, cu 2 chei, design pliabil cu clema, colturi rotunjite, capacitate mare, negru, 300x240x92 mm"
39,D8LFYC3BM,detail_image,5,products/39_D8LFYC3BM_Cutie-portabila-pentru-bani-Excitat-10-compartimente-cu-2-chei-design-pliabil-cu-clema-c/detail_images/05_8a21a9a5.jpg,https://i.postimg.cc/xTjs11ZN/2.jpg,800,800,153289,"Cutie portabila pentru bani, Excitat®, 10 compartimente, cu 2 chei, design pliabil cu clema, colturi rotunjite, capacitate mare, negru, 300x240x92 mm"
39,D8LFYC3BM,detail_image,6,products/39_D8LFYC3BM_Cutie-portabila-pentru-bani-Excitat-10-compartimente-cu-2-chei-design-pliabil-cu-clema-c/detail_images/06_d0149324.jpg,https://i.postimg.cc/656HppPC/3.jpg,800,800,89774,"Cutie portabila pentru bani, Excitat®, 10 compartimente, cu 2 chei, design pliabil cu clema, colturi rotunjite, capacitate mare, negru, 300x240x92 mm"
39,D8LFYC3BM,detail_image,7,products/39_D8LFYC3BM_Cutie-portabila-pentru-bani-Excitat-10-compartimente-cu-2-chei-design-pliabil-cu-clema-c/detail_images/07_3f4232d4.jpg,https://i.postimg.cc/pXV0LLSD/4.jpg,800,800,138611,"Cutie portabila pentru bani, Excitat®, 10 compartimente, cu 2 chei, design pliabil cu clema, colturi rotunjite, capacitate mare, negru, 300x240x92 mm"
39,D8LFYC3BM,detail_image,8,products/39_D8LFYC3BM_Cutie-portabila-pentru-bani-Excitat-10-compartimente-cu-2-chei-design-pliabil-cu-clema-c/detail_images/08_6438ba74.jpg,https://i.postimg.cc/wxQfzmwJ/img-v3-02qd-b8760010-0372-40ef-941b-9beede45a7dg.jpg,300,225,11824,"Cutie portabila pentru bani, Excitat®, 10 compartimente, cu 2 chei, design pliabil cu clema, colturi rotunjite, capacitate mare, negru, 300x240x92 mm"
39,D8LFYC3BM,detail_image,9,products/39_D8LFYC3BM_Cutie-portabila-pentru-bani-Excitat-10-compartimente-cu-2-chei-design-pliabil-cu-clema-c/detail_images/09_84fe563c.jpg,https://i.postimg.cc/tRNSbxBZ/img-v3-02qd-0a0a53f6-99b7-4c1a-bff0-9af824c44a2g.jpg,300,225,11813,"Cutie portabila pentru bani, Excitat®, 10 compartimente, cu 2 chei, design pliabil cu clema, colturi rotunjite, capacitate mare, negru, 300x240x92 mm"
39,D8LFYC3BM,detail_image,10,products/39_D8LFYC3BM_Cutie-portabila-pentru-bani-Excitat-10-compartimente-cu-2-chei-design-pliabil-cu-clema-c/detail_images/10_9c2e0c7b.jpg,https://i.postimg.cc/qBxbr31K/img-v3-02qd-218b2dad-1fac-49bc-88b3-c5ef56c24ccg.jpg,300,225,4624,"Cutie portabila pentru bani, Excitat®, 10 compartimente, cu 2 chei, design pliabil cu clema, colturi rotunjite, capacitate mare, negru, 300x240x92 mm"
39,D8LFYC3BM,detail_image,11,products/39_D8LFYC3BM_Cutie-portabila-pentru-bani-Excitat-10-compartimente-cu-2-chei-design-pliabil-cu-clema-c/detail_images/11_8fa7a6e9.jpg,https://i.postimg.cc/RCLsmHg3/img-v3-02qd-43d704cf-0449-46f3-a30b-a09a74a23feg.jpg,300,225,4169,"Cutie portabila pentru bani, Excitat®, 10 compartimente, cu 2 chei, design pliabil cu clema, colturi rotunjite, capacitate mare, negru, 300x240x92 mm"
39,D8LFYC3BM,detail_image,12,products/39_D8LFYC3BM_Cutie-portabila-pentru-bani-Excitat-10-compartimente-cu-2-chei-design-pliabil-cu-clema-c/detail_images/12_8330509e.jpg,https://i.postimg.cc/c1B9WnFw/5.jpg,800,800,133243,"Cutie portabila pentru bani, Excitat®, 10 compartimente, cu 2 chei, design pliabil cu clema, colturi rotunjite, capacitate mare, negru, 300x240x92 mm"
40,D7NN9S3BM,main_gallery,1,products/40_D7NN9S3BM_Mini-Presa-Imprimare-Termica-Excitat-Portabila-pentru-haine-pantofi-tricouri-si-diverse-/main_gallery/01_5942b02a.jpg,https://s13emagst.akamaized.net/products/102014/102013317/images/res_d419633641d8ed0192eac1ceba76b56c.jpg,80,80,213135,"Mini Presa Imprimare Termica, Excitat®, Portabila, pentru haine, pantofi, tricouri si diverse articole, cu transfer de caldura, Incalzire rapida, 4 niveluri de temperatura, Control precis al temperaturii, Oprire automata, 300W, Cablu 2m, 550g, Alb | Roz"
40,D7NN9S3BM,main_gallery,2,products/40_D7NN9S3BM_Mini-Presa-Imprimare-Termica-Excitat-Portabila-pentru-haine-pantofi-tricouri-si-diverse-/main_gallery/02_4e707c08.jpg,https://s13emagst.akamaized.net/products/102014/102013317/images/res_c162d7f19052ec66ca52525d9da11212.jpg,80,80,375095,"Mini Presa Imprimare Termica, Excitat®, Portabila, pentru haine, pantofi, tricouri si diverse articole, cu transfer de caldura, Incalzire rapida, 4 niveluri de temperatura, Control precis al temperaturii, Oprire automata, 300W, Cablu 2m, 550g, Alb | Roz"
40,D7NN9S3BM,main_gallery,3,products/40_D7NN9S3BM_Mini-Presa-Imprimare-Termica-Excitat-Portabila-pentru-haine-pantofi-tricouri-si-diverse-/main_gallery/03_6cf0c72c.jpg,https://s13emagst.akamaized.net/products/101791/101790389/images/res_e7a0b3c12fffdc547f138bb14b60303b.jpg,80,80,355536,"Mini Presa Imprimare Termica, Excitat®, Portabila, pentru haine, pantofi, tricouri si diverse articole, cu transfer de caldura, Incalzire rapida, 4 niveluri de temperatura, Control precis al temperaturii, Oprire automata, 300W, Cablu 2m, 550g, Alb | Roz"
40,D7NN9S3BM,main_gallery,4,products/40_D7NN9S3BM_Mini-Presa-Imprimare-Termica-Excitat-Portabila-pentru-haine-pantofi-tricouri-si-diverse-/main_gallery/04_3bb9ef76.jpg,https://s13emagst.akamaized.net/products/101791/101790389/images/res_956ea182efc66bbfed39c38b29dc3b2e.jpg,80,80,223473,"Mini Presa Imprimare Termica, Excitat®, Portabila, pentru haine, pantofi, tricouri si diverse articole, cu transfer de caldura, Incalzire rapida, 4 niveluri de temperatura, Control precis al temperaturii, Oprire automata, 300W, Cablu 2m, 550g, Alb | Roz"
40,D7NN9S3BM,main_gallery,5,products/40_D7NN9S3BM_Mini-Presa-Imprimare-Termica-Excitat-Portabila-pentru-haine-pantofi-tricouri-si-diverse-/main_gallery/05_8907d7d7.jpg,https://s13emagst.akamaized.net/products/101791/101790389/images/res_75f293c02dd5d2d562162db07358004e.jpg,80,80,294762,"Mini Presa Imprimare Termica, Excitat®, Portabila, pentru haine, pantofi, tricouri si diverse articole, cu transfer de caldura, Incalzire rapida, 4 niveluri de temperatura, Control precis al temperaturii, Oprire automata, 300W, Cablu 2m, 550g, Alb | Roz"
40,D7NN9S3BM,main_gallery,6,products/40_D7NN9S3BM_Mini-Presa-Imprimare-Termica-Excitat-Portabila-pentru-haine-pantofi-tricouri-si-diverse-/main_gallery/06_edb53a10.jpg,https://s13emagst.akamaized.net/products/101791/101790389/images/res_7e24d50052ae266fb06876955b49331c.jpg,80,80,225271,"Mini Presa Imprimare Termica, Excitat®, Portabila, pentru haine, pantofi, tricouri si diverse articole, cu transfer de caldura, Incalzire rapida, 4 niveluri de temperatura, Control precis al temperaturii, Oprire automata, 300W, Cablu 2m, 550g, Alb | Roz"
40,D7NN9S3BM,main_gallery,7,products/40_D7NN9S3BM_Mini-Presa-Imprimare-Termica-Excitat-Portabila-pentru-haine-pantofi-tricouri-si-diverse-/main_gallery/07_c8461090.jpg,https://s13emagst.akamaized.net/products/101791/101790389/images/res_be9d10fd749b4718b66c203576b01ee1.jpg,80,80,342477,"Mini Presa Imprimare Termica, Excitat®, Portabila, pentru haine, pantofi, tricouri si diverse articole, cu transfer de caldura, Incalzire rapida, 4 niveluri de temperatura, Control precis al temperaturii, Oprire automata, 300W, Cablu 2m, 550g, Alb | Roz"
40,D7NN9S3BM,main_gallery,8,products/40_D7NN9S3BM_Mini-Presa-Imprimare-Termica-Excitat-Portabila-pentru-haine-pantofi-tricouri-si-diverse-/main_gallery/08_30a6f9c0.jpg,https://s13emagst.akamaized.net/products/101791/101790389/images/res_4e2748fad583b183d69379fd36d43151.jpg,80,80,348538,"Mini Presa Imprimare Termica, Excitat®, Portabila, pentru haine, pantofi, tricouri si diverse articole, cu transfer de caldura, Incalzire rapida, 4 niveluri de temperatura, Control precis al temperaturii, Oprire automata, 300W, Cablu 2m, 550g, Alb | Roz"
40,D7NN9S3BM,main_gallery,9,products/40_D7NN9S3BM_Mini-Presa-Imprimare-Termica-Excitat-Portabila-pentru-haine-pantofi-tricouri-si-diverse-/main_gallery/09_226c1691.jpg,https://s13emagst.akamaized.net/products/102014/102013317/images/res_a07f4f850fbaa6ec67aec0399f25efc6.jpg,80,80,129660,"Mini Presa Imprimare Termica, Excitat®, Portabila, pentru haine, pantofi, tricouri si diverse articole, cu transfer de caldura, Incalzire rapida, 4 niveluri de temperatura, Control precis al temperaturii, Oprire automata, 300W, Cablu 2m, 550g, Alb | Roz"
40,D7NN9S3BM,detail_image,1,products/40_D7NN9S3BM_Mini-Presa-Imprimare-Termica-Excitat-Portabila-pentru-haine-pantofi-tricouri-si-diverse-/detail_images/01_e1f737b1.gif,https://marketplace-static.emag.ro/resources/000/057/606/326/57606326.gif,970,400,924694,"Mini Presa Imprimare Termica, Excitat®, Portabila, pentru haine, pantofi, tricouri si diverse articole, cu transfer de caldura, Incalzire rapida, 4 niveluri de temperatura, Control precis al temperaturii, Oprire automata, 300W, Cablu 2m, 550g, Alb | Roz"
40,D7NN9S3BM,detail_image,2,products/40_D7NN9S3BM_Mini-Presa-Imprimare-Termica-Excitat-Portabila-pentru-haine-pantofi-tricouri-si-diverse-/detail_images/02_2d0020ff.jpg,https://i.postimg.cc/x18MZ0LK/detail-0d80f0f6-8ef0-11f0-a945-751e56ff4634.jpg,1280,525,182771,"Mini Presa Imprimare Termica, Excitat®, Portabila, pentru haine, pantofi, tricouri si diverse articole, cu transfer de caldura, Incalzire rapida, 4 niveluri de temperatura, Control precis al temperaturii, Oprire automata, 300W, Cablu 2m, 550g, Alb | Roz"
40,D7NN9S3BM,detail_image,3,products/40_D7NN9S3BM_Mini-Presa-Imprimare-Termica-Excitat-Portabila-pentru-haine-pantofi-tricouri-si-diverse-/detail_images/03_b4ceeadf.jpg,https://i.postimg.cc/44v672J5/detail-0d80f0f1-8ef0-11f0-a945-751e56ff4634.jpg,1280,525,106366,"Mini Presa Imprimare Termica, Excitat®, Portabila, pentru haine, pantofi, tricouri si diverse articole, cu transfer de caldura, Incalzire rapida, 4 niveluri de temperatura, Control precis al temperaturii, Oprire automata, 300W, Cablu 2m, 550g, Alb | Roz"
40,D7NN9S3BM,detail_image,4,products/40_D7NN9S3BM_Mini-Presa-Imprimare-Termica-Excitat-Portabila-pentru-haine-pantofi-tricouri-si-diverse-/detail_images/04_6440cf27.jpg,https://i.postimg.cc/2jdQb9zS/detail-0d80f0f0-8ef0-11f0-a945-751e56ff4634.jpg,1280,525,108712,"Mini Presa Imprimare Termica, Excitat®, Portabila, pentru haine, pantofi, tricouri si diverse articole, cu transfer de caldura, Incalzire rapida, 4 niveluri de temperatura, Control precis al temperaturii, Oprire automata, 300W, Cablu 2m, 550g, Alb | Roz"
40,D7NN9S3BM,detail_image,5,products/40_D7NN9S3BM_Mini-Presa-Imprimare-Termica-Excitat-Portabila-pentru-haine-pantofi-tricouri-si-diverse-/detail_images/05_beaa62cc.jpg,https://i.postimg.cc/659ddV3h/detail-0d80f0f2-8ef0-11f0-a945-751e56ff4634.jpg,1280,525,123794,"Mini Presa Imprimare Termica, Excitat®, Portabila, pentru haine, pantofi, tricouri si diverse articole, cu transfer de caldura, Incalzire rapida, 4 niveluri de temperatura, Control precis al temperaturii, Oprire automata, 300W, Cablu 2m, 550g, Alb | Roz"
40,D7NN9S3BM,detail_image,6,products/40_D7NN9S3BM_Mini-Presa-Imprimare-Termica-Excitat-Portabila-pentru-haine-pantofi-tricouri-si-diverse-/detail_images/06_fe2d4807.jpg,https://i.postimg.cc/1zN69JCQ/detail-47e64e0b-8ef8-11f0-a945-751e56ff4634.jpg,1280,525,98464,"Mini Presa Imprimare Termica, Excitat®, Portabila, pentru haine, pantofi, tricouri si diverse articole, cu transfer de caldura, Incalzire rapida, 4 niveluri de temperatura, Control precis al temperaturii, Oprire automata, 300W, Cablu 2m, 550g, Alb | Roz"
40,D7NN9S3BM,detail_image,7,products/40_D7NN9S3BM_Mini-Presa-Imprimare-Termica-Excitat-Portabila-pentru-haine-pantofi-tricouri-si-diverse-/detail_images/07_1582e54f.jpg,https://i.postimg.cc/fyvmGyHY/detail-0d80f0ee-8ef0-11f0-a945-751e56ff4634.jpg,300,225,49222,"Mini Presa Imprimare Termica, Excitat®, Portabila, pentru haine, pantofi, tricouri si diverse articole, cu transfer de caldura, Incalzire rapida, 4 niveluri de temperatura, Control precis al temperaturii, Oprire automata, 300W, Cablu 2m, 550g, Alb | Roz"
40,D7NN9S3BM,detail_image,8,products/40_D7NN9S3BM_Mini-Presa-Imprimare-Termica-Excitat-Portabila-pentru-haine-pantofi-tricouri-si-diverse-/detail_images/08_d8e12824.jpg,https://i.postimg.cc/gjp3t8HC/detail-0d80f0ec-8ef0-11f0-a945-751e56ff4634.jpg,300,225,39286,"Mini Presa Imprimare Termica, Excitat®, Portabila, pentru haine, pantofi, tricouri si diverse articole, cu transfer de caldura, Incalzire rapida, 4 niveluri de temperatura, Control precis al temperaturii, Oprire automata, 300W, Cablu 2m, 550g, Alb | Roz"
40,D7NN9S3BM,detail_image,9,products/40_D7NN9S3BM_Mini-Presa-Imprimare-Termica-Excitat-Portabila-pentru-haine-pantofi-tricouri-si-diverse-/detail_images/09_6a8f41b3.jpg,https://i.postimg.cc/QCq12C6P/detail-0d80f0ef-8ef0-11f0-a945-751e56ff4634.jpg,300,225,37820,"Mini Presa Imprimare Termica, Excitat®, Portabila, pentru haine, pantofi, tricouri si diverse articole, cu transfer de caldura, Incalzire rapida, 4 niveluri de temperatura, Control precis al temperaturii, Oprire automata, 300W, Cablu 2m, 550g, Alb | Roz"
40,D7NN9S3BM,detail_image,10,products/40_D7NN9S3BM_Mini-Presa-Imprimare-Termica-Excitat-Portabila-pentru-haine-pantofi-tricouri-si-diverse-/detail_images/10_0d1a8554.jpg,https://i.postimg.cc/VvwXZnFJ/detail-0d80f0ed-8ef0-11f0-a945-751e56ff4634.jpg,300,225,44780,"Mini Presa Imprimare Termica, Excitat®, Portabila, pentru haine, pantofi, tricouri si diverse articole, cu transfer de caldura, Incalzire rapida, 4 niveluri de temperatura, Control precis al temperaturii, Oprire automata, 300W, Cablu 2m, 550g, Alb | Roz"
40,D7NN9S3BM,detail_image,11,products/40_D7NN9S3BM_Mini-Presa-Imprimare-Termica-Excitat-Portabila-pentru-haine-pantofi-tricouri-si-diverse-/detail_images/11_c9f46778.jpg,https://i.postimg.cc/yYv0nJ3C/detail-0d80f0f4-8ef0-11f0-a945-751e56ff4634.jpg,1280,525,166717,"Mini Presa Imprimare Termica, Excitat®, Portabila, pentru haine, pantofi, tricouri si diverse articole, cu transfer de caldura, Incalzire rapida, 4 niveluri de temperatura, Control precis al temperaturii, Oprire automata, 300W, Cablu 2m, 550g, Alb | Roz"
40,D7NN9S3BM,detail_image,12,products/40_D7NN9S3BM_Mini-Presa-Imprimare-Termica-Excitat-Portabila-pentru-haine-pantofi-tricouri-si-diverse-/detail_images/12_6b5ac7af.jpg,https://i.postimg.cc/02c7Z6Kw/detail-0d80f0f5-8ef0-11f0-a945-751e56ff4634.jpg,0,0,158106,"Mini Presa Imprimare Termica, Excitat®, Portabila, pentru haine, pantofi, tricouri si diverse articole, cu transfer de caldura, Incalzire rapida, 4 niveluri de temperatura, Control precis al temperaturii, Oprire automata, 300W, Cablu 2m, 550g, Alb | Roz"
40,D7NN9S3BM,detail_image,13,products/40_D7NN9S3BM_Mini-Presa-Imprimare-Termica-Excitat-Portabila-pentru-haine-pantofi-tricouri-si-diverse-/detail_images/13_e6d51a85.jpg,https://i.postimg.cc/pX2DDQT3/detail-0d80f0f3-8ef0-11f0-a945-751e56ff4634.jpg,0,0,144678,"Mini Presa Imprimare Termica, Excitat®, Portabila, pentru haine, pantofi, tricouri si diverse articole, cu transfer de caldura, Incalzire rapida, 4 niveluri de temperatura, Control precis al temperaturii, Oprire automata, 300W, Cablu 2m, 550g, Alb | Roz"
40,D7NN9S3BM,detail_image,14,products/40_D7NN9S3BM_Mini-Presa-Imprimare-Termica-Excitat-Portabila-pentru-haine-pantofi-tricouri-si-diverse-/detail_images/14_e26336c5.jpg,https://i.postimg.cc/GmtGfcvS/detail-0d80f0f7-8ef0-11f0-a945-751e56ff4634.jpg,0,0,209167,"Mini Presa Imprimare Termica, Excitat®, Portabila, pentru haine, pantofi, tricouri si diverse articole, cu transfer de caldura, Incalzire rapida, 4 niveluri de temperatura, Control precis al temperaturii, Oprire automata, 300W, Cablu 2m, 550g, Alb | Roz"
40,D7NN9S3BM,detail_image,15,products/40_D7NN9S3BM_Mini-Presa-Imprimare-Termica-Excitat-Portabila-pentru-haine-pantofi-tricouri-si-diverse-/detail_images/15_4e20ea9f.jpg,https://i.postimg.cc/ZRtN0p2B/detail-47e64e0c-8ef8-11f0-a945-751e56ff4634.jpg,0,0,218075,"Mini Presa Imprimare Termica, Excitat®, Portabila, pentru haine, pantofi, tricouri si diverse articole, cu transfer de caldura, Incalzire rapida, 4 niveluri de temperatura, Control precis al temperaturii, Oprire automata, 300W, Cablu 2m, 550g, Alb | Roz"
40,D7NN9S3BM,detail_image,16,products/40_D7NN9S3BM_Mini-Presa-Imprimare-Termica-Excitat-Portabila-pentru-haine-pantofi-tricouri-si-diverse-/detail_images/16_2c66671d.jpg,https://i.postimg.cc/BnzH9dC7/detail-47e64e0a-8ef8-11f0-a945-751e56ff4634.jpg,0,0,97479,"Mini Presa Imprimare Termica, Excitat®, Portabila, pentru haine, pantofi, tricouri si diverse articole, cu transfer de caldura, Incalzire rapida, 4 niveluri de temperatura, Control precis al temperaturii, Oprire automata, 300W, Cablu 2m, 550g, Alb | Roz"
41,DBCC7C3BM,main_gallery,1,products/41_DBCC7C3BM_Stabilizator-Gimbal-L9-pentru-Smartphone-Excitat-cu-Tija-de-Extensie-Incorporata-17-cm-P/main_gallery/01_966a4c5c.jpg,https://s13emagst.akamaized.net/products/104527/104526668/images/res_63ab618d5f97169b2140f5ced8215f74.jpg,80,80,159637,"Stabilizator Gimbal L9 pentru Smartphone, Excitat®, cu Tija de Extensie Incorporata 17 cm, Pliabil si Portabil, 3 Axe cu Functie Anti-Tremur, Urmarire Automata AI a Fetei si Obiectelor, Suport pentru Fotografiere Ultra-Wide, Compatibil cu Aplicatiile"
41,DBCC7C3BM,main_gallery,2,products/41_DBCC7C3BM_Stabilizator-Gimbal-L9-pentru-Smartphone-Excitat-cu-Tija-de-Extensie-Incorporata-17-cm-P/main_gallery/02_ecae5b0a.jpg,https://s13emagst.akamaized.net/products/104527/104526668/images/res_e019ed30c08d8a4846b707b6251ce292.jpg,80,80,162845,"Stabilizator Gimbal L9 pentru Smartphone, Excitat®, cu Tija de Extensie Incorporata 17 cm, Pliabil si Portabil, 3 Axe cu Functie Anti-Tremur, Urmarire Automata AI a Fetei si Obiectelor, Suport pentru Fotografiere Ultra-Wide, Compatibil cu Aplicatiile"
41,DBCC7C3BM,main_gallery,3,products/41_DBCC7C3BM_Stabilizator-Gimbal-L9-pentru-Smartphone-Excitat-cu-Tija-de-Extensie-Incorporata-17-cm-P/main_gallery/03_a3863154.jpg,https://s13emagst.akamaized.net/products/104527/104526668/images/res_abb36d27aa2cbefde446233e4e8e17f0.jpg,80,80,262894,"Stabilizator Gimbal L9 pentru Smartphone, Excitat®, cu Tija de Extensie Incorporata 17 cm, Pliabil si Portabil, 3 Axe cu Functie Anti-Tremur, Urmarire Automata AI a Fetei si Obiectelor, Suport pentru Fotografiere Ultra-Wide, Compatibil cu Aplicatiile"
41,DBCC7C3BM,main_gallery,4,products/41_DBCC7C3BM_Stabilizator-Gimbal-L9-pentru-Smartphone-Excitat-cu-Tija-de-Extensie-Incorporata-17-cm-P/main_gallery/04_f85889d8.jpg,https://s13emagst.akamaized.net/products/104527/104526668/images/res_46db32921d383a7ad1d66a4ee2bcaad7.jpg,80,80,227390,"Stabilizator Gimbal L9 pentru Smartphone, Excitat®, cu Tija de Extensie Incorporata 17 cm, Pliabil si Portabil, 3 Axe cu Functie Anti-Tremur, Urmarire Automata AI a Fetei si Obiectelor, Suport pentru Fotografiere Ultra-Wide, Compatibil cu Aplicatiile"
41,DBCC7C3BM,main_gallery,5,products/41_DBCC7C3BM_Stabilizator-Gimbal-L9-pentru-Smartphone-Excitat-cu-Tija-de-Extensie-Incorporata-17-cm-P/main_gallery/05_2a847745.jpg,https://s13emagst.akamaized.net/products/104527/104526668/images/res_7e09a3306fe722d0de19ceb3f7795392.jpg,80,80,264375,"Stabilizator Gimbal L9 pentru Smartphone, Excitat®, cu Tija de Extensie Incorporata 17 cm, Pliabil si Portabil, 3 Axe cu Functie Anti-Tremur, Urmarire Automata AI a Fetei si Obiectelor, Suport pentru Fotografiere Ultra-Wide, Compatibil cu Aplicatiile"
41,DBCC7C3BM,main_gallery,6,products/41_DBCC7C3BM_Stabilizator-Gimbal-L9-pentru-Smartphone-Excitat-cu-Tija-de-Extensie-Incorporata-17-cm-P/main_gallery/06_e5abcf76.jpg,https://s13emagst.akamaized.net/products/104527/104526668/images/res_56b05c740d0f2d81ae5bedb6a2cf410b.jpg,80,80,266772,"Stabilizator Gimbal L9 pentru Smartphone, Excitat®, cu Tija de Extensie Incorporata 17 cm, Pliabil si Portabil, 3 Axe cu Functie Anti-Tremur, Urmarire Automata AI a Fetei si Obiectelor, Suport pentru Fotografiere Ultra-Wide, Compatibil cu Aplicatiile"
41,DBCC7C3BM,main_gallery,7,products/41_DBCC7C3BM_Stabilizator-Gimbal-L9-pentru-Smartphone-Excitat-cu-Tija-de-Extensie-Incorporata-17-cm-P/main_gallery/07_c6f86842.jpg,https://s13emagst.akamaized.net/products/104527/104526668/images/res_c6279065b474e9d1948698e0e4e200c1.jpg,80,80,339495,"Stabilizator Gimbal L9 pentru Smartphone, Excitat®, cu Tija de Extensie Incorporata 17 cm, Pliabil si Portabil, 3 Axe cu Functie Anti-Tremur, Urmarire Automata AI a Fetei si Obiectelor, Suport pentru Fotografiere Ultra-Wide, Compatibil cu Aplicatiile"
41,DBCC7C3BM,main_gallery,8,products/41_DBCC7C3BM_Stabilizator-Gimbal-L9-pentru-Smartphone-Excitat-cu-Tija-de-Extensie-Incorporata-17-cm-P/main_gallery/08_01504e42.jpg,https://s13emagst.akamaized.net/products/104527/104526668/images/res_0178b2633622d9a93eaaf73785798fd7.jpg,80,80,335523,"Stabilizator Gimbal L9 pentru Smartphone, Excitat®, cu Tija de Extensie Incorporata 17 cm, Pliabil si Portabil, 3 Axe cu Functie Anti-Tremur, Urmarire Automata AI a Fetei si Obiectelor, Suport pentru Fotografiere Ultra-Wide, Compatibil cu Aplicatiile"
41,DBCC7C3BM,main_gallery,9,products/41_DBCC7C3BM_Stabilizator-Gimbal-L9-pentru-Smartphone-Excitat-cu-Tija-de-Extensie-Incorporata-17-cm-P/main_gallery/09_33589b42.jpg,https://s13emagst.akamaized.net/products/104527/104526668/images/res_00e8f538fac42b8f35a2242a6b766d1d.jpg,80,80,344012,"Stabilizator Gimbal L9 pentru Smartphone, Excitat®, cu Tija de Extensie Incorporata 17 cm, Pliabil si Portabil, 3 Axe cu Functie Anti-Tremur, Urmarire Automata AI a Fetei si Obiectelor, Suport pentru Fotografiere Ultra-Wide, Compatibil cu Aplicatiile"
41,DBCC7C3BM,main_gallery,10,products/41_DBCC7C3BM_Stabilizator-Gimbal-L9-pentru-Smartphone-Excitat-cu-Tija-de-Extensie-Incorporata-17-cm-P/main_gallery/10_28844e10.jpg,https://s13emagst.akamaized.net/products/104527/104526668/images/res_a32b3918219ebf4caaa2307a2f72aa5b.jpg,80,80,256665,"Stabilizator Gimbal L9 pentru Smartphone, Excitat®, cu Tija de Extensie Incorporata 17 cm, Pliabil si Portabil, 3 Axe cu Functie Anti-Tremur, Urmarire Automata AI a Fetei si Obiectelor, Suport pentru Fotografiere Ultra-Wide, Compatibil cu Aplicatiile"
41,DBCC7C3BM,main_gallery,11,products/41_DBCC7C3BM_Stabilizator-Gimbal-L9-pentru-Smartphone-Excitat-cu-Tija-de-Extensie-Incorporata-17-cm-P/main_gallery/11_7022269e.jpg,https://s13emagst.akamaized.net/products/104527/104526668/images/res_6bc9ecacead992a35dfe8cc46fe08989.jpg,80,80,273245,"Stabilizator Gimbal L9 pentru Smartphone, Excitat®, cu Tija de Extensie Incorporata 17 cm, Pliabil si Portabil, 3 Axe cu Functie Anti-Tremur, Urmarire Automata AI a Fetei si Obiectelor, Suport pentru Fotografiere Ultra-Wide, Compatibil cu Aplicatiile"
41,DBCC7C3BM,main_gallery,12,products/41_DBCC7C3BM_Stabilizator-Gimbal-L9-pentru-Smartphone-Excitat-cu-Tija-de-Extensie-Incorporata-17-cm-P/main_gallery/12_020ca409.jpg,https://s13emagst.akamaized.net/products/104527/104526668/images/res_c85b3e0554685187a267d2c0e68eedae.jpg,80,80,180337,"Stabilizator Gimbal L9 pentru Smartphone, Excitat®, cu Tija de Extensie Incorporata 17 cm, Pliabil si Portabil, 3 Axe cu Functie Anti-Tremur, Urmarire Automata AI a Fetei si Obiectelor, Suport pentru Fotografiere Ultra-Wide, Compatibil cu Aplicatiile"
41,DBCC7C3BM,detail_image,1,products/41_DBCC7C3BM_Stabilizator-Gimbal-L9-pentru-Smartphone-Excitat-cu-Tija-de-Extensie-Incorporata-17-cm-P/detail_images/01_aea2baf4.gif,https://i.postimg.cc/xCtfZ61p/gif-1-1.gif,1138,474,17167217,"Stabilizator Gimbal L9 pentru Smartphone, Excitat®, cu Tija de Extensie Incorporata 17 cm, Pliabil si Portabil, 3 Axe cu Functie Anti-Tremur, Urmarire Automata AI a Fetei si Obiectelor, Suport pentru Fotografiere Ultra-Wide, Compatibil cu Aplicatiile"
41,DBCC7C3BM,detail_image,2,products/41_DBCC7C3BM_Stabilizator-Gimbal-L9-pentru-Smartphone-Excitat-cu-Tija-de-Extensie-Incorporata-17-cm-P/detail_images/02_4663abb6.jpg,https://i.postimg.cc/SK2g9LsM/detail-7beee4ef-9ed3-11f0-aad8-23a3b6d8f861.jpg,1280,656,267142,"Stabilizator Gimbal L9 pentru Smartphone, Excitat®, cu Tija de Extensie Incorporata 17 cm, Pliabil si Portabil, 3 Axe cu Functie Anti-Tremur, Urmarire Automata AI a Fetei si Obiectelor, Suport pentru Fotografiere Ultra-Wide, Compatibil cu Aplicatiile"
41,DBCC7C3BM,detail_image,3,products/41_DBCC7C3BM_Stabilizator-Gimbal-L9-pentru-Smartphone-Excitat-cu-Tija-de-Extensie-Incorporata-17-cm-P/detail_images/03_283a6e8f.jpg,https://i.postimg.cc/xdc4RDsJ/detail-611bb070-9ed3-11f0-aad8-23a3b6d8f861.jpg,0,0,160353,"Stabilizator Gimbal L9 pentru Smartphone, Excitat®, cu Tija de Extensie Incorporata 17 cm, Pliabil si Portabil, 3 Axe cu Functie Anti-Tremur, Urmarire Automata AI a Fetei si Obiectelor, Suport pentru Fotografiere Ultra-Wide, Compatibil cu Aplicatiile"
41,DBCC7C3BM,detail_image,4,products/41_DBCC7C3BM_Stabilizator-Gimbal-L9-pentru-Smartphone-Excitat-cu-Tija-de-Extensie-Incorporata-17-cm-P/detail_images/04_46204b28.jpg,https://i.postimg.cc/zX72YX6T/detail-7beee4ed-9ed3-11f0-aad8-23a3b6d8f861.jpg,0,0,126902,"Stabilizator Gimbal L9 pentru Smartphone, Excitat®, cu Tija de Extensie Incorporata 17 cm, Pliabil si Portabil, 3 Axe cu Functie Anti-Tremur, Urmarire Automata AI a Fetei si Obiectelor, Suport pentru Fotografiere Ultra-Wide, Compatibil cu Aplicatiile"
41,DBCC7C3BM,detail_image,5,products/41_DBCC7C3BM_Stabilizator-Gimbal-L9-pentru-Smartphone-Excitat-cu-Tija-de-Extensie-Incorporata-17-cm-P/detail_images/05_b556f507.jpg,https://i.postimg.cc/3xwS8QQ6/detail-7beee4ee-9ed3-11f0-aad8-23a3b6d8f861.jpg,0,0,213055,"Stabilizator Gimbal L9 pentru Smartphone, Excitat®, cu Tija de Extensie Incorporata 17 cm, Pliabil si Portabil, 3 Axe cu Functie Anti-Tremur, Urmarire Automata AI a Fetei si Obiectelor, Suport pentru Fotografiere Ultra-Wide, Compatibil cu Aplicatiile"
41,DBCC7C3BM,detail_image,6,products/41_DBCC7C3BM_Stabilizator-Gimbal-L9-pentru-Smartphone-Excitat-cu-Tija-de-Extensie-Incorporata-17-cm-P/detail_images/06_b9faf268.jpg,https://i.postimg.cc/RV4pYnsS/detail-7beee4ec-9ed3-11f0-aad8-23a3b6d8f861.jpg,0,0,162101,"Stabilizator Gimbal L9 pentru Smartphone, Excitat®, cu Tija de Extensie Incorporata 17 cm, Pliabil si Portabil, 3 Axe cu Functie Anti-Tremur, Urmarire Automata AI a Fetei si Obiectelor, Suport pentru Fotografiere Ultra-Wide, Compatibil cu Aplicatiile"
41,DBCC7C3BM,detail_image,7,products/41_DBCC7C3BM_Stabilizator-Gimbal-L9-pentru-Smartphone-Excitat-cu-Tija-de-Extensie-Incorporata-17-cm-P/detail_images/07_815b948f.jpg,https://i.postimg.cc/3wVbfS6k/detail-611bb071-9ed3-11f0-aad8-23a3b6d8f861.jpg,0,0,137127,"Stabilizator Gimbal L9 pentru Smartphone, Excitat®, cu Tija de Extensie Incorporata 17 cm, Pliabil si Portabil, 3 Axe cu Functie Anti-Tremur, Urmarire Automata AI a Fetei si Obiectelor, Suport pentru Fotografiere Ultra-Wide, Compatibil cu Aplicatiile"
41,DBCC7C3BM,detail_image,8,products/41_DBCC7C3BM_Stabilizator-Gimbal-L9-pentru-Smartphone-Excitat-cu-Tija-de-Extensie-Incorporata-17-cm-P/detail_images/08_134c8504.jpg,https://i.postimg.cc/43qF2LMM/detail-611bb072-9ed3-11f0-aad8-23a3b6d8f861.jpg,0,0,190125,"Stabilizator Gimbal L9 pentru Smartphone, Excitat®, cu Tija de Extensie Incorporata 17 cm, Pliabil si Portabil, 3 Axe cu Functie Anti-Tremur, Urmarire Automata AI a Fetei si Obiectelor, Suport pentru Fotografiere Ultra-Wide, Compatibil cu Aplicatiile"
41,DBCC7C3BM,detail_image,9,products/41_DBCC7C3BM_Stabilizator-Gimbal-L9-pentru-Smartphone-Excitat-cu-Tija-de-Extensie-Incorporata-17-cm-P/detail_images/09_2d086fe6.jpg,https://i.postimg.cc/1RpYMKKW/detail-611bb076-9ed3-11f0-aad8-23a3b6d8f861.jpg,0,0,197559,"Stabilizator Gimbal L9 pentru Smartphone, Excitat®, cu Tija de Extensie Incorporata 17 cm, Pliabil si Portabil, 3 Axe cu Functie Anti-Tremur, Urmarire Automata AI a Fetei si Obiectelor, Suport pentru Fotografiere Ultra-Wide, Compatibil cu Aplicatiile"
41,DBCC7C3BM,detail_image,10,products/41_DBCC7C3BM_Stabilizator-Gimbal-L9-pentru-Smartphone-Excitat-cu-Tija-de-Extensie-Incorporata-17-cm-P/detail_images/10_b07fe106.jpg,https://i.postimg.cc/jqzkvhhC/detail-611bb075-9ed3-11f0-aad8-23a3b6d8f861.jpg,0,0,194218,"Stabilizator Gimbal L9 pentru Smartphone, Excitat®, cu Tija de Extensie Incorporata 17 cm, Pliabil si Portabil, 3 Axe cu Functie Anti-Tremur, Urmarire Automata AI a Fetei si Obiectelor, Suport pentru Fotografiere Ultra-Wide, Compatibil cu Aplicatiile"
41,DBCC7C3BM,detail_image,11,products/41_DBCC7C3BM_Stabilizator-Gimbal-L9-pentru-Smartphone-Excitat-cu-Tija-de-Extensie-Incorporata-17-cm-P/detail_images/11_f0cedc4b.jpg,https://i.postimg.cc/brjVpGq8/detail-611bb073-9ed3-11f0-aad8-23a3b6d8f861.jpg,0,0,194800,"Stabilizator Gimbal L9 pentru Smartphone, Excitat®, cu Tija de Extensie Incorporata 17 cm, Pliabil si Portabil, 3 Axe cu Functie Anti-Tremur, Urmarire Automata AI a Fetei si Obiectelor, Suport pentru Fotografiere Ultra-Wide, Compatibil cu Aplicatiile"
41,DBCC7C3BM,detail_image,12,products/41_DBCC7C3BM_Stabilizator-Gimbal-L9-pentru-Smartphone-Excitat-cu-Tija-de-Extensie-Incorporata-17-cm-P/detail_images/12_373d05f2.jpg,https://i.postimg.cc/tJtSTXgP/detail-611bb074-9ed3-11f0-aad8-23a3b6d8f861.jpg,0,0,202671,"Stabilizator Gimbal L9 pentru Smartphone, Excitat®, cu Tija de Extensie Incorporata 17 cm, Pliabil si Portabil, 3 Axe cu Functie Anti-Tremur, Urmarire Automata AI a Fetei si Obiectelor, Suport pentru Fotografiere Ultra-Wide, Compatibil cu Aplicatiile"
41,DBCC7C3BM,detail_image,13,products/41_DBCC7C3BM_Stabilizator-Gimbal-L9-pentru-Smartphone-Excitat-cu-Tija-de-Extensie-Incorporata-17-cm-P/detail_images/13_6fd4fdec.jpg,https://i.postimg.cc/vmcNzFPw/detail-611bb06f-9ed3-11f0-aad8-23a3b6d8f861.jpg,0,0,155499,"Stabilizator Gimbal L9 pentru Smartphone, Excitat®, cu Tija de Extensie Incorporata 17 cm, Pliabil si Portabil, 3 Axe cu Functie Anti-Tremur, Urmarire Automata AI a Fetei si Obiectelor, Suport pentru Fotografiere Ultra-Wide, Compatibil cu Aplicatiile"
41,DBCC7C3BM,detail_image,14,products/41_DBCC7C3BM_Stabilizator-Gimbal-L9-pentru-Smartphone-Excitat-cu-Tija-de-Extensie-Incorporata-17-cm-P/detail_images/14_02b80926.jpg,https://i.postimg.cc/W19ygbw8/detail-611bb06e-9ed3-11f0-aad8-23a3b6d8f861.jpg,0,0,162517,"Stabilizator Gimbal L9 pentru Smartphone, Excitat®, cu Tija de Extensie Incorporata 17 cm, Pliabil si Portabil, 3 Axe cu Functie Anti-Tremur, Urmarire Automata AI a Fetei si Obiectelor, Suport pentru Fotografiere Ultra-Wide, Compatibil cu Aplicatiile"
